
===========================================================================
report_checks -path_delay min (Hold)
============================================================================
======================= nom_tt_025C_1v80 Corner ===================================

Startpoint: _3671_ (rising edge-triggered flip-flop clocked by clk)
Endpoint: _3670_ (rising edge-triggered flip-flop clocked by clk)
Path Group: clk
Path Type: min

Fanout         Cap        Slew       Delay        Time   Description
---------------------------------------------------------------------------------------------
                      0.000000    0.000000    0.000000   clock clk (rise edge)
                                  0.000000    0.000000   clock network delay (ideal)
                      0.000000    0.000000    0.000000 ^ _3671_/CLK (sky130_fd_sc_hd__dfrtp_2)
     4    0.012414    0.081240    0.358114    0.358114 ^ _3671_/Q (sky130_fd_sc_hd__dfrtp_2)
                                                         mul_unit.reg2en.q[0] (net)
                      0.081240    0.000000    0.358114 ^ _3670_/D (sky130_fd_sc_hd__dfrtp_2)
                                              0.358114   data arrival time

                      0.000000    0.000000    0.000000   clock clk (rise edge)
                                  0.000000    0.000000   clock network delay (ideal)
                                  0.000000    0.000000   clock reconvergence pessimism
                                              0.000000 ^ _3670_/CLK (sky130_fd_sc_hd__dfrtp_2)
                                 -0.048373   -0.048373   library hold time
                                             -0.048373   data required time
---------------------------------------------------------------------------------------------
                                             -0.048373   data required time
                                             -0.358114   data arrival time
---------------------------------------------------------------------------------------------
                                              0.406488   slack (MET)


Startpoint: _3669_ (rising edge-triggered flip-flop clocked by clk)
Endpoint: _3668_ (rising edge-triggered flip-flop clocked by clk)
Path Group: clk
Path Type: min

Fanout         Cap        Slew       Delay        Time   Description
---------------------------------------------------------------------------------------------
                      0.000000    0.000000    0.000000   clock clk (rise edge)
                                  0.000000    0.000000   clock network delay (ideal)
                      0.000000    0.000000    0.000000 ^ _3669_/CLK (sky130_fd_sc_hd__dfrtp_2)
     6    0.016399    0.098417    0.372040    0.372040 ^ _3669_/Q (sky130_fd_sc_hd__dfrtp_2)
                                                         state[2] (net)
                      0.098417    0.000000    0.372040 ^ _1962_/A (sky130_fd_sc_hd__nor2_2)
     1    0.001949    0.014949    0.044185    0.416224 v _1962_/Y (sky130_fd_sc_hd__nor2_2)
                                                         _1830_ (net)
                      0.014949    0.000000    0.416224 v _3668_/D (sky130_fd_sc_hd__dfrtp_2)
                                              0.416224   data arrival time

                      0.000000    0.000000    0.000000   clock clk (rise edge)
                                  0.000000    0.000000   clock network delay (ideal)
                                  0.000000    0.000000   clock reconvergence pessimism
                                              0.000000 ^ _3668_/CLK (sky130_fd_sc_hd__dfrtp_2)
                                 -0.040137   -0.040137   library hold time
                                             -0.040137   data required time
---------------------------------------------------------------------------------------------
                                             -0.040137   data required time
                                             -0.416224   data arrival time
---------------------------------------------------------------------------------------------
                                              0.456361   slack (MET)


Startpoint: _3765_ (rising edge-triggered flip-flop clocked by clk)
Endpoint: _3765_ (rising edge-triggered flip-flop clocked by clk)
Path Group: clk
Path Type: min

Fanout         Cap        Slew       Delay        Time   Description
---------------------------------------------------------------------------------------------
                      0.000000    0.000000    0.000000   clock clk (rise edge)
                                  0.000000    0.000000   clock network delay (ideal)
                      0.000000    0.000000    0.000000 ^ _3765_/CLK (sky130_fd_sc_hd__dfrtp_2)
     2    0.004214    0.046141    0.322623    0.322623 ^ _3765_/Q (sky130_fd_sc_hd__dfrtp_2)
                                                         add_out[0] (net)
                      0.046141    0.000000    0.322623 ^ _3222_/B1 (sky130_fd_sc_hd__a32o_2)
     1    0.002005    0.037178    0.103331    0.425953 ^ _3222_/X (sky130_fd_sc_hd__a32o_2)
                                                         _0301_ (net)
                      0.037178    0.000000    0.425953 ^ _3765_/D (sky130_fd_sc_hd__dfrtp_2)
                                              0.425953   data arrival time

                      0.000000    0.000000    0.000000   clock clk (rise edge)
                                  0.000000    0.000000   clock network delay (ideal)
                                  0.000000    0.000000   clock reconvergence pessimism
                                              0.000000 ^ _3765_/CLK (sky130_fd_sc_hd__dfrtp_2)
                                 -0.039197   -0.039197   library hold time
                                             -0.039197   data required time
---------------------------------------------------------------------------------------------
                                             -0.039197   data required time
                                             -0.425953   data arrival time
---------------------------------------------------------------------------------------------
                                              0.465151   slack (MET)


Startpoint: _3773_ (rising edge-triggered flip-flop clocked by clk)
Endpoint: _3773_ (rising edge-triggered flip-flop clocked by clk)
Path Group: clk
Path Type: min

Fanout         Cap        Slew       Delay        Time   Description
---------------------------------------------------------------------------------------------
                      0.000000    0.000000    0.000000   clock clk (rise edge)
                                  0.000000    0.000000   clock network delay (ideal)
                      0.000000    0.000000    0.000000 ^ _3773_/CLK (sky130_fd_sc_hd__dfrtp_2)
     2    0.004214    0.046141    0.322623    0.322623 ^ _3773_/Q (sky130_fd_sc_hd__dfrtp_2)
                                                         add_out[8] (net)
                      0.046141    0.000000    0.322623 ^ _3173_/B1 (sky130_fd_sc_hd__a32o_2)
     1    0.002005    0.037178    0.103331    0.425953 ^ _3173_/X (sky130_fd_sc_hd__a32o_2)
                                                         _0309_ (net)
                      0.037178    0.000000    0.425953 ^ _3773_/D (sky130_fd_sc_hd__dfrtp_2)
                                              0.425953   data arrival time

                      0.000000    0.000000    0.000000   clock clk (rise edge)
                                  0.000000    0.000000   clock network delay (ideal)
                                  0.000000    0.000000   clock reconvergence pessimism
                                              0.000000 ^ _3773_/CLK (sky130_fd_sc_hd__dfrtp_2)
                                 -0.039197   -0.039197   library hold time
                                             -0.039197   data required time
---------------------------------------------------------------------------------------------
                                             -0.039197   data required time
                                             -0.425953   data arrival time
---------------------------------------------------------------------------------------------
                                              0.465151   slack (MET)


Startpoint: _3774_ (rising edge-triggered flip-flop clocked by clk)
Endpoint: _3774_ (rising edge-triggered flip-flop clocked by clk)
Path Group: clk
Path Type: min

Fanout         Cap        Slew       Delay        Time   Description
---------------------------------------------------------------------------------------------
                      0.000000    0.000000    0.000000   clock clk (rise edge)
                                  0.000000    0.000000   clock network delay (ideal)
                      0.000000    0.000000    0.000000 ^ _3774_/CLK (sky130_fd_sc_hd__dfrtp_2)
     2    0.004214    0.046141    0.322623    0.322623 ^ _3774_/Q (sky130_fd_sc_hd__dfrtp_2)
                                                         add_out[9] (net)
                      0.046141    0.000000    0.322623 ^ _3165_/B1 (sky130_fd_sc_hd__a32o_2)
     1    0.002005    0.037178    0.103331    0.425953 ^ _3165_/X (sky130_fd_sc_hd__a32o_2)
                                                         _0310_ (net)
                      0.037178    0.000000    0.425953 ^ _3774_/D (sky130_fd_sc_hd__dfrtp_2)
                                              0.425953   data arrival time

                      0.000000    0.000000    0.000000   clock clk (rise edge)
                                  0.000000    0.000000   clock network delay (ideal)
                                  0.000000    0.000000   clock reconvergence pessimism
                                              0.000000 ^ _3774_/CLK (sky130_fd_sc_hd__dfrtp_2)
                                 -0.039197   -0.039197   library hold time
                                             -0.039197   data required time
---------------------------------------------------------------------------------------------
                                             -0.039197   data required time
                                             -0.425953   data arrival time
---------------------------------------------------------------------------------------------
                                              0.465151   slack (MET)


Startpoint: _3776_ (rising edge-triggered flip-flop clocked by clk)
Endpoint: _3776_ (rising edge-triggered flip-flop clocked by clk)
Path Group: clk
Path Type: min

Fanout         Cap        Slew       Delay        Time   Description
---------------------------------------------------------------------------------------------
                      0.000000    0.000000    0.000000   clock clk (rise edge)
                                  0.000000    0.000000   clock network delay (ideal)
                      0.000000    0.000000    0.000000 ^ _3776_/CLK (sky130_fd_sc_hd__dfrtp_2)
     2    0.004214    0.046141    0.322623    0.322623 ^ _3776_/Q (sky130_fd_sc_hd__dfrtp_2)
                                                         add_out[11] (net)
                      0.046141    0.000000    0.322623 ^ _3143_/B1 (sky130_fd_sc_hd__a32o_2)
     1    0.002005    0.037178    0.103331    0.425953 ^ _3143_/X (sky130_fd_sc_hd__a32o_2)
                                                         _0312_ (net)
                      0.037178    0.000000    0.425953 ^ _3776_/D (sky130_fd_sc_hd__dfrtp_2)
                                              0.425953   data arrival time

                      0.000000    0.000000    0.000000   clock clk (rise edge)
                                  0.000000    0.000000   clock network delay (ideal)
                                  0.000000    0.000000   clock reconvergence pessimism
                                              0.000000 ^ _3776_/CLK (sky130_fd_sc_hd__dfrtp_2)
                                 -0.039197   -0.039197   library hold time
                                             -0.039197   data required time
---------------------------------------------------------------------------------------------
                                             -0.039197   data required time
                                             -0.425953   data arrival time
---------------------------------------------------------------------------------------------
                                              0.465151   slack (MET)


Startpoint: _3777_ (rising edge-triggered flip-flop clocked by clk)
Endpoint: _3777_ (rising edge-triggered flip-flop clocked by clk)
Path Group: clk
Path Type: min

Fanout         Cap        Slew       Delay        Time   Description
---------------------------------------------------------------------------------------------
                      0.000000    0.000000    0.000000   clock clk (rise edge)
                                  0.000000    0.000000   clock network delay (ideal)
                      0.000000    0.000000    0.000000 ^ _3777_/CLK (sky130_fd_sc_hd__dfrtp_2)
     2    0.004214    0.046141    0.322623    0.322623 ^ _3777_/Q (sky130_fd_sc_hd__dfrtp_2)
                                                         add_out[12] (net)
                      0.046141    0.000000    0.322623 ^ _3131_/B1 (sky130_fd_sc_hd__a32o_2)
     1    0.002005    0.037178    0.103331    0.425953 ^ _3131_/X (sky130_fd_sc_hd__a32o_2)
                                                         _0313_ (net)
                      0.037178    0.000000    0.425953 ^ _3777_/D (sky130_fd_sc_hd__dfrtp_2)
                                              0.425953   data arrival time

                      0.000000    0.000000    0.000000   clock clk (rise edge)
                                  0.000000    0.000000   clock network delay (ideal)
                                  0.000000    0.000000   clock reconvergence pessimism
                                              0.000000 ^ _3777_/CLK (sky130_fd_sc_hd__dfrtp_2)
                                 -0.039197   -0.039197   library hold time
                                             -0.039197   data required time
---------------------------------------------------------------------------------------------
                                             -0.039197   data required time
                                             -0.425953   data arrival time
---------------------------------------------------------------------------------------------
                                              0.465151   slack (MET)


Startpoint: _3778_ (rising edge-triggered flip-flop clocked by clk)
Endpoint: _3778_ (rising edge-triggered flip-flop clocked by clk)
Path Group: clk
Path Type: min

Fanout         Cap        Slew       Delay        Time   Description
---------------------------------------------------------------------------------------------
                      0.000000    0.000000    0.000000   clock clk (rise edge)
                                  0.000000    0.000000   clock network delay (ideal)
                      0.000000    0.000000    0.000000 ^ _3778_/CLK (sky130_fd_sc_hd__dfrtp_2)
     2    0.004214    0.046141    0.322623    0.322623 ^ _3778_/Q (sky130_fd_sc_hd__dfrtp_2)
                                                         add_out[13] (net)
                      0.046141    0.000000    0.322623 ^ _3117_/B1 (sky130_fd_sc_hd__a32o_2)
     1    0.002005    0.037178    0.103331    0.425953 ^ _3117_/X (sky130_fd_sc_hd__a32o_2)
                                                         _0314_ (net)
                      0.037178    0.000000    0.425953 ^ _3778_/D (sky130_fd_sc_hd__dfrtp_2)
                                              0.425953   data arrival time

                      0.000000    0.000000    0.000000   clock clk (rise edge)
                                  0.000000    0.000000   clock network delay (ideal)
                                  0.000000    0.000000   clock reconvergence pessimism
                                              0.000000 ^ _3778_/CLK (sky130_fd_sc_hd__dfrtp_2)
                                 -0.039197   -0.039197   library hold time
                                             -0.039197   data required time
---------------------------------------------------------------------------------------------
                                             -0.039197   data required time
                                             -0.425953   data arrival time
---------------------------------------------------------------------------------------------
                                              0.465151   slack (MET)


Startpoint: _3779_ (rising edge-triggered flip-flop clocked by clk)
Endpoint: _3779_ (rising edge-triggered flip-flop clocked by clk)
Path Group: clk
Path Type: min

Fanout         Cap        Slew       Delay        Time   Description
---------------------------------------------------------------------------------------------
                      0.000000    0.000000    0.000000   clock clk (rise edge)
                                  0.000000    0.000000   clock network delay (ideal)
                      0.000000    0.000000    0.000000 ^ _3779_/CLK (sky130_fd_sc_hd__dfrtp_2)
     2    0.004214    0.046141    0.322623    0.322623 ^ _3779_/Q (sky130_fd_sc_hd__dfrtp_2)
                                                         add_out[14] (net)
                      0.046141    0.000000    0.322623 ^ _3107_/B1 (sky130_fd_sc_hd__a32o_2)
     1    0.002005    0.037178    0.103331    0.425953 ^ _3107_/X (sky130_fd_sc_hd__a32o_2)
                                                         _0315_ (net)
                      0.037178    0.000000    0.425953 ^ _3779_/D (sky130_fd_sc_hd__dfrtp_2)
                                              0.425953   data arrival time

                      0.000000    0.000000    0.000000   clock clk (rise edge)
                                  0.000000    0.000000   clock network delay (ideal)
                                  0.000000    0.000000   clock reconvergence pessimism
                                              0.000000 ^ _3779_/CLK (sky130_fd_sc_hd__dfrtp_2)
                                 -0.039197   -0.039197   library hold time
                                             -0.039197   data required time
---------------------------------------------------------------------------------------------
                                             -0.039197   data required time
                                             -0.425953   data arrival time
---------------------------------------------------------------------------------------------
                                              0.465151   slack (MET)


Startpoint: _3865_ (rising edge-triggered flip-flop clocked by clk)
Endpoint: _3865_ (rising edge-triggered flip-flop clocked by clk)
Path Group: clk
Path Type: min

Fanout         Cap        Slew       Delay        Time   Description
---------------------------------------------------------------------------------------------
                      0.000000    0.000000    0.000000   clock clk (rise edge)
                                  0.000000    0.000000   clock network delay (ideal)
                      0.000000    0.000000    0.000000 ^ _3865_/CLK (sky130_fd_sc_hd__dfrtp_2)
     2    0.004214    0.046141    0.322623    0.322623 ^ _3865_/Q (sky130_fd_sc_hd__dfrtp_2)
                                                         addsub_unit.x2[1] (net)
                      0.046141    0.000000    0.322623 ^ _2292_/B1 (sky130_fd_sc_hd__a32o_2)
     1    0.002005    0.037178    0.103331    0.425953 ^ _2292_/X (sky130_fd_sc_hd__a32o_2)
                                                         _0401_ (net)
                      0.037178    0.000000    0.425953 ^ _3865_/D (sky130_fd_sc_hd__dfrtp_2)
                                              0.425953   data arrival time

                      0.000000    0.000000    0.000000   clock clk (rise edge)
                                  0.000000    0.000000   clock network delay (ideal)
                                  0.000000    0.000000   clock reconvergence pessimism
                                              0.000000 ^ _3865_/CLK (sky130_fd_sc_hd__dfrtp_2)
                                 -0.039197   -0.039197   library hold time
                                             -0.039197   data required time
---------------------------------------------------------------------------------------------
                                             -0.039197   data required time
                                             -0.425953   data arrival time
---------------------------------------------------------------------------------------------
                                              0.465151   slack (MET)


Startpoint: _3869_ (rising edge-triggered flip-flop clocked by clk)
Endpoint: _3869_ (rising edge-triggered flip-flop clocked by clk)
Path Group: clk
Path Type: min

Fanout         Cap        Slew       Delay        Time   Description
---------------------------------------------------------------------------------------------
                      0.000000    0.000000    0.000000   clock clk (rise edge)
                                  0.000000    0.000000   clock network delay (ideal)
                      0.000000    0.000000    0.000000 ^ _3869_/CLK (sky130_fd_sc_hd__dfrtp_2)
     2    0.004214    0.046141    0.322623    0.322623 ^ _3869_/Q (sky130_fd_sc_hd__dfrtp_2)
                                                         addsub_unit.x2[5] (net)
                      0.046141    0.000000    0.322623 ^ _2270_/B1 (sky130_fd_sc_hd__a32o_2)
     1    0.002005    0.037178    0.103331    0.425953 ^ _2270_/X (sky130_fd_sc_hd__a32o_2)
                                                         _0405_ (net)
                      0.037178    0.000000    0.425953 ^ _3869_/D (sky130_fd_sc_hd__dfrtp_2)
                                              0.425953   data arrival time

                      0.000000    0.000000    0.000000   clock clk (rise edge)
                                  0.000000    0.000000   clock network delay (ideal)
                                  0.000000    0.000000   clock reconvergence pessimism
                                              0.000000 ^ _3869_/CLK (sky130_fd_sc_hd__dfrtp_2)
                                 -0.039197   -0.039197   library hold time
                                             -0.039197   data required time
---------------------------------------------------------------------------------------------
                                             -0.039197   data required time
                                             -0.425953   data arrival time
---------------------------------------------------------------------------------------------
                                              0.465151   slack (MET)


Startpoint: _3731_ (rising edge-triggered flip-flop clocked by clk)
Endpoint: _3780_ (rising edge-triggered flip-flop clocked by clk)
Path Group: clk
Path Type: min

Fanout         Cap        Slew       Delay        Time   Description
---------------------------------------------------------------------------------------------
                      0.000000    0.000000    0.000000   clock clk (rise edge)
                                  0.000000    0.000000   clock network delay (ideal)
                      0.000000    0.000000    0.000000 ^ _3731_/CLK (sky130_fd_sc_hd__dfrtp_2)
     2    0.004471    0.047300    0.323896    0.323896 ^ _3731_/Q (sky130_fd_sc_hd__dfrtp_2)
                                                         addsub_unit.seg_reg1.q[20] (net)
                      0.047300    0.000000    0.323896 ^ _3042_/B1 (sky130_fd_sc_hd__a22o_2)
     1    0.002005    0.029998    0.111264    0.435160 ^ _3042_/X (sky130_fd_sc_hd__a22o_2)
                                                         _0316_ (net)
                      0.029998    0.000000    0.435160 ^ _3780_/D (sky130_fd_sc_hd__dfrtp_2)
                                              0.435160   data arrival time

                      0.000000    0.000000    0.000000   clock clk (rise edge)
                                  0.000000    0.000000   clock network delay (ideal)
                                  0.000000    0.000000   clock reconvergence pessimism
                                              0.000000 ^ _3780_/CLK (sky130_fd_sc_hd__dfrtp_2)
                                 -0.037702   -0.037702   library hold time
                                             -0.037702   data required time
---------------------------------------------------------------------------------------------
                                             -0.037702   data required time
                                             -0.435160   data arrival time
---------------------------------------------------------------------------------------------
                                              0.472862   slack (MET)


Startpoint: _3771_ (rising edge-triggered flip-flop clocked by clk)
Endpoint: _3771_ (rising edge-triggered flip-flop clocked by clk)
Path Group: clk
Path Type: min

Fanout         Cap        Slew       Delay        Time   Description
---------------------------------------------------------------------------------------------
                      0.000000    0.000000    0.000000   clock clk (rise edge)
                                  0.000000    0.000000   clock network delay (ideal)
                      0.000000    0.000000    0.000000 ^ _3771_/CLK (sky130_fd_sc_hd__dfrtp_2)
     2    0.004298    0.046548    0.323117    0.323117 ^ _3771_/Q (sky130_fd_sc_hd__dfrtp_2)
                                                         add_out[6] (net)
                      0.046548    0.000000    0.323117 ^ _3195_/A2 (sky130_fd_sc_hd__o22a_2)
     1    0.002005    0.027882    0.119066    0.442184 ^ _3195_/X (sky130_fd_sc_hd__o22a_2)
                                                         _0307_ (net)
                      0.027882    0.000000    0.442184 ^ _3771_/D (sky130_fd_sc_hd__dfrtp_2)
                                              0.442184   data arrival time

                      0.000000    0.000000    0.000000   clock clk (rise edge)
                                  0.000000    0.000000   clock network delay (ideal)
                                  0.000000    0.000000   clock reconvergence pessimism
                                              0.000000 ^ _3771_/CLK (sky130_fd_sc_hd__dfrtp_2)
                                 -0.037261   -0.037261   library hold time
                                             -0.037261   data required time
---------------------------------------------------------------------------------------------
                                             -0.037261   data required time
                                             -0.442184   data arrival time
---------------------------------------------------------------------------------------------
                                              0.479445   slack (MET)


Startpoint: _3667_ (rising edge-triggered flip-flop clocked by clk)
Endpoint: _3667_ (rising edge-triggered flip-flop clocked by clk)
Path Group: clk
Path Type: min

Fanout         Cap        Slew       Delay        Time   Description
---------------------------------------------------------------------------------------------
                      0.000000    0.000000    0.000000   clock clk (rise edge)
                                  0.000000    0.000000   clock network delay (ideal)
                      0.000000    0.000000    0.000000 ^ _3667_/CLK (sky130_fd_sc_hd__dfrtp_2)
     6    0.022490    0.124690    0.392950    0.392950 ^ _3667_/Q (sky130_fd_sc_hd__dfrtp_2)
                                                         state[0] (net)
                      0.124690    0.000000    0.392950 ^ _1960_/A (sky130_fd_sc_hd__nor2_2)
     1    0.001949    0.022954    0.049184    0.442134 v _1960_/Y (sky130_fd_sc_hd__nor2_2)
                                                         _1829_ (net)
                      0.022954    0.000000    0.442134 v _3667_/D (sky130_fd_sc_hd__dfrtp_2)
                                              0.442134   data arrival time

                      0.000000    0.000000    0.000000   clock clk (rise edge)
                                  0.000000    0.000000   clock network delay (ideal)
                                  0.000000    0.000000   clock reconvergence pessimism
                                              0.000000 ^ _3667_/CLK (sky130_fd_sc_hd__dfrtp_2)
                                 -0.043398   -0.043398   library hold time
                                             -0.043398   data required time
---------------------------------------------------------------------------------------------
                                             -0.043398   data required time
                                             -0.442134   data arrival time
---------------------------------------------------------------------------------------------
                                              0.485532   slack (MET)


Startpoint: _3772_ (rising edge-triggered flip-flop clocked by clk)
Endpoint: _3772_ (rising edge-triggered flip-flop clocked by clk)
Path Group: clk
Path Type: min

Fanout         Cap        Slew       Delay        Time   Description
---------------------------------------------------------------------------------------------
                      0.000000    0.000000    0.000000   clock clk (rise edge)
                                  0.000000    0.000000   clock network delay (ideal)
                      0.000000    0.000000    0.000000 ^ _3772_/CLK (sky130_fd_sc_hd__dfrtp_2)
     2    0.004302    0.046568    0.323141    0.323141 ^ _3772_/Q (sky130_fd_sc_hd__dfrtp_2)
                                                         add_out[7] (net)
                      0.046568    0.000000    0.323141 ^ _3182_/A2 (sky130_fd_sc_hd__a22o_2)
     1    0.002005    0.029914    0.127825    0.450966 ^ _3182_/X (sky130_fd_sc_hd__a22o_2)
                                                         _0308_ (net)
                      0.029914    0.000000    0.450966 ^ _3772_/D (sky130_fd_sc_hd__dfrtp_2)
                                              0.450966   data arrival time

                      0.000000    0.000000    0.000000   clock clk (rise edge)
                                  0.000000    0.000000   clock network delay (ideal)
                                  0.000000    0.000000   clock reconvergence pessimism
                                              0.000000 ^ _3772_/CLK (sky130_fd_sc_hd__dfrtp_2)
                                 -0.037684   -0.037684   library hold time
                                             -0.037684   data required time
---------------------------------------------------------------------------------------------
                                             -0.037684   data required time
                                             -0.450966   data arrival time
---------------------------------------------------------------------------------------------
                                              0.488650   slack (MET)


Startpoint: _3775_ (rising edge-triggered flip-flop clocked by clk)
Endpoint: _3775_ (rising edge-triggered flip-flop clocked by clk)
Path Group: clk
Path Type: min

Fanout         Cap        Slew       Delay        Time   Description
---------------------------------------------------------------------------------------------
                      0.000000    0.000000    0.000000   clock clk (rise edge)
                                  0.000000    0.000000   clock network delay (ideal)
                      0.000000    0.000000    0.000000 ^ _3775_/CLK (sky130_fd_sc_hd__dfrtp_2)
     2    0.004302    0.046568    0.323141    0.323141 ^ _3775_/Q (sky130_fd_sc_hd__dfrtp_2)
                                                         add_out[10] (net)
                      0.046568    0.000000    0.323141 ^ _3153_/A2 (sky130_fd_sc_hd__a22o_2)
     1    0.002005    0.029914    0.127825    0.450966 ^ _3153_/X (sky130_fd_sc_hd__a22o_2)
                                                         _0311_ (net)
                      0.029914    0.000000    0.450966 ^ _3775_/D (sky130_fd_sc_hd__dfrtp_2)
                                              0.450966   data arrival time

                      0.000000    0.000000    0.000000   clock clk (rise edge)
                                  0.000000    0.000000   clock network delay (ideal)
                                  0.000000    0.000000   clock reconvergence pessimism
                                              0.000000 ^ _3775_/CLK (sky130_fd_sc_hd__dfrtp_2)
                                 -0.037684   -0.037684   library hold time
                                             -0.037684   data required time
---------------------------------------------------------------------------------------------
                                             -0.037684   data required time
                                             -0.450966   data arrival time
---------------------------------------------------------------------------------------------
                                              0.488650   slack (MET)


Startpoint: _3864_ (rising edge-triggered flip-flop clocked by clk)
Endpoint: _3864_ (rising edge-triggered flip-flop clocked by clk)
Path Group: clk
Path Type: min

Fanout         Cap        Slew       Delay        Time   Description
---------------------------------------------------------------------------------------------
                      0.000000    0.000000    0.000000   clock clk (rise edge)
                                  0.000000    0.000000   clock network delay (ideal)
                      0.000000    0.000000    0.000000 ^ _3864_/CLK (sky130_fd_sc_hd__dfrtp_2)
     2    0.004302    0.046568    0.323141    0.323141 ^ _3864_/Q (sky130_fd_sc_hd__dfrtp_2)
                                                         addsub_unit.x2[0] (net)
                      0.046568    0.000000    0.323141 ^ _2298_/A2 (sky130_fd_sc_hd__a22o_2)
     1    0.002005    0.029914    0.127825    0.450966 ^ _2298_/X (sky130_fd_sc_hd__a22o_2)
                                                         _0400_ (net)
                      0.029914    0.000000    0.450966 ^ _3864_/D (sky130_fd_sc_hd__dfrtp_2)
                                              0.450966   data arrival time

                      0.000000    0.000000    0.000000   clock clk (rise edge)
                                  0.000000    0.000000   clock network delay (ideal)
                                  0.000000    0.000000   clock reconvergence pessimism
                                              0.000000 ^ _3864_/CLK (sky130_fd_sc_hd__dfrtp_2)
                                 -0.037684   -0.037684   library hold time
                                             -0.037684   data required time
---------------------------------------------------------------------------------------------
                                             -0.037684   data required time
                                             -0.450966   data arrival time
---------------------------------------------------------------------------------------------
                                              0.488650   slack (MET)


Startpoint: _3866_ (rising edge-triggered flip-flop clocked by clk)
Endpoint: _3866_ (rising edge-triggered flip-flop clocked by clk)
Path Group: clk
Path Type: min

Fanout         Cap        Slew       Delay        Time   Description
---------------------------------------------------------------------------------------------
                      0.000000    0.000000    0.000000   clock clk (rise edge)
                                  0.000000    0.000000   clock network delay (ideal)
                      0.000000    0.000000    0.000000 ^ _3866_/CLK (sky130_fd_sc_hd__dfrtp_2)
     2    0.004302    0.046568    0.323141    0.323141 ^ _3866_/Q (sky130_fd_sc_hd__dfrtp_2)
                                                         addsub_unit.x2[2] (net)
                      0.046568    0.000000    0.323141 ^ _2288_/A2 (sky130_fd_sc_hd__a22o_2)
     1    0.002005    0.029914    0.127825    0.450966 ^ _2288_/X (sky130_fd_sc_hd__a22o_2)
                                                         _0402_ (net)
                      0.029914    0.000000    0.450966 ^ _3866_/D (sky130_fd_sc_hd__dfrtp_2)
                                              0.450966   data arrival time

                      0.000000    0.000000    0.000000   clock clk (rise edge)
                                  0.000000    0.000000   clock network delay (ideal)
                                  0.000000    0.000000   clock reconvergence pessimism
                                              0.000000 ^ _3866_/CLK (sky130_fd_sc_hd__dfrtp_2)
                                 -0.037684   -0.037684   library hold time
                                             -0.037684   data required time
---------------------------------------------------------------------------------------------
                                             -0.037684   data required time
                                             -0.450966   data arrival time
---------------------------------------------------------------------------------------------
                                              0.488650   slack (MET)


Startpoint: _3867_ (rising edge-triggered flip-flop clocked by clk)
Endpoint: _3867_ (rising edge-triggered flip-flop clocked by clk)
Path Group: clk
Path Type: min

Fanout         Cap        Slew       Delay        Time   Description
---------------------------------------------------------------------------------------------
                      0.000000    0.000000    0.000000   clock clk (rise edge)
                                  0.000000    0.000000   clock network delay (ideal)
                      0.000000    0.000000    0.000000 ^ _3867_/CLK (sky130_fd_sc_hd__dfrtp_2)
     2    0.004302    0.046568    0.323141    0.323141 ^ _3867_/Q (sky130_fd_sc_hd__dfrtp_2)
                                                         addsub_unit.x2[3] (net)
                      0.046568    0.000000    0.323141 ^ _2282_/A2 (sky130_fd_sc_hd__a22o_2)
     1    0.002005    0.029914    0.127825    0.450966 ^ _2282_/X (sky130_fd_sc_hd__a22o_2)
                                                         _0403_ (net)
                      0.029914    0.000000    0.450966 ^ _3867_/D (sky130_fd_sc_hd__dfrtp_2)
                                              0.450966   data arrival time

                      0.000000    0.000000    0.000000   clock clk (rise edge)
                                  0.000000    0.000000   clock network delay (ideal)
                                  0.000000    0.000000   clock reconvergence pessimism
                                              0.000000 ^ _3867_/CLK (sky130_fd_sc_hd__dfrtp_2)
                                 -0.037684   -0.037684   library hold time
                                             -0.037684   data required time
---------------------------------------------------------------------------------------------
                                             -0.037684   data required time
                                             -0.450966   data arrival time
---------------------------------------------------------------------------------------------
                                              0.488650   slack (MET)


Startpoint: _3868_ (rising edge-triggered flip-flop clocked by clk)
Endpoint: _3868_ (rising edge-triggered flip-flop clocked by clk)
Path Group: clk
Path Type: min

Fanout         Cap        Slew       Delay        Time   Description
---------------------------------------------------------------------------------------------
                      0.000000    0.000000    0.000000   clock clk (rise edge)
                                  0.000000    0.000000   clock network delay (ideal)
                      0.000000    0.000000    0.000000 ^ _3868_/CLK (sky130_fd_sc_hd__dfrtp_2)
     2    0.004302    0.046568    0.323141    0.323141 ^ _3868_/Q (sky130_fd_sc_hd__dfrtp_2)
                                                         addsub_unit.x2[4] (net)
                      0.046568    0.000000    0.323141 ^ _2273_/A2 (sky130_fd_sc_hd__a22o_2)
     1    0.002005    0.029914    0.127825    0.450966 ^ _2273_/X (sky130_fd_sc_hd__a22o_2)
                                                         _0404_ (net)
                      0.029914    0.000000    0.450966 ^ _3868_/D (sky130_fd_sc_hd__dfrtp_2)
                                              0.450966   data arrival time

                      0.000000    0.000000    0.000000   clock clk (rise edge)
                                  0.000000    0.000000   clock network delay (ideal)
                                  0.000000    0.000000   clock reconvergence pessimism
                                              0.000000 ^ _3868_/CLK (sky130_fd_sc_hd__dfrtp_2)
                                 -0.037684   -0.037684   library hold time
                                             -0.037684   data required time
---------------------------------------------------------------------------------------------
                                             -0.037684   data required time
                                             -0.450966   data arrival time
---------------------------------------------------------------------------------------------
                                              0.488650   slack (MET)


Startpoint: _3870_ (rising edge-triggered flip-flop clocked by clk)
Endpoint: _3870_ (rising edge-triggered flip-flop clocked by clk)
Path Group: clk
Path Type: min

Fanout         Cap        Slew       Delay        Time   Description
---------------------------------------------------------------------------------------------
                      0.000000    0.000000    0.000000   clock clk (rise edge)
                                  0.000000    0.000000   clock network delay (ideal)
                      0.000000    0.000000    0.000000 ^ _3870_/CLK (sky130_fd_sc_hd__dfrtp_2)
     2    0.004302    0.046568    0.323141    0.323141 ^ _3870_/Q (sky130_fd_sc_hd__dfrtp_2)
                                                         addsub_unit.x2[6] (net)
                      0.046568    0.000000    0.323141 ^ _2266_/A2 (sky130_fd_sc_hd__a22o_2)
     1    0.002005    0.029914    0.127825    0.450966 ^ _2266_/X (sky130_fd_sc_hd__a22o_2)
                                                         _0406_ (net)
                      0.029914    0.000000    0.450966 ^ _3870_/D (sky130_fd_sc_hd__dfrtp_2)
                                              0.450966   data arrival time

                      0.000000    0.000000    0.000000   clock clk (rise edge)
                                  0.000000    0.000000   clock network delay (ideal)
                                  0.000000    0.000000   clock reconvergence pessimism
                                              0.000000 ^ _3870_/CLK (sky130_fd_sc_hd__dfrtp_2)
                                 -0.037684   -0.037684   library hold time
                                             -0.037684   data required time
---------------------------------------------------------------------------------------------
                                             -0.037684   data required time
                                             -0.450966   data arrival time
---------------------------------------------------------------------------------------------
                                              0.488650   slack (MET)


Startpoint: _3871_ (rising edge-triggered flip-flop clocked by clk)
Endpoint: _3871_ (rising edge-triggered flip-flop clocked by clk)
Path Group: clk
Path Type: min

Fanout         Cap        Slew       Delay        Time   Description
---------------------------------------------------------------------------------------------
                      0.000000    0.000000    0.000000   clock clk (rise edge)
                                  0.000000    0.000000   clock network delay (ideal)
                      0.000000    0.000000    0.000000 ^ _3871_/CLK (sky130_fd_sc_hd__dfrtp_2)
     2    0.004302    0.046568    0.323141    0.323141 ^ _3871_/Q (sky130_fd_sc_hd__dfrtp_2)
                                                         addsub_unit.x2[7] (net)
                      0.046568    0.000000    0.323141 ^ _2257_/A2 (sky130_fd_sc_hd__a22o_2)
     1    0.002005    0.029914    0.127825    0.450966 ^ _2257_/X (sky130_fd_sc_hd__a22o_2)
                                                         _0407_ (net)
                      0.029914    0.000000    0.450966 ^ _3871_/D (sky130_fd_sc_hd__dfrtp_2)
                                              0.450966   data arrival time

                      0.000000    0.000000    0.000000   clock clk (rise edge)
                                  0.000000    0.000000   clock network delay (ideal)
                                  0.000000    0.000000   clock reconvergence pessimism
                                              0.000000 ^ _3871_/CLK (sky130_fd_sc_hd__dfrtp_2)
                                 -0.037684   -0.037684   library hold time
                                             -0.037684   data required time
---------------------------------------------------------------------------------------------
                                             -0.037684   data required time
                                             -0.450966   data arrival time
---------------------------------------------------------------------------------------------
                                              0.488650   slack (MET)


Startpoint: _3872_ (rising edge-triggered flip-flop clocked by clk)
Endpoint: _3872_ (rising edge-triggered flip-flop clocked by clk)
Path Group: clk
Path Type: min

Fanout         Cap        Slew       Delay        Time   Description
---------------------------------------------------------------------------------------------
                      0.000000    0.000000    0.000000   clock clk (rise edge)
                                  0.000000    0.000000   clock network delay (ideal)
                      0.000000    0.000000    0.000000 ^ _3872_/CLK (sky130_fd_sc_hd__dfrtp_2)
     2    0.004302    0.046568    0.323141    0.323141 ^ _3872_/Q (sky130_fd_sc_hd__dfrtp_2)
                                                         addsub_unit.x2[8] (net)
                      0.046568    0.000000    0.323141 ^ _2254_/A2 (sky130_fd_sc_hd__a22o_2)
     1    0.002005    0.029914    0.127825    0.450966 ^ _2254_/X (sky130_fd_sc_hd__a22o_2)
                                                         _0408_ (net)
                      0.029914    0.000000    0.450966 ^ _3872_/D (sky130_fd_sc_hd__dfrtp_2)
                                              0.450966   data arrival time

                      0.000000    0.000000    0.000000   clock clk (rise edge)
                                  0.000000    0.000000   clock network delay (ideal)
                                  0.000000    0.000000   clock reconvergence pessimism
                                              0.000000 ^ _3872_/CLK (sky130_fd_sc_hd__dfrtp_2)
                                 -0.037684   -0.037684   library hold time
                                             -0.037684   data required time
---------------------------------------------------------------------------------------------
                                             -0.037684   data required time
                                             -0.450966   data arrival time
---------------------------------------------------------------------------------------------
                                              0.488650   slack (MET)


Startpoint: _3873_ (rising edge-triggered flip-flop clocked by clk)
Endpoint: _3873_ (rising edge-triggered flip-flop clocked by clk)
Path Group: clk
Path Type: min

Fanout         Cap        Slew       Delay        Time   Description
---------------------------------------------------------------------------------------------
                      0.000000    0.000000    0.000000   clock clk (rise edge)
                                  0.000000    0.000000   clock network delay (ideal)
                      0.000000    0.000000    0.000000 ^ _3873_/CLK (sky130_fd_sc_hd__dfrtp_2)
     2    0.004302    0.046568    0.323141    0.323141 ^ _3873_/Q (sky130_fd_sc_hd__dfrtp_2)
                                                         addsub_unit.x2[9] (net)
                      0.046568    0.000000    0.323141 ^ _2251_/A2 (sky130_fd_sc_hd__a22o_2)
     1    0.002005    0.029914    0.127825    0.450966 ^ _2251_/X (sky130_fd_sc_hd__a22o_2)
                                                         _0409_ (net)
                      0.029914    0.000000    0.450966 ^ _3873_/D (sky130_fd_sc_hd__dfrtp_2)
                                              0.450966   data arrival time

                      0.000000    0.000000    0.000000   clock clk (rise edge)
                                  0.000000    0.000000   clock network delay (ideal)
                                  0.000000    0.000000   clock reconvergence pessimism
                                              0.000000 ^ _3873_/CLK (sky130_fd_sc_hd__dfrtp_2)
                                 -0.037684   -0.037684   library hold time
                                             -0.037684   data required time
---------------------------------------------------------------------------------------------
                                             -0.037684   data required time
                                             -0.450966   data arrival time
---------------------------------------------------------------------------------------------
                                              0.488650   slack (MET)


Startpoint: _3874_ (rising edge-triggered flip-flop clocked by clk)
Endpoint: _3874_ (rising edge-triggered flip-flop clocked by clk)
Path Group: clk
Path Type: min

Fanout         Cap        Slew       Delay        Time   Description
---------------------------------------------------------------------------------------------
                      0.000000    0.000000    0.000000   clock clk (rise edge)
                                  0.000000    0.000000   clock network delay (ideal)
                      0.000000    0.000000    0.000000 ^ _3874_/CLK (sky130_fd_sc_hd__dfrtp_2)
     2    0.004302    0.046568    0.323141    0.323141 ^ _3874_/Q (sky130_fd_sc_hd__dfrtp_2)
                                                         addsub_unit.x2[10] (net)
                      0.046568    0.000000    0.323141 ^ _2249_/A2 (sky130_fd_sc_hd__a22o_2)
     1    0.002005    0.029914    0.127825    0.450966 ^ _2249_/X (sky130_fd_sc_hd__a22o_2)
                                                         _0410_ (net)
                      0.029914    0.000000    0.450966 ^ _3874_/D (sky130_fd_sc_hd__dfrtp_2)
                                              0.450966   data arrival time

                      0.000000    0.000000    0.000000   clock clk (rise edge)
                                  0.000000    0.000000   clock network delay (ideal)
                                  0.000000    0.000000   clock reconvergence pessimism
                                              0.000000 ^ _3874_/CLK (sky130_fd_sc_hd__dfrtp_2)
                                 -0.037684   -0.037684   library hold time
                                             -0.037684   data required time
---------------------------------------------------------------------------------------------
                                             -0.037684   data required time
                                             -0.450966   data arrival time
---------------------------------------------------------------------------------------------
                                              0.488650   slack (MET)


Startpoint: _3875_ (rising edge-triggered flip-flop clocked by clk)
Endpoint: _3875_ (rising edge-triggered flip-flop clocked by clk)
Path Group: clk
Path Type: min

Fanout         Cap        Slew       Delay        Time   Description
---------------------------------------------------------------------------------------------
                      0.000000    0.000000    0.000000   clock clk (rise edge)
                                  0.000000    0.000000   clock network delay (ideal)
                      0.000000    0.000000    0.000000 ^ _3875_/CLK (sky130_fd_sc_hd__dfrtp_2)
     2    0.004302    0.046568    0.323141    0.323141 ^ _3875_/Q (sky130_fd_sc_hd__dfrtp_2)
                                                         addsub_unit.x2[11] (net)
                      0.046568    0.000000    0.323141 ^ _2247_/A2 (sky130_fd_sc_hd__a22o_2)
     1    0.002005    0.029914    0.127825    0.450966 ^ _2247_/X (sky130_fd_sc_hd__a22o_2)
                                                         _0411_ (net)
                      0.029914    0.000000    0.450966 ^ _3875_/D (sky130_fd_sc_hd__dfrtp_2)
                                              0.450966   data arrival time

                      0.000000    0.000000    0.000000   clock clk (rise edge)
                                  0.000000    0.000000   clock network delay (ideal)
                                  0.000000    0.000000   clock reconvergence pessimism
                                              0.000000 ^ _3875_/CLK (sky130_fd_sc_hd__dfrtp_2)
                                 -0.037684   -0.037684   library hold time
                                             -0.037684   data required time
---------------------------------------------------------------------------------------------
                                             -0.037684   data required time
                                             -0.450966   data arrival time
---------------------------------------------------------------------------------------------
                                              0.488650   slack (MET)


Startpoint: _3876_ (rising edge-triggered flip-flop clocked by clk)
Endpoint: _3876_ (rising edge-triggered flip-flop clocked by clk)
Path Group: clk
Path Type: min

Fanout         Cap        Slew       Delay        Time   Description
---------------------------------------------------------------------------------------------
                      0.000000    0.000000    0.000000   clock clk (rise edge)
                                  0.000000    0.000000   clock network delay (ideal)
                      0.000000    0.000000    0.000000 ^ _3876_/CLK (sky130_fd_sc_hd__dfrtp_2)
     2    0.004302    0.046568    0.323141    0.323141 ^ _3876_/Q (sky130_fd_sc_hd__dfrtp_2)
                                                         addsub_unit.x2[12] (net)
                      0.046568    0.000000    0.323141 ^ _2244_/A2 (sky130_fd_sc_hd__a22o_2)
     1    0.002005    0.029914    0.127825    0.450966 ^ _2244_/X (sky130_fd_sc_hd__a22o_2)
                                                         _0412_ (net)
                      0.029914    0.000000    0.450966 ^ _3876_/D (sky130_fd_sc_hd__dfrtp_2)
                                              0.450966   data arrival time

                      0.000000    0.000000    0.000000   clock clk (rise edge)
                                  0.000000    0.000000   clock network delay (ideal)
                                  0.000000    0.000000   clock reconvergence pessimism
                                              0.000000 ^ _3876_/CLK (sky130_fd_sc_hd__dfrtp_2)
                                 -0.037684   -0.037684   library hold time
                                             -0.037684   data required time
---------------------------------------------------------------------------------------------
                                             -0.037684   data required time
                                             -0.450966   data arrival time
---------------------------------------------------------------------------------------------
                                              0.488650   slack (MET)


Startpoint: _3877_ (rising edge-triggered flip-flop clocked by clk)
Endpoint: _3877_ (rising edge-triggered flip-flop clocked by clk)
Path Group: clk
Path Type: min

Fanout         Cap        Slew       Delay        Time   Description
---------------------------------------------------------------------------------------------
                      0.000000    0.000000    0.000000   clock clk (rise edge)
                                  0.000000    0.000000   clock network delay (ideal)
                      0.000000    0.000000    0.000000 ^ _3877_/CLK (sky130_fd_sc_hd__dfrtp_2)
     2    0.004302    0.046568    0.323141    0.323141 ^ _3877_/Q (sky130_fd_sc_hd__dfrtp_2)
                                                         addsub_unit.x2[13] (net)
                      0.046568    0.000000    0.323141 ^ _2242_/A2 (sky130_fd_sc_hd__a22o_2)
     1    0.002005    0.029914    0.127825    0.450966 ^ _2242_/X (sky130_fd_sc_hd__a22o_2)
                                                         _0413_ (net)
                      0.029914    0.000000    0.450966 ^ _3877_/D (sky130_fd_sc_hd__dfrtp_2)
                                              0.450966   data arrival time

                      0.000000    0.000000    0.000000   clock clk (rise edge)
                                  0.000000    0.000000   clock network delay (ideal)
                                  0.000000    0.000000   clock reconvergence pessimism
                                              0.000000 ^ _3877_/CLK (sky130_fd_sc_hd__dfrtp_2)
                                 -0.037684   -0.037684   library hold time
                                             -0.037684   data required time
---------------------------------------------------------------------------------------------
                                             -0.037684   data required time
                                             -0.450966   data arrival time
---------------------------------------------------------------------------------------------
                                              0.488650   slack (MET)


Startpoint: _3878_ (rising edge-triggered flip-flop clocked by clk)
Endpoint: _3878_ (rising edge-triggered flip-flop clocked by clk)
Path Group: clk
Path Type: min

Fanout         Cap        Slew       Delay        Time   Description
---------------------------------------------------------------------------------------------
                      0.000000    0.000000    0.000000   clock clk (rise edge)
                                  0.000000    0.000000   clock network delay (ideal)
                      0.000000    0.000000    0.000000 ^ _3878_/CLK (sky130_fd_sc_hd__dfrtp_2)
     2    0.004302    0.046568    0.323141    0.323141 ^ _3878_/Q (sky130_fd_sc_hd__dfrtp_2)
                                                         addsub_unit.x2[14] (net)
                      0.046568    0.000000    0.323141 ^ _2240_/A2 (sky130_fd_sc_hd__a22o_2)
     1    0.002005    0.029914    0.127825    0.450966 ^ _2240_/X (sky130_fd_sc_hd__a22o_2)
                                                         _0414_ (net)
                      0.029914    0.000000    0.450966 ^ _3878_/D (sky130_fd_sc_hd__dfrtp_2)
                                              0.450966   data arrival time

                      0.000000    0.000000    0.000000   clock clk (rise edge)
                                  0.000000    0.000000   clock network delay (ideal)
                                  0.000000    0.000000   clock reconvergence pessimism
                                              0.000000 ^ _3878_/CLK (sky130_fd_sc_hd__dfrtp_2)
                                 -0.037684   -0.037684   library hold time
                                             -0.037684   data required time
---------------------------------------------------------------------------------------------
                                             -0.037684   data required time
                                             -0.450966   data arrival time
---------------------------------------------------------------------------------------------
                                              0.488650   slack (MET)


Startpoint: _3686_ (rising edge-triggered flip-flop clocked by clk)
Endpoint: _3686_ (rising edge-triggered flip-flop clocked by clk)
Path Group: clk
Path Type: min

Fanout         Cap        Slew       Delay        Time   Description
---------------------------------------------------------------------------------------------
                      0.000000    0.000000    0.000000   clock clk (rise edge)
                                  0.000000    0.000000   clock network delay (ideal)
                      0.000000    0.000000    0.000000 ^ _3686_/CLK (sky130_fd_sc_hd__dfrtp_2)
     4    0.009975    0.070818    0.347607    0.347607 ^ _3686_/Q (sky130_fd_sc_hd__dfrtp_2)
                                                         addsub_unit.op_sign_logic0.mantisa_b[8] (net)
                      0.070818    0.000000    0.347607 ^ _1901_/A2 (sky130_fd_sc_hd__a21o_2)
     1    0.002005    0.023216    0.114353    0.461960 ^ _1901_/X (sky130_fd_sc_hd__a21o_2)
                                                         _0222_ (net)
                      0.023216    0.000000    0.461960 ^ _3686_/D (sky130_fd_sc_hd__dfrtp_2)
                                              0.461960   data arrival time

                      0.000000    0.000000    0.000000   clock clk (rise edge)
                                  0.000000    0.000000   clock network delay (ideal)
                                  0.000000    0.000000   clock reconvergence pessimism
                                              0.000000 ^ _3686_/CLK (sky130_fd_sc_hd__dfrtp_2)
                                 -0.036290   -0.036290   library hold time
                                             -0.036290   data required time
---------------------------------------------------------------------------------------------
                                             -0.036290   data required time
                                             -0.461960   data arrival time
---------------------------------------------------------------------------------------------
                                              0.498250   slack (MET)


Startpoint: _3674_ (rising edge-triggered flip-flop clocked by clk)
Endpoint: _3673_ (rising edge-triggered flip-flop clocked by clk)
Path Group: clk
Path Type: min

Fanout         Cap        Slew       Delay        Time   Description
---------------------------------------------------------------------------------------------
                      0.000000    0.000000    0.000000   clock clk (rise edge)
                                  0.000000    0.000000   clock network delay (ideal)
                      0.000000    0.000000    0.000000 ^ _3674_/CLK (sky130_fd_sc_hd__dfrtp_2)
    11    0.034411    0.176110    0.433875    0.433875 ^ _3674_/Q (sky130_fd_sc_hd__dfrtp_2)
                                                         addsub_unit.reg3en.q[0] (net)
                      0.176110    0.000000    0.433875 ^ _3673_/D (sky130_fd_sc_hd__dfrtp_2)
                                              0.433875   data arrival time

                      0.000000    0.000000    0.000000   clock clk (rise edge)
                                  0.000000    0.000000   clock network delay (ideal)
                                  0.000000    0.000000   clock reconvergence pessimism
                                              0.000000 ^ _3673_/CLK (sky130_fd_sc_hd__dfrtp_2)
                                 -0.068131   -0.068131   library hold time
                                             -0.068131   data required time
---------------------------------------------------------------------------------------------
                                             -0.068131   data required time
                                             -0.433875   data arrival time
---------------------------------------------------------------------------------------------
                                              0.502005   slack (MET)


Startpoint: _3747_ (rising edge-triggered flip-flop clocked by clk)
Endpoint: _3707_ (rising edge-triggered flip-flop clocked by clk)
Path Group: clk
Path Type: min

Fanout         Cap        Slew       Delay        Time   Description
---------------------------------------------------------------------------------------------
                      0.000000    0.000000    0.000000   clock clk (rise edge)
                                  0.000000    0.000000   clock network delay (ideal)
                      0.000000    0.000000    0.000000 ^ _3747_/CLK (sky130_fd_sc_hd__dfrtp_2)
     5    0.009444    0.068549    0.345320    0.345320 ^ _3747_/Q (sky130_fd_sc_hd__dfrtp_2)
                                                         addsub_unit.exp_mant_logic0.a[14] (net)
                      0.068549    0.000000    0.345320 ^ _3512_/A2 (sky130_fd_sc_hd__o31a_2)
     1    0.002005    0.031685    0.128184    0.473503 ^ _3512_/X (sky130_fd_sc_hd__o31a_2)
                                                         _0243_ (net)
                      0.031685    0.000000    0.473503 ^ _3707_/D (sky130_fd_sc_hd__dfrtp_2)
                                              0.473503   data arrival time

                      0.000000    0.000000    0.000000   clock clk (rise edge)
                                  0.000000    0.000000   clock network delay (ideal)
                                  0.000000    0.000000   clock reconvergence pessimism
                                              0.000000 ^ _3707_/CLK (sky130_fd_sc_hd__dfrtp_2)
                                 -0.038053   -0.038053   library hold time
                                             -0.038053   data required time
---------------------------------------------------------------------------------------------
                                             -0.038053   data required time
                                             -0.473503   data arrival time
---------------------------------------------------------------------------------------------
                                              0.511557   slack (MET)


Startpoint: _3697_ (rising edge-triggered flip-flop clocked by clk)
Endpoint: _3697_ (rising edge-triggered flip-flop clocked by clk)
Path Group: clk
Path Type: min

Fanout         Cap        Slew       Delay        Time   Description
---------------------------------------------------------------------------------------------
                      0.000000    0.000000    0.000000   clock clk (rise edge)
                                  0.000000    0.000000   clock network delay (ideal)
                      0.000000    0.000000    0.000000 ^ _3697_/CLK (sky130_fd_sc_hd__dfrtp_2)
     5    0.015336    0.093832    0.368391    0.368391 ^ _3697_/Q (sky130_fd_sc_hd__dfrtp_2)
                                                         addsub_unit.op_sign_logic0.mantisa_a[8] (net)
                      0.093832    0.000000    0.368391 ^ _3645_/A2 (sky130_fd_sc_hd__o21a_2)
     1    0.002005    0.026881    0.113814    0.482204 ^ _3645_/X (sky130_fd_sc_hd__o21a_2)
                                                         _0233_ (net)
                      0.026881    0.000000    0.482204 ^ _3697_/D (sky130_fd_sc_hd__dfrtp_2)
                                              0.482204   data arrival time

                      0.000000    0.000000    0.000000   clock clk (rise edge)
                                  0.000000    0.000000   clock network delay (ideal)
                                  0.000000    0.000000   clock reconvergence pessimism
                                              0.000000 ^ _3697_/CLK (sky130_fd_sc_hd__dfrtp_2)
                                 -0.037053   -0.037053   library hold time
                                             -0.037053   data required time
---------------------------------------------------------------------------------------------
                                             -0.037053   data required time
                                             -0.482204   data arrival time
---------------------------------------------------------------------------------------------
                                              0.519257   slack (MET)


Startpoint: _3880_ (rising edge-triggered flip-flop clocked by clk)
Endpoint: _3880_ (rising edge-triggered flip-flop clocked by clk)
Path Group: clk
Path Type: min

Fanout         Cap        Slew       Delay        Time   Description
---------------------------------------------------------------------------------------------
                      0.000000    0.000000    0.000000   clock clk (rise edge)
                                  0.000000    0.000000   clock network delay (ideal)
                      0.000000    0.000000    0.000000 ^ _3880_/CLK (sky130_fd_sc_hd__dfxtp_2)
     3    0.003750    0.035085    0.291827    0.291827 ^ _3880_/Q (sky130_fd_sc_hd__dfxtp_2)
                                                         ACC_OUT[0] (net)
                      0.035085    0.000000    0.291827 ^ _2178_/A0 (sky130_fd_sc_hd__mux2_2)
     1    0.002191    0.034746    0.125486    0.417313 ^ _2178_/X (sky130_fd_sc_hd__mux2_2)
                                                         _1604_ (net)
                      0.034746    0.000000    0.417313 ^ _2179_/A (sky130_fd_sc_hd__buf_1)
     1    0.001674    0.033052    0.067819    0.485132 ^ _2179_/X (sky130_fd_sc_hd__buf_1)
                                                         _0416_ (net)
                      0.033052    0.000000    0.485132 ^ _3880_/D (sky130_fd_sc_hd__dfxtp_2)
                                              0.485132   data arrival time

                      0.000000    0.000000    0.000000   clock clk (rise edge)
                                  0.000000    0.000000   clock network delay (ideal)
                                  0.000000    0.000000   clock reconvergence pessimism
                                              0.000000 ^ _3880_/CLK (sky130_fd_sc_hd__dfxtp_2)
                                 -0.034626   -0.034626   library hold time
                                             -0.034626   data required time
---------------------------------------------------------------------------------------------
                                             -0.034626   data required time
                                             -0.485132   data arrival time
---------------------------------------------------------------------------------------------
                                              0.519758   slack (MET)


Startpoint: _3881_ (rising edge-triggered flip-flop clocked by clk)
Endpoint: _3881_ (rising edge-triggered flip-flop clocked by clk)
Path Group: clk
Path Type: min

Fanout         Cap        Slew       Delay        Time   Description
---------------------------------------------------------------------------------------------
                      0.000000    0.000000    0.000000   clock clk (rise edge)
                                  0.000000    0.000000   clock network delay (ideal)
                      0.000000    0.000000    0.000000 ^ _3881_/CLK (sky130_fd_sc_hd__dfxtp_2)
     3    0.003750    0.035085    0.291827    0.291827 ^ _3881_/Q (sky130_fd_sc_hd__dfxtp_2)
                                                         ACC_OUT[1] (net)
                      0.035085    0.000000    0.291827 ^ _2180_/A0 (sky130_fd_sc_hd__mux2_2)
     1    0.002191    0.034746    0.125486    0.417313 ^ _2180_/X (sky130_fd_sc_hd__mux2_2)
                                                         _1605_ (net)
                      0.034746    0.000000    0.417313 ^ _2181_/A (sky130_fd_sc_hd__buf_1)
     1    0.001674    0.033052    0.067819    0.485132 ^ _2181_/X (sky130_fd_sc_hd__buf_1)
                                                         _0417_ (net)
                      0.033052    0.000000    0.485132 ^ _3881_/D (sky130_fd_sc_hd__dfxtp_2)
                                              0.485132   data arrival time

                      0.000000    0.000000    0.000000   clock clk (rise edge)
                                  0.000000    0.000000   clock network delay (ideal)
                                  0.000000    0.000000   clock reconvergence pessimism
                                              0.000000 ^ _3881_/CLK (sky130_fd_sc_hd__dfxtp_2)
                                 -0.034626   -0.034626   library hold time
                                             -0.034626   data required time
---------------------------------------------------------------------------------------------
                                             -0.034626   data required time
                                             -0.485132   data arrival time
---------------------------------------------------------------------------------------------
                                              0.519758   slack (MET)


Startpoint: _3882_ (rising edge-triggered flip-flop clocked by clk)
Endpoint: _3882_ (rising edge-triggered flip-flop clocked by clk)
Path Group: clk
Path Type: min

Fanout         Cap        Slew       Delay        Time   Description
---------------------------------------------------------------------------------------------
                      0.000000    0.000000    0.000000   clock clk (rise edge)
                                  0.000000    0.000000   clock network delay (ideal)
                      0.000000    0.000000    0.000000 ^ _3882_/CLK (sky130_fd_sc_hd__dfxtp_2)
     3    0.003750    0.035085    0.291827    0.291827 ^ _3882_/Q (sky130_fd_sc_hd__dfxtp_2)
                                                         ACC_OUT[2] (net)
                      0.035085    0.000000    0.291827 ^ _2182_/A0 (sky130_fd_sc_hd__mux2_2)
     1    0.002191    0.034746    0.125486    0.417313 ^ _2182_/X (sky130_fd_sc_hd__mux2_2)
                                                         _1606_ (net)
                      0.034746    0.000000    0.417313 ^ _2183_/A (sky130_fd_sc_hd__buf_1)
     1    0.001674    0.033052    0.067819    0.485132 ^ _2183_/X (sky130_fd_sc_hd__buf_1)
                                                         _0418_ (net)
                      0.033052    0.000000    0.485132 ^ _3882_/D (sky130_fd_sc_hd__dfxtp_2)
                                              0.485132   data arrival time

                      0.000000    0.000000    0.000000   clock clk (rise edge)
                                  0.000000    0.000000   clock network delay (ideal)
                                  0.000000    0.000000   clock reconvergence pessimism
                                              0.000000 ^ _3882_/CLK (sky130_fd_sc_hd__dfxtp_2)
                                 -0.034626   -0.034626   library hold time
                                             -0.034626   data required time
---------------------------------------------------------------------------------------------
                                             -0.034626   data required time
                                             -0.485132   data arrival time
---------------------------------------------------------------------------------------------
                                              0.519758   slack (MET)


Startpoint: _3883_ (rising edge-triggered flip-flop clocked by clk)
Endpoint: _3883_ (rising edge-triggered flip-flop clocked by clk)
Path Group: clk
Path Type: min

Fanout         Cap        Slew       Delay        Time   Description
---------------------------------------------------------------------------------------------
                      0.000000    0.000000    0.000000   clock clk (rise edge)
                                  0.000000    0.000000   clock network delay (ideal)
                      0.000000    0.000000    0.000000 ^ _3883_/CLK (sky130_fd_sc_hd__dfxtp_2)
     3    0.003750    0.035085    0.291827    0.291827 ^ _3883_/Q (sky130_fd_sc_hd__dfxtp_2)
                                                         ACC_OUT[3] (net)
                      0.035085    0.000000    0.291827 ^ _2184_/A0 (sky130_fd_sc_hd__mux2_2)
     1    0.002191    0.034746    0.125486    0.417313 ^ _2184_/X (sky130_fd_sc_hd__mux2_2)
                                                         _1607_ (net)
                      0.034746    0.000000    0.417313 ^ _2185_/A (sky130_fd_sc_hd__buf_1)
     1    0.001674    0.033052    0.067819    0.485132 ^ _2185_/X (sky130_fd_sc_hd__buf_1)
                                                         _0419_ (net)
                      0.033052    0.000000    0.485132 ^ _3883_/D (sky130_fd_sc_hd__dfxtp_2)
                                              0.485132   data arrival time

                      0.000000    0.000000    0.000000   clock clk (rise edge)
                                  0.000000    0.000000   clock network delay (ideal)
                                  0.000000    0.000000   clock reconvergence pessimism
                                              0.000000 ^ _3883_/CLK (sky130_fd_sc_hd__dfxtp_2)
                                 -0.034626   -0.034626   library hold time
                                             -0.034626   data required time
---------------------------------------------------------------------------------------------
                                             -0.034626   data required time
                                             -0.485132   data arrival time
---------------------------------------------------------------------------------------------
                                              0.519758   slack (MET)


Startpoint: _3884_ (rising edge-triggered flip-flop clocked by clk)
Endpoint: _3884_ (rising edge-triggered flip-flop clocked by clk)
Path Group: clk
Path Type: min

Fanout         Cap        Slew       Delay        Time   Description
---------------------------------------------------------------------------------------------
                      0.000000    0.000000    0.000000   clock clk (rise edge)
                                  0.000000    0.000000   clock network delay (ideal)
                      0.000000    0.000000    0.000000 ^ _3884_/CLK (sky130_fd_sc_hd__dfxtp_2)
     3    0.003750    0.035085    0.291827    0.291827 ^ _3884_/Q (sky130_fd_sc_hd__dfxtp_2)
                                                         ACC_OUT[4] (net)
                      0.035085    0.000000    0.291827 ^ _2186_/A0 (sky130_fd_sc_hd__mux2_2)
     1    0.002191    0.034746    0.125486    0.417313 ^ _2186_/X (sky130_fd_sc_hd__mux2_2)
                                                         _1608_ (net)
                      0.034746    0.000000    0.417313 ^ _2187_/A (sky130_fd_sc_hd__buf_1)
     1    0.001674    0.033052    0.067819    0.485132 ^ _2187_/X (sky130_fd_sc_hd__buf_1)
                                                         _0420_ (net)
                      0.033052    0.000000    0.485132 ^ _3884_/D (sky130_fd_sc_hd__dfxtp_2)
                                              0.485132   data arrival time

                      0.000000    0.000000    0.000000   clock clk (rise edge)
                                  0.000000    0.000000   clock network delay (ideal)
                                  0.000000    0.000000   clock reconvergence pessimism
                                              0.000000 ^ _3884_/CLK (sky130_fd_sc_hd__dfxtp_2)
                                 -0.034626   -0.034626   library hold time
                                             -0.034626   data required time
---------------------------------------------------------------------------------------------
                                             -0.034626   data required time
                                             -0.485132   data arrival time
---------------------------------------------------------------------------------------------
                                              0.519758   slack (MET)


Startpoint: _3885_ (rising edge-triggered flip-flop clocked by clk)
Endpoint: _3885_ (rising edge-triggered flip-flop clocked by clk)
Path Group: clk
Path Type: min

Fanout         Cap        Slew       Delay        Time   Description
---------------------------------------------------------------------------------------------
                      0.000000    0.000000    0.000000   clock clk (rise edge)
                                  0.000000    0.000000   clock network delay (ideal)
                      0.000000    0.000000    0.000000 ^ _3885_/CLK (sky130_fd_sc_hd__dfxtp_2)
     3    0.003750    0.035085    0.291827    0.291827 ^ _3885_/Q (sky130_fd_sc_hd__dfxtp_2)
                                                         ACC_OUT[5] (net)
                      0.035085    0.000000    0.291827 ^ _2188_/A0 (sky130_fd_sc_hd__mux2_2)
     1    0.002191    0.034746    0.125486    0.417313 ^ _2188_/X (sky130_fd_sc_hd__mux2_2)
                                                         _1609_ (net)
                      0.034746    0.000000    0.417313 ^ _2189_/A (sky130_fd_sc_hd__buf_1)
     1    0.001674    0.033052    0.067819    0.485132 ^ _2189_/X (sky130_fd_sc_hd__buf_1)
                                                         _0421_ (net)
                      0.033052    0.000000    0.485132 ^ _3885_/D (sky130_fd_sc_hd__dfxtp_2)
                                              0.485132   data arrival time

                      0.000000    0.000000    0.000000   clock clk (rise edge)
                                  0.000000    0.000000   clock network delay (ideal)
                                  0.000000    0.000000   clock reconvergence pessimism
                                              0.000000 ^ _3885_/CLK (sky130_fd_sc_hd__dfxtp_2)
                                 -0.034626   -0.034626   library hold time
                                             -0.034626   data required time
---------------------------------------------------------------------------------------------
                                             -0.034626   data required time
                                             -0.485132   data arrival time
---------------------------------------------------------------------------------------------
                                              0.519758   slack (MET)


Startpoint: _3886_ (rising edge-triggered flip-flop clocked by clk)
Endpoint: _3886_ (rising edge-triggered flip-flop clocked by clk)
Path Group: clk
Path Type: min

Fanout         Cap        Slew       Delay        Time   Description
---------------------------------------------------------------------------------------------
                      0.000000    0.000000    0.000000   clock clk (rise edge)
                                  0.000000    0.000000   clock network delay (ideal)
                      0.000000    0.000000    0.000000 ^ _3886_/CLK (sky130_fd_sc_hd__dfxtp_2)
     3    0.003750    0.035085    0.291827    0.291827 ^ _3886_/Q (sky130_fd_sc_hd__dfxtp_2)
                                                         ACC_OUT[6] (net)
                      0.035085    0.000000    0.291827 ^ _2190_/A0 (sky130_fd_sc_hd__mux2_2)
     1    0.002191    0.034746    0.125486    0.417313 ^ _2190_/X (sky130_fd_sc_hd__mux2_2)
                                                         _1610_ (net)
                      0.034746    0.000000    0.417313 ^ _2191_/A (sky130_fd_sc_hd__buf_1)
     1    0.001674    0.033052    0.067819    0.485132 ^ _2191_/X (sky130_fd_sc_hd__buf_1)
                                                         _0422_ (net)
                      0.033052    0.000000    0.485132 ^ _3886_/D (sky130_fd_sc_hd__dfxtp_2)
                                              0.485132   data arrival time

                      0.000000    0.000000    0.000000   clock clk (rise edge)
                                  0.000000    0.000000   clock network delay (ideal)
                                  0.000000    0.000000   clock reconvergence pessimism
                                              0.000000 ^ _3886_/CLK (sky130_fd_sc_hd__dfxtp_2)
                                 -0.034626   -0.034626   library hold time
                                             -0.034626   data required time
---------------------------------------------------------------------------------------------
                                             -0.034626   data required time
                                             -0.485132   data arrival time
---------------------------------------------------------------------------------------------
                                              0.519758   slack (MET)


Startpoint: _3887_ (rising edge-triggered flip-flop clocked by clk)
Endpoint: _3887_ (rising edge-triggered flip-flop clocked by clk)
Path Group: clk
Path Type: min

Fanout         Cap        Slew       Delay        Time   Description
---------------------------------------------------------------------------------------------
                      0.000000    0.000000    0.000000   clock clk (rise edge)
                                  0.000000    0.000000   clock network delay (ideal)
                      0.000000    0.000000    0.000000 ^ _3887_/CLK (sky130_fd_sc_hd__dfxtp_2)
     3    0.003750    0.035085    0.291827    0.291827 ^ _3887_/Q (sky130_fd_sc_hd__dfxtp_2)
                                                         ACC_OUT[7] (net)
                      0.035085    0.000000    0.291827 ^ _2192_/A0 (sky130_fd_sc_hd__mux2_2)
     1    0.002191    0.034746    0.125486    0.417313 ^ _2192_/X (sky130_fd_sc_hd__mux2_2)
                                                         _1611_ (net)
                      0.034746    0.000000    0.417313 ^ _2193_/A (sky130_fd_sc_hd__buf_1)
     1    0.001674    0.033052    0.067819    0.485132 ^ _2193_/X (sky130_fd_sc_hd__buf_1)
                                                         _0423_ (net)
                      0.033052    0.000000    0.485132 ^ _3887_/D (sky130_fd_sc_hd__dfxtp_2)
                                              0.485132   data arrival time

                      0.000000    0.000000    0.000000   clock clk (rise edge)
                                  0.000000    0.000000   clock network delay (ideal)
                                  0.000000    0.000000   clock reconvergence pessimism
                                              0.000000 ^ _3887_/CLK (sky130_fd_sc_hd__dfxtp_2)
                                 -0.034626   -0.034626   library hold time
                                             -0.034626   data required time
---------------------------------------------------------------------------------------------
                                             -0.034626   data required time
                                             -0.485132   data arrival time
---------------------------------------------------------------------------------------------
                                              0.519758   slack (MET)


Startpoint: _3888_ (rising edge-triggered flip-flop clocked by clk)
Endpoint: _3888_ (rising edge-triggered flip-flop clocked by clk)
Path Group: clk
Path Type: min

Fanout         Cap        Slew       Delay        Time   Description
---------------------------------------------------------------------------------------------
                      0.000000    0.000000    0.000000   clock clk (rise edge)
                                  0.000000    0.000000   clock network delay (ideal)
                      0.000000    0.000000    0.000000 ^ _3888_/CLK (sky130_fd_sc_hd__dfxtp_2)
     3    0.003750    0.035085    0.291827    0.291827 ^ _3888_/Q (sky130_fd_sc_hd__dfxtp_2)
                                                         ACC_OUT[8] (net)
                      0.035085    0.000000    0.291827 ^ _2194_/A0 (sky130_fd_sc_hd__mux2_2)
     1    0.002191    0.034746    0.125486    0.417313 ^ _2194_/X (sky130_fd_sc_hd__mux2_2)
                                                         _1612_ (net)
                      0.034746    0.000000    0.417313 ^ _2195_/A (sky130_fd_sc_hd__buf_1)
     1    0.001674    0.033052    0.067819    0.485132 ^ _2195_/X (sky130_fd_sc_hd__buf_1)
                                                         _0424_ (net)
                      0.033052    0.000000    0.485132 ^ _3888_/D (sky130_fd_sc_hd__dfxtp_2)
                                              0.485132   data arrival time

                      0.000000    0.000000    0.000000   clock clk (rise edge)
                                  0.000000    0.000000   clock network delay (ideal)
                                  0.000000    0.000000   clock reconvergence pessimism
                                              0.000000 ^ _3888_/CLK (sky130_fd_sc_hd__dfxtp_2)
                                 -0.034626   -0.034626   library hold time
                                             -0.034626   data required time
---------------------------------------------------------------------------------------------
                                             -0.034626   data required time
                                             -0.485132   data arrival time
---------------------------------------------------------------------------------------------
                                              0.519758   slack (MET)


Startpoint: _3889_ (rising edge-triggered flip-flop clocked by clk)
Endpoint: _3889_ (rising edge-triggered flip-flop clocked by clk)
Path Group: clk
Path Type: min

Fanout         Cap        Slew       Delay        Time   Description
---------------------------------------------------------------------------------------------
                      0.000000    0.000000    0.000000   clock clk (rise edge)
                                  0.000000    0.000000   clock network delay (ideal)
                      0.000000    0.000000    0.000000 ^ _3889_/CLK (sky130_fd_sc_hd__dfxtp_2)
     3    0.003750    0.035085    0.291827    0.291827 ^ _3889_/Q (sky130_fd_sc_hd__dfxtp_2)
                                                         ACC_OUT[9] (net)
                      0.035085    0.000000    0.291827 ^ _2196_/A0 (sky130_fd_sc_hd__mux2_2)
     1    0.002191    0.034746    0.125486    0.417313 ^ _2196_/X (sky130_fd_sc_hd__mux2_2)
                                                         _1613_ (net)
                      0.034746    0.000000    0.417313 ^ _2197_/A (sky130_fd_sc_hd__buf_1)
     1    0.001674    0.033052    0.067819    0.485132 ^ _2197_/X (sky130_fd_sc_hd__buf_1)
                                                         _0425_ (net)
                      0.033052    0.000000    0.485132 ^ _3889_/D (sky130_fd_sc_hd__dfxtp_2)
                                              0.485132   data arrival time

                      0.000000    0.000000    0.000000   clock clk (rise edge)
                                  0.000000    0.000000   clock network delay (ideal)
                                  0.000000    0.000000   clock reconvergence pessimism
                                              0.000000 ^ _3889_/CLK (sky130_fd_sc_hd__dfxtp_2)
                                 -0.034626   -0.034626   library hold time
                                             -0.034626   data required time
---------------------------------------------------------------------------------------------
                                             -0.034626   data required time
                                             -0.485132   data arrival time
---------------------------------------------------------------------------------------------
                                              0.519758   slack (MET)


Startpoint: _3890_ (rising edge-triggered flip-flop clocked by clk)
Endpoint: _3890_ (rising edge-triggered flip-flop clocked by clk)
Path Group: clk
Path Type: min

Fanout         Cap        Slew       Delay        Time   Description
---------------------------------------------------------------------------------------------
                      0.000000    0.000000    0.000000   clock clk (rise edge)
                                  0.000000    0.000000   clock network delay (ideal)
                      0.000000    0.000000    0.000000 ^ _3890_/CLK (sky130_fd_sc_hd__dfxtp_2)
     3    0.003750    0.035085    0.291827    0.291827 ^ _3890_/Q (sky130_fd_sc_hd__dfxtp_2)
                                                         ACC_OUT[10] (net)
                      0.035085    0.000000    0.291827 ^ _2198_/A0 (sky130_fd_sc_hd__mux2_2)
     1    0.002191    0.034746    0.125486    0.417313 ^ _2198_/X (sky130_fd_sc_hd__mux2_2)
                                                         _1614_ (net)
                      0.034746    0.000000    0.417313 ^ _2199_/A (sky130_fd_sc_hd__buf_1)
     1    0.001674    0.033052    0.067819    0.485132 ^ _2199_/X (sky130_fd_sc_hd__buf_1)
                                                         _0426_ (net)
                      0.033052    0.000000    0.485132 ^ _3890_/D (sky130_fd_sc_hd__dfxtp_2)
                                              0.485132   data arrival time

                      0.000000    0.000000    0.000000   clock clk (rise edge)
                                  0.000000    0.000000   clock network delay (ideal)
                                  0.000000    0.000000   clock reconvergence pessimism
                                              0.000000 ^ _3890_/CLK (sky130_fd_sc_hd__dfxtp_2)
                                 -0.034626   -0.034626   library hold time
                                             -0.034626   data required time
---------------------------------------------------------------------------------------------
                                             -0.034626   data required time
                                             -0.485132   data arrival time
---------------------------------------------------------------------------------------------
                                              0.519758   slack (MET)


Startpoint: _3891_ (rising edge-triggered flip-flop clocked by clk)
Endpoint: _3891_ (rising edge-triggered flip-flop clocked by clk)
Path Group: clk
Path Type: min

Fanout         Cap        Slew       Delay        Time   Description
---------------------------------------------------------------------------------------------
                      0.000000    0.000000    0.000000   clock clk (rise edge)
                                  0.000000    0.000000   clock network delay (ideal)
                      0.000000    0.000000    0.000000 ^ _3891_/CLK (sky130_fd_sc_hd__dfxtp_2)
     3    0.003750    0.035085    0.291827    0.291827 ^ _3891_/Q (sky130_fd_sc_hd__dfxtp_2)
                                                         ACC_OUT[11] (net)
                      0.035085    0.000000    0.291827 ^ _2200_/A0 (sky130_fd_sc_hd__mux2_2)
     1    0.002191    0.034746    0.125486    0.417313 ^ _2200_/X (sky130_fd_sc_hd__mux2_2)
                                                         _1615_ (net)
                      0.034746    0.000000    0.417313 ^ _2201_/A (sky130_fd_sc_hd__buf_1)
     1    0.001674    0.033052    0.067819    0.485132 ^ _2201_/X (sky130_fd_sc_hd__buf_1)
                                                         _0427_ (net)
                      0.033052    0.000000    0.485132 ^ _3891_/D (sky130_fd_sc_hd__dfxtp_2)
                                              0.485132   data arrival time

                      0.000000    0.000000    0.000000   clock clk (rise edge)
                                  0.000000    0.000000   clock network delay (ideal)
                                  0.000000    0.000000   clock reconvergence pessimism
                                              0.000000 ^ _3891_/CLK (sky130_fd_sc_hd__dfxtp_2)
                                 -0.034626   -0.034626   library hold time
                                             -0.034626   data required time
---------------------------------------------------------------------------------------------
                                             -0.034626   data required time
                                             -0.485132   data arrival time
---------------------------------------------------------------------------------------------
                                              0.519758   slack (MET)


Startpoint: _3892_ (rising edge-triggered flip-flop clocked by clk)
Endpoint: _3892_ (rising edge-triggered flip-flop clocked by clk)
Path Group: clk
Path Type: min

Fanout         Cap        Slew       Delay        Time   Description
---------------------------------------------------------------------------------------------
                      0.000000    0.000000    0.000000   clock clk (rise edge)
                                  0.000000    0.000000   clock network delay (ideal)
                      0.000000    0.000000    0.000000 ^ _3892_/CLK (sky130_fd_sc_hd__dfxtp_2)
     3    0.003750    0.035085    0.291827    0.291827 ^ _3892_/Q (sky130_fd_sc_hd__dfxtp_2)
                                                         ACC_OUT[12] (net)
                      0.035085    0.000000    0.291827 ^ _2202_/A0 (sky130_fd_sc_hd__mux2_2)
     1    0.002191    0.034746    0.125486    0.417313 ^ _2202_/X (sky130_fd_sc_hd__mux2_2)
                                                         _1616_ (net)
                      0.034746    0.000000    0.417313 ^ _2203_/A (sky130_fd_sc_hd__buf_1)
     1    0.001674    0.033052    0.067819    0.485132 ^ _2203_/X (sky130_fd_sc_hd__buf_1)
                                                         _0428_ (net)
                      0.033052    0.000000    0.485132 ^ _3892_/D (sky130_fd_sc_hd__dfxtp_2)
                                              0.485132   data arrival time

                      0.000000    0.000000    0.000000   clock clk (rise edge)
                                  0.000000    0.000000   clock network delay (ideal)
                                  0.000000    0.000000   clock reconvergence pessimism
                                              0.000000 ^ _3892_/CLK (sky130_fd_sc_hd__dfxtp_2)
                                 -0.034626   -0.034626   library hold time
                                             -0.034626   data required time
---------------------------------------------------------------------------------------------
                                             -0.034626   data required time
                                             -0.485132   data arrival time
---------------------------------------------------------------------------------------------
                                              0.519758   slack (MET)


Startpoint: _3893_ (rising edge-triggered flip-flop clocked by clk)
Endpoint: _3893_ (rising edge-triggered flip-flop clocked by clk)
Path Group: clk
Path Type: min

Fanout         Cap        Slew       Delay        Time   Description
---------------------------------------------------------------------------------------------
                      0.000000    0.000000    0.000000   clock clk (rise edge)
                                  0.000000    0.000000   clock network delay (ideal)
                      0.000000    0.000000    0.000000 ^ _3893_/CLK (sky130_fd_sc_hd__dfxtp_2)
     3    0.003750    0.035085    0.291827    0.291827 ^ _3893_/Q (sky130_fd_sc_hd__dfxtp_2)
                                                         ACC_OUT[13] (net)
                      0.035085    0.000000    0.291827 ^ _2204_/A0 (sky130_fd_sc_hd__mux2_2)
     1    0.002191    0.034746    0.125486    0.417313 ^ _2204_/X (sky130_fd_sc_hd__mux2_2)
                                                         _1617_ (net)
                      0.034746    0.000000    0.417313 ^ _2205_/A (sky130_fd_sc_hd__buf_1)
     1    0.001674    0.033052    0.067819    0.485132 ^ _2205_/X (sky130_fd_sc_hd__buf_1)
                                                         _0429_ (net)
                      0.033052    0.000000    0.485132 ^ _3893_/D (sky130_fd_sc_hd__dfxtp_2)
                                              0.485132   data arrival time

                      0.000000    0.000000    0.000000   clock clk (rise edge)
                                  0.000000    0.000000   clock network delay (ideal)
                                  0.000000    0.000000   clock reconvergence pessimism
                                              0.000000 ^ _3893_/CLK (sky130_fd_sc_hd__dfxtp_2)
                                 -0.034626   -0.034626   library hold time
                                             -0.034626   data required time
---------------------------------------------------------------------------------------------
                                             -0.034626   data required time
                                             -0.485132   data arrival time
---------------------------------------------------------------------------------------------
                                              0.519758   slack (MET)


Startpoint: _3894_ (rising edge-triggered flip-flop clocked by clk)
Endpoint: _3894_ (rising edge-triggered flip-flop clocked by clk)
Path Group: clk
Path Type: min

Fanout         Cap        Slew       Delay        Time   Description
---------------------------------------------------------------------------------------------
                      0.000000    0.000000    0.000000   clock clk (rise edge)
                                  0.000000    0.000000   clock network delay (ideal)
                      0.000000    0.000000    0.000000 ^ _3894_/CLK (sky130_fd_sc_hd__dfxtp_2)
     3    0.003750    0.035085    0.291827    0.291827 ^ _3894_/Q (sky130_fd_sc_hd__dfxtp_2)
                                                         ACC_OUT[14] (net)
                      0.035085    0.000000    0.291827 ^ _2206_/A0 (sky130_fd_sc_hd__mux2_2)
     1    0.002191    0.034746    0.125486    0.417313 ^ _2206_/X (sky130_fd_sc_hd__mux2_2)
                                                         _1618_ (net)
                      0.034746    0.000000    0.417313 ^ _2207_/A (sky130_fd_sc_hd__buf_1)
     1    0.001674    0.033052    0.067819    0.485132 ^ _2207_/X (sky130_fd_sc_hd__buf_1)
                                                         _0430_ (net)
                      0.033052    0.000000    0.485132 ^ _3894_/D (sky130_fd_sc_hd__dfxtp_2)
                                              0.485132   data arrival time

                      0.000000    0.000000    0.000000   clock clk (rise edge)
                                  0.000000    0.000000   clock network delay (ideal)
                                  0.000000    0.000000   clock reconvergence pessimism
                                              0.000000 ^ _3894_/CLK (sky130_fd_sc_hd__dfxtp_2)
                                 -0.034626   -0.034626   library hold time
                                             -0.034626   data required time
---------------------------------------------------------------------------------------------
                                             -0.034626   data required time
                                             -0.485132   data arrival time
---------------------------------------------------------------------------------------------
                                              0.519758   slack (MET)


Startpoint: _3895_ (rising edge-triggered flip-flop clocked by clk)
Endpoint: _3895_ (rising edge-triggered flip-flop clocked by clk)
Path Group: clk
Path Type: min

Fanout         Cap        Slew       Delay        Time   Description
---------------------------------------------------------------------------------------------
                      0.000000    0.000000    0.000000   clock clk (rise edge)
                                  0.000000    0.000000   clock network delay (ideal)
                      0.000000    0.000000    0.000000 ^ _3895_/CLK (sky130_fd_sc_hd__dfxtp_2)
     3    0.003750    0.035085    0.291827    0.291827 ^ _3895_/Q (sky130_fd_sc_hd__dfxtp_2)
                                                         ACC_OUT[15] (net)
                      0.035085    0.000000    0.291827 ^ _2208_/A0 (sky130_fd_sc_hd__mux2_2)
     1    0.002191    0.034746    0.125486    0.417313 ^ _2208_/X (sky130_fd_sc_hd__mux2_2)
                                                         _1619_ (net)
                      0.034746    0.000000    0.417313 ^ _2209_/A (sky130_fd_sc_hd__buf_1)
     1    0.001674    0.033052    0.067819    0.485132 ^ _2209_/X (sky130_fd_sc_hd__buf_1)
                                                         _0431_ (net)
                      0.033052    0.000000    0.485132 ^ _3895_/D (sky130_fd_sc_hd__dfxtp_2)
                                              0.485132   data arrival time

                      0.000000    0.000000    0.000000   clock clk (rise edge)
                                  0.000000    0.000000   clock network delay (ideal)
                                  0.000000    0.000000   clock reconvergence pessimism
                                              0.000000 ^ _3895_/CLK (sky130_fd_sc_hd__dfxtp_2)
                                 -0.034626   -0.034626   library hold time
                                             -0.034626   data required time
---------------------------------------------------------------------------------------------
                                             -0.034626   data required time
                                             -0.485132   data arrival time
---------------------------------------------------------------------------------------------
                                              0.519758   slack (MET)


Startpoint: _3693_ (rising edge-triggered flip-flop clocked by clk)
Endpoint: _3693_ (rising edge-triggered flip-flop clocked by clk)
Path Group: clk
Path Type: min

Fanout         Cap        Slew       Delay        Time   Description
---------------------------------------------------------------------------------------------
                      0.000000    0.000000    0.000000   clock clk (rise edge)
                                  0.000000    0.000000   clock network delay (ideal)
                      0.000000    0.000000    0.000000 ^ _3693_/CLK (sky130_fd_sc_hd__dfrtp_2)
     7    0.014543    0.090412    0.365668    0.365668 ^ _3693_/Q (sky130_fd_sc_hd__dfrtp_2)
                                                         addsub_unit.op_sign_logic0.mantisa_a[4] (net)
                      0.090412    0.000000    0.365668 ^ _1852_/A2 (sky130_fd_sc_hd__a21o_2)
     1    0.002005    0.023215    0.120391    0.486059 ^ _1852_/X (sky130_fd_sc_hd__a21o_2)
                                                         _0229_ (net)
                      0.023215    0.000000    0.486059 ^ _3693_/D (sky130_fd_sc_hd__dfrtp_2)
                                              0.486059   data arrival time

                      0.000000    0.000000    0.000000   clock clk (rise edge)
                                  0.000000    0.000000   clock network delay (ideal)
                                  0.000000    0.000000   clock reconvergence pessimism
                                              0.000000 ^ _3693_/CLK (sky130_fd_sc_hd__dfrtp_2)
                                 -0.036289   -0.036289   library hold time
                                             -0.036289   data required time
---------------------------------------------------------------------------------------------
                                             -0.036289   data required time
                                             -0.486059   data arrival time
---------------------------------------------------------------------------------------------
                                              0.522348   slack (MET)


Startpoint: _3691_ (rising edge-triggered flip-flop clocked by clk)
Endpoint: _3691_ (rising edge-triggered flip-flop clocked by clk)
Path Group: clk
Path Type: min

Fanout         Cap        Slew       Delay        Time   Description
---------------------------------------------------------------------------------------------
                      0.000000    0.000000    0.000000   clock clk (rise edge)
                                  0.000000    0.000000   clock network delay (ideal)
                      0.000000    0.000000    0.000000 ^ _3691_/CLK (sky130_fd_sc_hd__dfrtp_2)
     6    0.010345    0.072399    0.349201    0.349201 ^ _3691_/Q (sky130_fd_sc_hd__dfrtp_2)
                                                         addsub_unit.op_sign_logic0.mantisa_a[2] (net)
                      0.072399    0.000000    0.349201 ^ _1876_/A2 (sky130_fd_sc_hd__a22o_2)
     1    0.002005    0.029929    0.135549    0.484750 ^ _1876_/X (sky130_fd_sc_hd__a22o_2)
                                                         _0227_ (net)
                      0.029929    0.000000    0.484750 ^ _3691_/D (sky130_fd_sc_hd__dfrtp_2)
                                              0.484750   data arrival time

                      0.000000    0.000000    0.000000   clock clk (rise edge)
                                  0.000000    0.000000   clock network delay (ideal)
                                  0.000000    0.000000   clock reconvergence pessimism
                                              0.000000 ^ _3691_/CLK (sky130_fd_sc_hd__dfrtp_2)
                                 -0.037688   -0.037688   library hold time
                                             -0.037688   data required time
---------------------------------------------------------------------------------------------
                                             -0.037688   data required time
                                             -0.484750   data arrival time
---------------------------------------------------------------------------------------------
                                              0.522437   slack (MET)


Startpoint: _3692_ (rising edge-triggered flip-flop clocked by clk)
Endpoint: _3692_ (rising edge-triggered flip-flop clocked by clk)
Path Group: clk
Path Type: min

Fanout         Cap        Slew       Delay        Time   Description
---------------------------------------------------------------------------------------------
                      0.000000    0.000000    0.000000   clock clk (rise edge)
                                  0.000000    0.000000   clock network delay (ideal)
                      0.000000    0.000000    0.000000 ^ _3692_/CLK (sky130_fd_sc_hd__dfrtp_2)
     5    0.019758    0.112906    0.383571    0.383571 ^ _3692_/Q (sky130_fd_sc_hd__dfrtp_2)
                                                         addsub_unit.op_sign_logic0.mantisa_a[3] (net)
                      0.112906    0.000000    0.383571 ^ _1868_/A2 (sky130_fd_sc_hd__a21oi_2)
     1    0.004237    0.024569    0.068811    0.452383 v _1868_/Y (sky130_fd_sc_hd__a21oi_2)
                                                         _1527_ (net)
                      0.024569    0.000000    0.452383 v _1869_/B1 (sky130_fd_sc_hd__o21ai_2)
     1    0.002005    0.032323    0.035819    0.488202 ^ _1869_/Y (sky130_fd_sc_hd__o21ai_2)
                                                         _0228_ (net)
                      0.032323    0.000000    0.488202 ^ _3692_/D (sky130_fd_sc_hd__dfrtp_2)
                                              0.488202   data arrival time

                      0.000000    0.000000    0.000000   clock clk (rise edge)
                                  0.000000    0.000000   clock network delay (ideal)
                                  0.000000    0.000000   clock reconvergence pessimism
                                              0.000000 ^ _3692_/CLK (sky130_fd_sc_hd__dfrtp_2)
                                 -0.038186   -0.038186   library hold time
                                             -0.038186   data required time
---------------------------------------------------------------------------------------------
                                             -0.038186   data required time
                                             -0.488202   data arrival time
---------------------------------------------------------------------------------------------
                                              0.526388   slack (MET)


Startpoint: _3880_ (rising edge-triggered flip-flop clocked by clk)
Endpoint: _3733_ (rising edge-triggered flip-flop clocked by clk)
Path Group: clk
Path Type: min

Fanout         Cap        Slew       Delay        Time   Description
---------------------------------------------------------------------------------------------
                      0.000000    0.000000    0.000000   clock clk (rise edge)
                                  0.000000    0.000000   clock network delay (ideal)
                      0.000000    0.000000    0.000000 ^ _3880_/CLK (sky130_fd_sc_hd__dfxtp_2)
     3    0.003750    0.035085    0.291827    0.291827 ^ _3880_/Q (sky130_fd_sc_hd__dfxtp_2)
                                                         ACC_OUT[0] (net)
                      0.035085    0.000000    0.291827 ^ _3291_/A1 (sky130_fd_sc_hd__mux2_2)
     1    0.002191    0.034744    0.126157    0.417984 ^ _3291_/X (sky130_fd_sc_hd__mux2_2)
                                                         _1156_ (net)
                      0.034744    0.000000    0.417984 ^ _3292_/A (sky130_fd_sc_hd__buf_1)
     1    0.002005    0.036760    0.070541    0.488525 ^ _3292_/X (sky130_fd_sc_hd__buf_1)
                                                         _0269_ (net)
                      0.036760    0.000000    0.488525 ^ _3733_/D (sky130_fd_sc_hd__dfrtp_2)
                                              0.488525   data arrival time

                      0.000000    0.000000    0.000000   clock clk (rise edge)
                                  0.000000    0.000000   clock network delay (ideal)
                                  0.000000    0.000000   clock reconvergence pessimism
                                              0.000000 ^ _3733_/CLK (sky130_fd_sc_hd__dfrtp_2)
                                 -0.039110   -0.039110   library hold time
                                             -0.039110   data required time
---------------------------------------------------------------------------------------------
                                             -0.039110   data required time
                                             -0.488525   data arrival time
---------------------------------------------------------------------------------------------
                                              0.527635   slack (MET)


Startpoint: _3881_ (rising edge-triggered flip-flop clocked by clk)
Endpoint: _3734_ (rising edge-triggered flip-flop clocked by clk)
Path Group: clk
Path Type: min

Fanout         Cap        Slew       Delay        Time   Description
---------------------------------------------------------------------------------------------
                      0.000000    0.000000    0.000000   clock clk (rise edge)
                                  0.000000    0.000000   clock network delay (ideal)
                      0.000000    0.000000    0.000000 ^ _3881_/CLK (sky130_fd_sc_hd__dfxtp_2)
     3    0.003750    0.035085    0.291827    0.291827 ^ _3881_/Q (sky130_fd_sc_hd__dfxtp_2)
                                                         ACC_OUT[1] (net)
                      0.035085    0.000000    0.291827 ^ _3289_/A1 (sky130_fd_sc_hd__mux2_2)
     1    0.002191    0.034744    0.126157    0.417984 ^ _3289_/X (sky130_fd_sc_hd__mux2_2)
                                                         _1155_ (net)
                      0.034744    0.000000    0.417984 ^ _3290_/A (sky130_fd_sc_hd__buf_1)
     1    0.002005    0.036760    0.070541    0.488525 ^ _3290_/X (sky130_fd_sc_hd__buf_1)
                                                         _0270_ (net)
                      0.036760    0.000000    0.488525 ^ _3734_/D (sky130_fd_sc_hd__dfrtp_2)
                                              0.488525   data arrival time

                      0.000000    0.000000    0.000000   clock clk (rise edge)
                                  0.000000    0.000000   clock network delay (ideal)
                                  0.000000    0.000000   clock reconvergence pessimism
                                              0.000000 ^ _3734_/CLK (sky130_fd_sc_hd__dfrtp_2)
                                 -0.039110   -0.039110   library hold time
                                             -0.039110   data required time
---------------------------------------------------------------------------------------------
                                             -0.039110   data required time
                                             -0.488525   data arrival time
---------------------------------------------------------------------------------------------
                                              0.527635   slack (MET)


Startpoint: _3882_ (rising edge-triggered flip-flop clocked by clk)
Endpoint: _3735_ (rising edge-triggered flip-flop clocked by clk)
Path Group: clk
Path Type: min

Fanout         Cap        Slew       Delay        Time   Description
---------------------------------------------------------------------------------------------
                      0.000000    0.000000    0.000000   clock clk (rise edge)
                                  0.000000    0.000000   clock network delay (ideal)
                      0.000000    0.000000    0.000000 ^ _3882_/CLK (sky130_fd_sc_hd__dfxtp_2)
     3    0.003750    0.035085    0.291827    0.291827 ^ _3882_/Q (sky130_fd_sc_hd__dfxtp_2)
                                                         ACC_OUT[2] (net)
                      0.035085    0.000000    0.291827 ^ _3287_/A1 (sky130_fd_sc_hd__mux2_2)
     1    0.002191    0.034744    0.126157    0.417984 ^ _3287_/X (sky130_fd_sc_hd__mux2_2)
                                                         _1154_ (net)
                      0.034744    0.000000    0.417984 ^ _3288_/A (sky130_fd_sc_hd__buf_1)
     1    0.002005    0.036760    0.070541    0.488525 ^ _3288_/X (sky130_fd_sc_hd__buf_1)
                                                         _0271_ (net)
                      0.036760    0.000000    0.488525 ^ _3735_/D (sky130_fd_sc_hd__dfrtp_2)
                                              0.488525   data arrival time

                      0.000000    0.000000    0.000000   clock clk (rise edge)
                                  0.000000    0.000000   clock network delay (ideal)
                                  0.000000    0.000000   clock reconvergence pessimism
                                              0.000000 ^ _3735_/CLK (sky130_fd_sc_hd__dfrtp_2)
                                 -0.039110   -0.039110   library hold time
                                             -0.039110   data required time
---------------------------------------------------------------------------------------------
                                             -0.039110   data required time
                                             -0.488525   data arrival time
---------------------------------------------------------------------------------------------
                                              0.527635   slack (MET)


Startpoint: _3883_ (rising edge-triggered flip-flop clocked by clk)
Endpoint: _3736_ (rising edge-triggered flip-flop clocked by clk)
Path Group: clk
Path Type: min

Fanout         Cap        Slew       Delay        Time   Description
---------------------------------------------------------------------------------------------
                      0.000000    0.000000    0.000000   clock clk (rise edge)
                                  0.000000    0.000000   clock network delay (ideal)
                      0.000000    0.000000    0.000000 ^ _3883_/CLK (sky130_fd_sc_hd__dfxtp_2)
     3    0.003750    0.035085    0.291827    0.291827 ^ _3883_/Q (sky130_fd_sc_hd__dfxtp_2)
                                                         ACC_OUT[3] (net)
                      0.035085    0.000000    0.291827 ^ _3285_/A1 (sky130_fd_sc_hd__mux2_2)
     1    0.002191    0.034744    0.126157    0.417984 ^ _3285_/X (sky130_fd_sc_hd__mux2_2)
                                                         _1153_ (net)
                      0.034744    0.000000    0.417984 ^ _3286_/A (sky130_fd_sc_hd__buf_1)
     1    0.002005    0.036760    0.070541    0.488525 ^ _3286_/X (sky130_fd_sc_hd__buf_1)
                                                         _0272_ (net)
                      0.036760    0.000000    0.488525 ^ _3736_/D (sky130_fd_sc_hd__dfrtp_2)
                                              0.488525   data arrival time

                      0.000000    0.000000    0.000000   clock clk (rise edge)
                                  0.000000    0.000000   clock network delay (ideal)
                                  0.000000    0.000000   clock reconvergence pessimism
                                              0.000000 ^ _3736_/CLK (sky130_fd_sc_hd__dfrtp_2)
                                 -0.039110   -0.039110   library hold time
                                             -0.039110   data required time
---------------------------------------------------------------------------------------------
                                             -0.039110   data required time
                                             -0.488525   data arrival time
---------------------------------------------------------------------------------------------
                                              0.527635   slack (MET)


Startpoint: _3884_ (rising edge-triggered flip-flop clocked by clk)
Endpoint: _3737_ (rising edge-triggered flip-flop clocked by clk)
Path Group: clk
Path Type: min

Fanout         Cap        Slew       Delay        Time   Description
---------------------------------------------------------------------------------------------
                      0.000000    0.000000    0.000000   clock clk (rise edge)
                                  0.000000    0.000000   clock network delay (ideal)
                      0.000000    0.000000    0.000000 ^ _3884_/CLK (sky130_fd_sc_hd__dfxtp_2)
     3    0.003750    0.035085    0.291827    0.291827 ^ _3884_/Q (sky130_fd_sc_hd__dfxtp_2)
                                                         ACC_OUT[4] (net)
                      0.035085    0.000000    0.291827 ^ _3283_/A1 (sky130_fd_sc_hd__mux2_2)
     1    0.002191    0.034749    0.126157    0.417984 ^ _3283_/X (sky130_fd_sc_hd__mux2_2)
                                                         _1152_ (net)
                      0.034749    0.000000    0.417984 ^ _3284_/A (sky130_fd_sc_hd__buf_1)
     1    0.002005    0.036760    0.070542    0.488527 ^ _3284_/X (sky130_fd_sc_hd__buf_1)
                                                         _0273_ (net)
                      0.036760    0.000000    0.488527 ^ _3737_/D (sky130_fd_sc_hd__dfrtp_2)
                                              0.488527   data arrival time

                      0.000000    0.000000    0.000000   clock clk (rise edge)
                                  0.000000    0.000000   clock network delay (ideal)
                                  0.000000    0.000000   clock reconvergence pessimism
                                              0.000000 ^ _3737_/CLK (sky130_fd_sc_hd__dfrtp_2)
                                 -0.039110   -0.039110   library hold time
                                             -0.039110   data required time
---------------------------------------------------------------------------------------------
                                             -0.039110   data required time
                                             -0.488527   data arrival time
---------------------------------------------------------------------------------------------
                                              0.527637   slack (MET)


Startpoint: _3885_ (rising edge-triggered flip-flop clocked by clk)
Endpoint: _3738_ (rising edge-triggered flip-flop clocked by clk)
Path Group: clk
Path Type: min

Fanout         Cap        Slew       Delay        Time   Description
---------------------------------------------------------------------------------------------
                      0.000000    0.000000    0.000000   clock clk (rise edge)
                                  0.000000    0.000000   clock network delay (ideal)
                      0.000000    0.000000    0.000000 ^ _3885_/CLK (sky130_fd_sc_hd__dfxtp_2)
     3    0.003750    0.035085    0.291827    0.291827 ^ _3885_/Q (sky130_fd_sc_hd__dfxtp_2)
                                                         ACC_OUT[5] (net)
                      0.035085    0.000000    0.291827 ^ _3281_/A1 (sky130_fd_sc_hd__mux2_2)
     1    0.002191    0.034749    0.126157    0.417984 ^ _3281_/X (sky130_fd_sc_hd__mux2_2)
                                                         _1151_ (net)
                      0.034749    0.000000    0.417984 ^ _3282_/A (sky130_fd_sc_hd__buf_1)
     1    0.002005    0.036760    0.070542    0.488527 ^ _3282_/X (sky130_fd_sc_hd__buf_1)
                                                         _0274_ (net)
                      0.036760    0.000000    0.488527 ^ _3738_/D (sky130_fd_sc_hd__dfrtp_2)
                                              0.488527   data arrival time

                      0.000000    0.000000    0.000000   clock clk (rise edge)
                                  0.000000    0.000000   clock network delay (ideal)
                                  0.000000    0.000000   clock reconvergence pessimism
                                              0.000000 ^ _3738_/CLK (sky130_fd_sc_hd__dfrtp_2)
                                 -0.039110   -0.039110   library hold time
                                             -0.039110   data required time
---------------------------------------------------------------------------------------------
                                             -0.039110   data required time
                                             -0.488527   data arrival time
---------------------------------------------------------------------------------------------
                                              0.527637   slack (MET)


Startpoint: _3886_ (rising edge-triggered flip-flop clocked by clk)
Endpoint: _3739_ (rising edge-triggered flip-flop clocked by clk)
Path Group: clk
Path Type: min

Fanout         Cap        Slew       Delay        Time   Description
---------------------------------------------------------------------------------------------
                      0.000000    0.000000    0.000000   clock clk (rise edge)
                                  0.000000    0.000000   clock network delay (ideal)
                      0.000000    0.000000    0.000000 ^ _3886_/CLK (sky130_fd_sc_hd__dfxtp_2)
     3    0.003750    0.035085    0.291827    0.291827 ^ _3886_/Q (sky130_fd_sc_hd__dfxtp_2)
                                                         ACC_OUT[6] (net)
                      0.035085    0.000000    0.291827 ^ _3279_/A1 (sky130_fd_sc_hd__mux2_2)
     1    0.002191    0.034749    0.126157    0.417984 ^ _3279_/X (sky130_fd_sc_hd__mux2_2)
                                                         _1150_ (net)
                      0.034749    0.000000    0.417984 ^ _3280_/A (sky130_fd_sc_hd__buf_1)
     1    0.002005    0.036760    0.070542    0.488527 ^ _3280_/X (sky130_fd_sc_hd__buf_1)
                                                         _0275_ (net)
                      0.036760    0.000000    0.488527 ^ _3739_/D (sky130_fd_sc_hd__dfrtp_2)
                                              0.488527   data arrival time

                      0.000000    0.000000    0.000000   clock clk (rise edge)
                                  0.000000    0.000000   clock network delay (ideal)
                                  0.000000    0.000000   clock reconvergence pessimism
                                              0.000000 ^ _3739_/CLK (sky130_fd_sc_hd__dfrtp_2)
                                 -0.039110   -0.039110   library hold time
                                             -0.039110   data required time
---------------------------------------------------------------------------------------------
                                             -0.039110   data required time
                                             -0.488527   data arrival time
---------------------------------------------------------------------------------------------
                                              0.527637   slack (MET)


Startpoint: _3887_ (rising edge-triggered flip-flop clocked by clk)
Endpoint: _3740_ (rising edge-triggered flip-flop clocked by clk)
Path Group: clk
Path Type: min

Fanout         Cap        Slew       Delay        Time   Description
---------------------------------------------------------------------------------------------
                      0.000000    0.000000    0.000000   clock clk (rise edge)
                                  0.000000    0.000000   clock network delay (ideal)
                      0.000000    0.000000    0.000000 ^ _3887_/CLK (sky130_fd_sc_hd__dfxtp_2)
     3    0.003750    0.035085    0.291827    0.291827 ^ _3887_/Q (sky130_fd_sc_hd__dfxtp_2)
                                                         ACC_OUT[7] (net)
                      0.035085    0.000000    0.291827 ^ _3277_/A1 (sky130_fd_sc_hd__mux2_2)
     1    0.002191    0.034749    0.126157    0.417984 ^ _3277_/X (sky130_fd_sc_hd__mux2_2)
                                                         _1149_ (net)
                      0.034749    0.000000    0.417984 ^ _3278_/A (sky130_fd_sc_hd__buf_1)
     1    0.002005    0.036760    0.070542    0.488527 ^ _3278_/X (sky130_fd_sc_hd__buf_1)
                                                         _0276_ (net)
                      0.036760    0.000000    0.488527 ^ _3740_/D (sky130_fd_sc_hd__dfrtp_2)
                                              0.488527   data arrival time

                      0.000000    0.000000    0.000000   clock clk (rise edge)
                                  0.000000    0.000000   clock network delay (ideal)
                                  0.000000    0.000000   clock reconvergence pessimism
                                              0.000000 ^ _3740_/CLK (sky130_fd_sc_hd__dfrtp_2)
                                 -0.039110   -0.039110   library hold time
                                             -0.039110   data required time
---------------------------------------------------------------------------------------------
                                             -0.039110   data required time
                                             -0.488527   data arrival time
---------------------------------------------------------------------------------------------
                                              0.527637   slack (MET)


Startpoint: _3888_ (rising edge-triggered flip-flop clocked by clk)
Endpoint: _3741_ (rising edge-triggered flip-flop clocked by clk)
Path Group: clk
Path Type: min

Fanout         Cap        Slew       Delay        Time   Description
---------------------------------------------------------------------------------------------
                      0.000000    0.000000    0.000000   clock clk (rise edge)
                                  0.000000    0.000000   clock network delay (ideal)
                      0.000000    0.000000    0.000000 ^ _3888_/CLK (sky130_fd_sc_hd__dfxtp_2)
     3    0.003750    0.035085    0.291827    0.291827 ^ _3888_/Q (sky130_fd_sc_hd__dfxtp_2)
                                                         ACC_OUT[8] (net)
                      0.035085    0.000000    0.291827 ^ _3275_/A1 (sky130_fd_sc_hd__mux2_2)
     1    0.002191    0.034749    0.126157    0.417984 ^ _3275_/X (sky130_fd_sc_hd__mux2_2)
                                                         _1148_ (net)
                      0.034749    0.000000    0.417984 ^ _3276_/A (sky130_fd_sc_hd__buf_1)
     1    0.002005    0.036760    0.070542    0.488527 ^ _3276_/X (sky130_fd_sc_hd__buf_1)
                                                         _0277_ (net)
                      0.036760    0.000000    0.488527 ^ _3741_/D (sky130_fd_sc_hd__dfrtp_2)
                                              0.488527   data arrival time

                      0.000000    0.000000    0.000000   clock clk (rise edge)
                                  0.000000    0.000000   clock network delay (ideal)
                                  0.000000    0.000000   clock reconvergence pessimism
                                              0.000000 ^ _3741_/CLK (sky130_fd_sc_hd__dfrtp_2)
                                 -0.039110   -0.039110   library hold time
                                             -0.039110   data required time
---------------------------------------------------------------------------------------------
                                             -0.039110   data required time
                                             -0.488527   data arrival time
---------------------------------------------------------------------------------------------
                                              0.527637   slack (MET)


Startpoint: _3889_ (rising edge-triggered flip-flop clocked by clk)
Endpoint: _3742_ (rising edge-triggered flip-flop clocked by clk)
Path Group: clk
Path Type: min

Fanout         Cap        Slew       Delay        Time   Description
---------------------------------------------------------------------------------------------
                      0.000000    0.000000    0.000000   clock clk (rise edge)
                                  0.000000    0.000000   clock network delay (ideal)
                      0.000000    0.000000    0.000000 ^ _3889_/CLK (sky130_fd_sc_hd__dfxtp_2)
     3    0.003750    0.035085    0.291827    0.291827 ^ _3889_/Q (sky130_fd_sc_hd__dfxtp_2)
                                                         ACC_OUT[9] (net)
                      0.035085    0.000000    0.291827 ^ _3273_/A1 (sky130_fd_sc_hd__mux2_2)
     1    0.002191    0.034749    0.126157    0.417984 ^ _3273_/X (sky130_fd_sc_hd__mux2_2)
                                                         _1147_ (net)
                      0.034749    0.000000    0.417984 ^ _3274_/A (sky130_fd_sc_hd__buf_1)
     1    0.002005    0.036760    0.070542    0.488527 ^ _3274_/X (sky130_fd_sc_hd__buf_1)
                                                         _0278_ (net)
                      0.036760    0.000000    0.488527 ^ _3742_/D (sky130_fd_sc_hd__dfrtp_2)
                                              0.488527   data arrival time

                      0.000000    0.000000    0.000000   clock clk (rise edge)
                                  0.000000    0.000000   clock network delay (ideal)
                                  0.000000    0.000000   clock reconvergence pessimism
                                              0.000000 ^ _3742_/CLK (sky130_fd_sc_hd__dfrtp_2)
                                 -0.039110   -0.039110   library hold time
                                             -0.039110   data required time
---------------------------------------------------------------------------------------------
                                             -0.039110   data required time
                                             -0.488527   data arrival time
---------------------------------------------------------------------------------------------
                                              0.527637   slack (MET)


Startpoint: _3890_ (rising edge-triggered flip-flop clocked by clk)
Endpoint: _3743_ (rising edge-triggered flip-flop clocked by clk)
Path Group: clk
Path Type: min

Fanout         Cap        Slew       Delay        Time   Description
---------------------------------------------------------------------------------------------
                      0.000000    0.000000    0.000000   clock clk (rise edge)
                                  0.000000    0.000000   clock network delay (ideal)
                      0.000000    0.000000    0.000000 ^ _3890_/CLK (sky130_fd_sc_hd__dfxtp_2)
     3    0.003750    0.035085    0.291827    0.291827 ^ _3890_/Q (sky130_fd_sc_hd__dfxtp_2)
                                                         ACC_OUT[10] (net)
                      0.035085    0.000000    0.291827 ^ _3271_/A1 (sky130_fd_sc_hd__mux2_2)
     1    0.002191    0.034749    0.126157    0.417984 ^ _3271_/X (sky130_fd_sc_hd__mux2_2)
                                                         _1146_ (net)
                      0.034749    0.000000    0.417984 ^ _3272_/A (sky130_fd_sc_hd__buf_1)
     1    0.002005    0.036760    0.070542    0.488527 ^ _3272_/X (sky130_fd_sc_hd__buf_1)
                                                         _0279_ (net)
                      0.036760    0.000000    0.488527 ^ _3743_/D (sky130_fd_sc_hd__dfrtp_2)
                                              0.488527   data arrival time

                      0.000000    0.000000    0.000000   clock clk (rise edge)
                                  0.000000    0.000000   clock network delay (ideal)
                                  0.000000    0.000000   clock reconvergence pessimism
                                              0.000000 ^ _3743_/CLK (sky130_fd_sc_hd__dfrtp_2)
                                 -0.039110   -0.039110   library hold time
                                             -0.039110   data required time
---------------------------------------------------------------------------------------------
                                             -0.039110   data required time
                                             -0.488527   data arrival time
---------------------------------------------------------------------------------------------
                                              0.527637   slack (MET)


Startpoint: _3891_ (rising edge-triggered flip-flop clocked by clk)
Endpoint: _3744_ (rising edge-triggered flip-flop clocked by clk)
Path Group: clk
Path Type: min

Fanout         Cap        Slew       Delay        Time   Description
---------------------------------------------------------------------------------------------
                      0.000000    0.000000    0.000000   clock clk (rise edge)
                                  0.000000    0.000000   clock network delay (ideal)
                      0.000000    0.000000    0.000000 ^ _3891_/CLK (sky130_fd_sc_hd__dfxtp_2)
     3    0.003750    0.035085    0.291827    0.291827 ^ _3891_/Q (sky130_fd_sc_hd__dfxtp_2)
                                                         ACC_OUT[11] (net)
                      0.035085    0.000000    0.291827 ^ _3269_/A1 (sky130_fd_sc_hd__mux2_2)
     1    0.002191    0.034749    0.126157    0.417984 ^ _3269_/X (sky130_fd_sc_hd__mux2_2)
                                                         _1145_ (net)
                      0.034749    0.000000    0.417984 ^ _3270_/A (sky130_fd_sc_hd__buf_1)
     1    0.002005    0.036760    0.070542    0.488527 ^ _3270_/X (sky130_fd_sc_hd__buf_1)
                                                         _0280_ (net)
                      0.036760    0.000000    0.488527 ^ _3744_/D (sky130_fd_sc_hd__dfrtp_2)
                                              0.488527   data arrival time

                      0.000000    0.000000    0.000000   clock clk (rise edge)
                                  0.000000    0.000000   clock network delay (ideal)
                                  0.000000    0.000000   clock reconvergence pessimism
                                              0.000000 ^ _3744_/CLK (sky130_fd_sc_hd__dfrtp_2)
                                 -0.039110   -0.039110   library hold time
                                             -0.039110   data required time
---------------------------------------------------------------------------------------------
                                             -0.039110   data required time
                                             -0.488527   data arrival time
---------------------------------------------------------------------------------------------
                                              0.527637   slack (MET)


Startpoint: _3892_ (rising edge-triggered flip-flop clocked by clk)
Endpoint: _3745_ (rising edge-triggered flip-flop clocked by clk)
Path Group: clk
Path Type: min

Fanout         Cap        Slew       Delay        Time   Description
---------------------------------------------------------------------------------------------
                      0.000000    0.000000    0.000000   clock clk (rise edge)
                                  0.000000    0.000000   clock network delay (ideal)
                      0.000000    0.000000    0.000000 ^ _3892_/CLK (sky130_fd_sc_hd__dfxtp_2)
     3    0.003750    0.035085    0.291827    0.291827 ^ _3892_/Q (sky130_fd_sc_hd__dfxtp_2)
                                                         ACC_OUT[12] (net)
                      0.035085    0.000000    0.291827 ^ _3267_/A1 (sky130_fd_sc_hd__mux2_2)
     1    0.002191    0.034749    0.126157    0.417984 ^ _3267_/X (sky130_fd_sc_hd__mux2_2)
                                                         _1144_ (net)
                      0.034749    0.000000    0.417984 ^ _3268_/A (sky130_fd_sc_hd__buf_1)
     1    0.002005    0.036760    0.070542    0.488527 ^ _3268_/X (sky130_fd_sc_hd__buf_1)
                                                         _0281_ (net)
                      0.036760    0.000000    0.488527 ^ _3745_/D (sky130_fd_sc_hd__dfrtp_2)
                                              0.488527   data arrival time

                      0.000000    0.000000    0.000000   clock clk (rise edge)
                                  0.000000    0.000000   clock network delay (ideal)
                                  0.000000    0.000000   clock reconvergence pessimism
                                              0.000000 ^ _3745_/CLK (sky130_fd_sc_hd__dfrtp_2)
                                 -0.039110   -0.039110   library hold time
                                             -0.039110   data required time
---------------------------------------------------------------------------------------------
                                             -0.039110   data required time
                                             -0.488527   data arrival time
---------------------------------------------------------------------------------------------
                                              0.527637   slack (MET)


Startpoint: _3893_ (rising edge-triggered flip-flop clocked by clk)
Endpoint: _3746_ (rising edge-triggered flip-flop clocked by clk)
Path Group: clk
Path Type: min

Fanout         Cap        Slew       Delay        Time   Description
---------------------------------------------------------------------------------------------
                      0.000000    0.000000    0.000000   clock clk (rise edge)
                                  0.000000    0.000000   clock network delay (ideal)
                      0.000000    0.000000    0.000000 ^ _3893_/CLK (sky130_fd_sc_hd__dfxtp_2)
     3    0.003750    0.035085    0.291827    0.291827 ^ _3893_/Q (sky130_fd_sc_hd__dfxtp_2)
                                                         ACC_OUT[13] (net)
                      0.035085    0.000000    0.291827 ^ _3265_/A1 (sky130_fd_sc_hd__mux2_2)
     1    0.002191    0.034749    0.126157    0.417984 ^ _3265_/X (sky130_fd_sc_hd__mux2_2)
                                                         _1143_ (net)
                      0.034749    0.000000    0.417984 ^ _3266_/A (sky130_fd_sc_hd__buf_1)
     1    0.002005    0.036760    0.070542    0.488527 ^ _3266_/X (sky130_fd_sc_hd__buf_1)
                                                         _0282_ (net)
                      0.036760    0.000000    0.488527 ^ _3746_/D (sky130_fd_sc_hd__dfrtp_2)
                                              0.488527   data arrival time

                      0.000000    0.000000    0.000000   clock clk (rise edge)
                                  0.000000    0.000000   clock network delay (ideal)
                                  0.000000    0.000000   clock reconvergence pessimism
                                              0.000000 ^ _3746_/CLK (sky130_fd_sc_hd__dfrtp_2)
                                 -0.039110   -0.039110   library hold time
                                             -0.039110   data required time
---------------------------------------------------------------------------------------------
                                             -0.039110   data required time
                                             -0.488527   data arrival time
---------------------------------------------------------------------------------------------
                                              0.527637   slack (MET)


Startpoint: _3894_ (rising edge-triggered flip-flop clocked by clk)
Endpoint: _3747_ (rising edge-triggered flip-flop clocked by clk)
Path Group: clk
Path Type: min

Fanout         Cap        Slew       Delay        Time   Description
---------------------------------------------------------------------------------------------
                      0.000000    0.000000    0.000000   clock clk (rise edge)
                                  0.000000    0.000000   clock network delay (ideal)
                      0.000000    0.000000    0.000000 ^ _3894_/CLK (sky130_fd_sc_hd__dfxtp_2)
     3    0.003750    0.035085    0.291827    0.291827 ^ _3894_/Q (sky130_fd_sc_hd__dfxtp_2)
                                                         ACC_OUT[14] (net)
                      0.035085    0.000000    0.291827 ^ _3262_/A1 (sky130_fd_sc_hd__mux2_2)
     1    0.002191    0.034749    0.126157    0.417984 ^ _3262_/X (sky130_fd_sc_hd__mux2_2)
                                                         _1141_ (net)
                      0.034749    0.000000    0.417984 ^ _3263_/A (sky130_fd_sc_hd__buf_1)
     1    0.002005    0.036760    0.070542    0.488527 ^ _3263_/X (sky130_fd_sc_hd__buf_1)
                                                         _0283_ (net)
                      0.036760    0.000000    0.488527 ^ _3747_/D (sky130_fd_sc_hd__dfrtp_2)
                                              0.488527   data arrival time

                      0.000000    0.000000    0.000000   clock clk (rise edge)
                                  0.000000    0.000000   clock network delay (ideal)
                                  0.000000    0.000000   clock reconvergence pessimism
                                              0.000000 ^ _3747_/CLK (sky130_fd_sc_hd__dfrtp_2)
                                 -0.039110   -0.039110   library hold time
                                             -0.039110   data required time
---------------------------------------------------------------------------------------------
                                             -0.039110   data required time
                                             -0.488527   data arrival time
---------------------------------------------------------------------------------------------
                                              0.527637   slack (MET)


Startpoint: _3895_ (rising edge-triggered flip-flop clocked by clk)
Endpoint: _3748_ (rising edge-triggered flip-flop clocked by clk)
Path Group: clk
Path Type: min

Fanout         Cap        Slew       Delay        Time   Description
---------------------------------------------------------------------------------------------
                      0.000000    0.000000    0.000000   clock clk (rise edge)
                                  0.000000    0.000000   clock network delay (ideal)
                      0.000000    0.000000    0.000000 ^ _3895_/CLK (sky130_fd_sc_hd__dfxtp_2)
     3    0.003750    0.035085    0.291827    0.291827 ^ _3895_/Q (sky130_fd_sc_hd__dfxtp_2)
                                                         ACC_OUT[15] (net)
                      0.035085    0.000000    0.291827 ^ _3260_/A1 (sky130_fd_sc_hd__mux2_2)
     1    0.002191    0.034749    0.126157    0.417984 ^ _3260_/X (sky130_fd_sc_hd__mux2_2)
                                                         _1140_ (net)
                      0.034749    0.000000    0.417984 ^ _3261_/A (sky130_fd_sc_hd__buf_1)
     1    0.002005    0.036760    0.070542    0.488527 ^ _3261_/X (sky130_fd_sc_hd__buf_1)
                                                         _0284_ (net)
                      0.036760    0.000000    0.488527 ^ _3748_/D (sky130_fd_sc_hd__dfrtp_2)
                                              0.488527   data arrival time

                      0.000000    0.000000    0.000000   clock clk (rise edge)
                                  0.000000    0.000000   clock network delay (ideal)
                                  0.000000    0.000000   clock reconvergence pessimism
                                              0.000000 ^ _3748_/CLK (sky130_fd_sc_hd__dfrtp_2)
                                 -0.039110   -0.039110   library hold time
                                             -0.039110   data required time
---------------------------------------------------------------------------------------------
                                             -0.039110   data required time
                                             -0.488527   data arrival time
---------------------------------------------------------------------------------------------
                                              0.527637   slack (MET)


Startpoint: _3669_ (rising edge-triggered flip-flop clocked by clk)
Endpoint: _3669_ (rising edge-triggered flip-flop clocked by clk)
Path Group: clk
Path Type: min

Fanout         Cap        Slew       Delay        Time   Description
---------------------------------------------------------------------------------------------
                      0.000000    0.000000    0.000000   clock clk (rise edge)
                                  0.000000    0.000000   clock network delay (ideal)
                      0.000000    0.000000    0.000000 ^ _3669_/CLK (sky130_fd_sc_hd__dfrtp_2)
     6    0.016399    0.098417    0.372040    0.372040 ^ _3669_/Q (sky130_fd_sc_hd__dfrtp_2)
                                                         state[2] (net)
                      0.098417    0.000000    0.372040 ^ _1964_/A1 (sky130_fd_sc_hd__a21o_2)
     1    0.002005    0.026972    0.119503    0.491543 ^ _1964_/X (sky130_fd_sc_hd__a21o_2)
                                                         _1831_ (net)
                      0.026972    0.000000    0.491543 ^ _3669_/D (sky130_fd_sc_hd__dfrtp_2)
                                              0.491543   data arrival time

                      0.000000    0.000000    0.000000   clock clk (rise edge)
                                  0.000000    0.000000   clock network delay (ideal)
                                  0.000000    0.000000   clock reconvergence pessimism
                                              0.000000 ^ _3669_/CLK (sky130_fd_sc_hd__dfrtp_2)
                                 -0.037072   -0.037072   library hold time
                                             -0.037072   data required time
---------------------------------------------------------------------------------------------
                                             -0.037072   data required time
                                             -0.491543   data arrival time
---------------------------------------------------------------------------------------------
                                              0.528615   slack (MET)


Startpoint: _3684_ (rising edge-triggered flip-flop clocked by clk)
Endpoint: _3684_ (rising edge-triggered flip-flop clocked by clk)
Path Group: clk
Path Type: min

Fanout         Cap        Slew       Delay        Time   Description
---------------------------------------------------------------------------------------------
                      0.000000    0.000000    0.000000   clock clk (rise edge)
                                  0.000000    0.000000   clock network delay (ideal)
                      0.000000    0.000000    0.000000 ^ _3684_/CLK (sky130_fd_sc_hd__dfrtp_2)
     6    0.017120    0.101527    0.374515    0.374515 ^ _3684_/Q (sky130_fd_sc_hd__dfrtp_2)
                                                         addsub_unit.op_sign_logic0.mantisa_b[6] (net)
                      0.101527    0.000000    0.374515 ^ _1909_/A2 (sky130_fd_sc_hd__a21o_2)
     1    0.002005    0.023215    0.123816    0.498331 ^ _1909_/X (sky130_fd_sc_hd__a21o_2)
                                                         _0220_ (net)
                      0.023215    0.000000    0.498331 ^ _3684_/D (sky130_fd_sc_hd__dfrtp_2)
                                              0.498331   data arrival time

                      0.000000    0.000000    0.000000   clock clk (rise edge)
                                  0.000000    0.000000   clock network delay (ideal)
                                  0.000000    0.000000   clock reconvergence pessimism
                                              0.000000 ^ _3684_/CLK (sky130_fd_sc_hd__dfrtp_2)
                                 -0.036289   -0.036289   library hold time
                                             -0.036289   data required time
---------------------------------------------------------------------------------------------
                                             -0.036289   data required time
                                             -0.498331   data arrival time
---------------------------------------------------------------------------------------------
                                              0.534621   slack (MET)


Startpoint: _3795_ (rising edge-triggered flip-flop clocked by clk)
Endpoint: _3795_ (rising edge-triggered flip-flop clocked by clk)
Path Group: clk
Path Type: min

Fanout         Cap        Slew       Delay        Time   Description
---------------------------------------------------------------------------------------------
                      0.000000    0.000000    0.000000   clock clk (rise edge)
                                  0.000000    0.000000   clock network delay (ideal)
                      0.000000    0.000000    0.000000 ^ _3795_/CLK (sky130_fd_sc_hd__dfrtp_2)
     3    0.015599    0.094967    0.369293    0.369293 ^ _3795_/Q (sky130_fd_sc_hd__dfrtp_2)
                                                         mul_unit.seg_reg0.q[18] (net)
                      0.094967    0.000000    0.369293 ^ _2470_/B (sky130_fd_sc_hd__nor2_2)
     1    0.004119    0.028336    0.041605    0.410898 v _2470_/Y (sky130_fd_sc_hd__nor2_2)
                                                         _1795_ (net)
                      0.028336    0.000000    0.410898 v _2471_/B1 (sky130_fd_sc_hd__a21oi_2)
     1    0.002005    0.072057    0.079401    0.490300 ^ _2471_/Y (sky130_fd_sc_hd__a21oi_2)
                                                         _0331_ (net)
                      0.072057    0.000000    0.490300 ^ _3795_/D (sky130_fd_sc_hd__dfrtp_2)
                                              0.490300   data arrival time

                      0.000000    0.000000    0.000000   clock clk (rise edge)
                                  0.000000    0.000000   clock network delay (ideal)
                                  0.000000    0.000000   clock reconvergence pessimism
                                              0.000000 ^ _3795_/CLK (sky130_fd_sc_hd__dfrtp_2)
                                 -0.046461   -0.046461   library hold time
                                             -0.046461   data required time
---------------------------------------------------------------------------------------------
                                             -0.046461   data required time
                                             -0.490300   data arrival time
---------------------------------------------------------------------------------------------
                                              0.536761   slack (MET)


Startpoint: _3766_ (rising edge-triggered flip-flop clocked by clk)
Endpoint: _3766_ (rising edge-triggered flip-flop clocked by clk)
Path Group: clk
Path Type: min

Fanout         Cap        Slew       Delay        Time   Description
---------------------------------------------------------------------------------------------
                      0.000000    0.000000    0.000000   clock clk (rise edge)
                                  0.000000    0.000000   clock network delay (ideal)
                      0.000000    0.000000    0.000000 ^ _3766_/CLK (sky130_fd_sc_hd__dfrtp_2)
     2    0.004332    0.046706    0.323297    0.323297 ^ _3766_/Q (sky130_fd_sc_hd__dfrtp_2)
                                                         add_out[1] (net)
                      0.046706    0.000000    0.323297 ^ _3220_/A2 (sky130_fd_sc_hd__o21ba_2)
     1    0.002191    0.030570    0.111076    0.434373 ^ _3220_/X (sky130_fd_sc_hd__o21ba_2)
                                                         _1119_ (net)
                      0.030570    0.000000    0.434373 ^ _3221_/A (sky130_fd_sc_hd__buf_1)
     1    0.002005    0.036753    0.069090    0.503463 ^ _3221_/X (sky130_fd_sc_hd__buf_1)
                                                         _0302_ (net)
                      0.036753    0.000000    0.503463 ^ _3766_/D (sky130_fd_sc_hd__dfrtp_2)
                                              0.503463   data arrival time

                      0.000000    0.000000    0.000000   clock clk (rise edge)
                                  0.000000    0.000000   clock network delay (ideal)
                                  0.000000    0.000000   clock reconvergence pessimism
                                              0.000000 ^ _3766_/CLK (sky130_fd_sc_hd__dfrtp_2)
                                 -0.039109   -0.039109   library hold time
                                             -0.039109   data required time
---------------------------------------------------------------------------------------------
                                             -0.039109   data required time
                                             -0.503463   data arrival time
---------------------------------------------------------------------------------------------
                                              0.542571   slack (MET)


Startpoint: _3689_ (rising edge-triggered flip-flop clocked by clk)
Endpoint: _3689_ (rising edge-triggered flip-flop clocked by clk)
Path Group: clk
Path Type: min

Fanout         Cap        Slew       Delay        Time   Description
---------------------------------------------------------------------------------------------
                      0.000000    0.000000    0.000000   clock clk (rise edge)
                                  0.000000    0.000000   clock network delay (ideal)
                      0.000000    0.000000    0.000000 ^ _3689_/CLK (sky130_fd_sc_hd__dfrtp_2)
     6    0.014937    0.092111    0.367021    0.367021 ^ _3689_/Q (sky130_fd_sc_hd__dfrtp_2)
                                                         addsub_unit.op_sign_logic0.mantisa_a[0] (net)
                      0.092111    0.000000    0.367021 ^ _1887_/A2 (sky130_fd_sc_hd__a22o_2)
     1    0.002005    0.029939    0.141402    0.508423 ^ _1887_/X (sky130_fd_sc_hd__a22o_2)
                                                         _0225_ (net)
                      0.029939    0.000000    0.508423 ^ _3689_/D (sky130_fd_sc_hd__dfrtp_2)
                                              0.508423   data arrival time

                      0.000000    0.000000    0.000000   clock clk (rise edge)
                                  0.000000    0.000000   clock network delay (ideal)
                                  0.000000    0.000000   clock reconvergence pessimism
                                              0.000000 ^ _3689_/CLK (sky130_fd_sc_hd__dfrtp_2)
                                 -0.037690   -0.037690   library hold time
                                             -0.037690   data required time
---------------------------------------------------------------------------------------------
                                             -0.037690   data required time
                                             -0.508423   data arrival time
---------------------------------------------------------------------------------------------
                                              0.546113   slack (MET)


Startpoint: _3801_ (rising edge-triggered flip-flop clocked by clk)
Endpoint: _3801_ (rising edge-triggered flip-flop clocked by clk)
Path Group: clk
Path Type: min

Fanout         Cap        Slew       Delay        Time   Description
---------------------------------------------------------------------------------------------
                      0.000000    0.000000    0.000000   clock clk (rise edge)
                                  0.000000    0.000000   clock network delay (ideal)
                      0.000000    0.000000    0.000000 ^ _3801_/CLK (sky130_fd_sc_hd__dfrtp_2)
     2    0.003401    0.042198    0.317834    0.317834 ^ _3801_/Q (sky130_fd_sc_hd__dfrtp_2)
                                                         mul_unit.seg_reg0.q[24] (net)
                      0.042198    0.000000    0.317834 ^ _2430_/A0 (sky130_fd_sc_hd__mux2_2)
     1    0.002191    0.034938    0.127976    0.445810 ^ _2430_/X (sky130_fd_sc_hd__mux2_2)
                                                         _1761_ (net)
                      0.034938    0.000000    0.445810 ^ _2431_/A (sky130_fd_sc_hd__buf_1)
     1    0.002005    0.036760    0.070608    0.516418 ^ _2431_/X (sky130_fd_sc_hd__buf_1)
                                                         _0337_ (net)
                      0.036760    0.000000    0.516418 ^ _3801_/D (sky130_fd_sc_hd__dfrtp_2)
                                              0.516418   data arrival time

                      0.000000    0.000000    0.000000   clock clk (rise edge)
                                  0.000000    0.000000   clock network delay (ideal)
                                  0.000000    0.000000   clock reconvergence pessimism
                                              0.000000 ^ _3801_/CLK (sky130_fd_sc_hd__dfrtp_2)
                                 -0.039110   -0.039110   library hold time
                                             -0.039110   data required time
---------------------------------------------------------------------------------------------
                                             -0.039110   data required time
                                             -0.516418   data arrival time
---------------------------------------------------------------------------------------------
                                              0.555528   slack (MET)


Startpoint: _3805_ (rising edge-triggered flip-flop clocked by clk)
Endpoint: _3805_ (rising edge-triggered flip-flop clocked by clk)
Path Group: clk
Path Type: min

Fanout         Cap        Slew       Delay        Time   Description
---------------------------------------------------------------------------------------------
                      0.000000    0.000000    0.000000   clock clk (rise edge)
                                  0.000000    0.000000   clock network delay (ideal)
                      0.000000    0.000000    0.000000 ^ _3805_/CLK (sky130_fd_sc_hd__dfrtp_2)
     2    0.003401    0.042198    0.317834    0.317834 ^ _3805_/Q (sky130_fd_sc_hd__dfrtp_2)
                                                         mul_unit.seg_reg0.q[28] (net)
                      0.042198    0.000000    0.317834 ^ _2422_/A0 (sky130_fd_sc_hd__mux2_2)
     1    0.002191    0.034938    0.127976    0.445810 ^ _2422_/X (sky130_fd_sc_hd__mux2_2)
                                                         _1757_ (net)
                      0.034938    0.000000    0.445810 ^ _2423_/A (sky130_fd_sc_hd__buf_1)
     1    0.002005    0.036760    0.070608    0.516418 ^ _2423_/X (sky130_fd_sc_hd__buf_1)
                                                         _0341_ (net)
                      0.036760    0.000000    0.516418 ^ _3805_/D (sky130_fd_sc_hd__dfrtp_2)
                                              0.516418   data arrival time

                      0.000000    0.000000    0.000000   clock clk (rise edge)
                                  0.000000    0.000000   clock network delay (ideal)
                                  0.000000    0.000000   clock reconvergence pessimism
                                              0.000000 ^ _3805_/CLK (sky130_fd_sc_hd__dfrtp_2)
                                 -0.039110   -0.039110   library hold time
                                             -0.039110   data required time
---------------------------------------------------------------------------------------------
                                             -0.039110   data required time
                                             -0.516418   data arrival time
---------------------------------------------------------------------------------------------
                                              0.555528   slack (MET)


Startpoint: _3809_ (rising edge-triggered flip-flop clocked by clk)
Endpoint: _3809_ (rising edge-triggered flip-flop clocked by clk)
Path Group: clk
Path Type: min

Fanout         Cap        Slew       Delay        Time   Description
---------------------------------------------------------------------------------------------
                      0.000000    0.000000    0.000000   clock clk (rise edge)
                                  0.000000    0.000000   clock network delay (ideal)
                      0.000000    0.000000    0.000000 ^ _3809_/CLK (sky130_fd_sc_hd__dfrtp_2)
     2    0.003401    0.042198    0.317834    0.317834 ^ _3809_/Q (sky130_fd_sc_hd__dfrtp_2)
                                                         mul_unit.seg_reg0.q[32] (net)
                      0.042198    0.000000    0.317834 ^ _2414_/A0 (sky130_fd_sc_hd__mux2_2)
     1    0.002191    0.034938    0.127976    0.445810 ^ _2414_/X (sky130_fd_sc_hd__mux2_2)
                                                         _1753_ (net)
                      0.034938    0.000000    0.445810 ^ _2415_/A (sky130_fd_sc_hd__buf_1)
     1    0.002005    0.036760    0.070608    0.516418 ^ _2415_/X (sky130_fd_sc_hd__buf_1)
                                                         _0345_ (net)
                      0.036760    0.000000    0.516418 ^ _3809_/D (sky130_fd_sc_hd__dfrtp_2)
                                              0.516418   data arrival time

                      0.000000    0.000000    0.000000   clock clk (rise edge)
                                  0.000000    0.000000   clock network delay (ideal)
                                  0.000000    0.000000   clock reconvergence pessimism
                                              0.000000 ^ _3809_/CLK (sky130_fd_sc_hd__dfrtp_2)
                                 -0.039110   -0.039110   library hold time
                                             -0.039110   data required time
---------------------------------------------------------------------------------------------
                                             -0.039110   data required time
                                             -0.516418   data arrival time
---------------------------------------------------------------------------------------------
                                              0.555528   slack (MET)


Startpoint: _3816_ (rising edge-triggered flip-flop clocked by clk)
Endpoint: _3816_ (rising edge-triggered flip-flop clocked by clk)
Path Group: clk
Path Type: min

Fanout         Cap        Slew       Delay        Time   Description
---------------------------------------------------------------------------------------------
                      0.000000    0.000000    0.000000   clock clk (rise edge)
                                  0.000000    0.000000   clock network delay (ideal)
                      0.000000    0.000000    0.000000 ^ _3816_/CLK (sky130_fd_sc_hd__dfrtp_2)
     2    0.003401    0.042198    0.317834    0.317834 ^ _3816_/Q (sky130_fd_sc_hd__dfrtp_2)
                                                         mul_unit.seg_reg0.q[39] (net)
                      0.042198    0.000000    0.317834 ^ _2400_/A0 (sky130_fd_sc_hd__mux2_2)
     1    0.002191    0.034938    0.127976    0.445810 ^ _2400_/X (sky130_fd_sc_hd__mux2_2)
                                                         _1746_ (net)
                      0.034938    0.000000    0.445810 ^ _2401_/A (sky130_fd_sc_hd__buf_1)
     1    0.002005    0.036760    0.070608    0.516418 ^ _2401_/X (sky130_fd_sc_hd__buf_1)
                                                         _0352_ (net)
                      0.036760    0.000000    0.516418 ^ _3816_/D (sky130_fd_sc_hd__dfrtp_2)
                                              0.516418   data arrival time

                      0.000000    0.000000    0.000000   clock clk (rise edge)
                                  0.000000    0.000000   clock network delay (ideal)
                                  0.000000    0.000000   clock reconvergence pessimism
                                              0.000000 ^ _3816_/CLK (sky130_fd_sc_hd__dfrtp_2)
                                 -0.039110   -0.039110   library hold time
                                             -0.039110   data required time
---------------------------------------------------------------------------------------------
                                             -0.039110   data required time
                                             -0.516418   data arrival time
---------------------------------------------------------------------------------------------
                                              0.555528   slack (MET)


Startpoint: _3820_ (rising edge-triggered flip-flop clocked by clk)
Endpoint: _3820_ (rising edge-triggered flip-flop clocked by clk)
Path Group: clk
Path Type: min

Fanout         Cap        Slew       Delay        Time   Description
---------------------------------------------------------------------------------------------
                      0.000000    0.000000    0.000000   clock clk (rise edge)
                                  0.000000    0.000000   clock network delay (ideal)
                      0.000000    0.000000    0.000000 ^ _3820_/CLK (sky130_fd_sc_hd__dfrtp_2)
     2    0.003401    0.042198    0.317834    0.317834 ^ _3820_/Q (sky130_fd_sc_hd__dfrtp_2)
                                                         mul_unit.seg_reg0.q[43] (net)
                      0.042198    0.000000    0.317834 ^ _2392_/A0 (sky130_fd_sc_hd__mux2_2)
     1    0.002191    0.034938    0.127976    0.445810 ^ _2392_/X (sky130_fd_sc_hd__mux2_2)
                                                         _1742_ (net)
                      0.034938    0.000000    0.445810 ^ _2393_/A (sky130_fd_sc_hd__buf_1)
     1    0.002005    0.036760    0.070608    0.516418 ^ _2393_/X (sky130_fd_sc_hd__buf_1)
                                                         _0356_ (net)
                      0.036760    0.000000    0.516418 ^ _3820_/D (sky130_fd_sc_hd__dfrtp_2)
                                              0.516418   data arrival time

                      0.000000    0.000000    0.000000   clock clk (rise edge)
                                  0.000000    0.000000   clock network delay (ideal)
                                  0.000000    0.000000   clock reconvergence pessimism
                                              0.000000 ^ _3820_/CLK (sky130_fd_sc_hd__dfrtp_2)
                                 -0.039110   -0.039110   library hold time
                                             -0.039110   data required time
---------------------------------------------------------------------------------------------
                                             -0.039110   data required time
                                             -0.516418   data arrival time
---------------------------------------------------------------------------------------------
                                              0.555528   slack (MET)


Startpoint: _3824_ (rising edge-triggered flip-flop clocked by clk)
Endpoint: _3824_ (rising edge-triggered flip-flop clocked by clk)
Path Group: clk
Path Type: min

Fanout         Cap        Slew       Delay        Time   Description
---------------------------------------------------------------------------------------------
                      0.000000    0.000000    0.000000   clock clk (rise edge)
                                  0.000000    0.000000   clock network delay (ideal)
                      0.000000    0.000000    0.000000 ^ _3824_/CLK (sky130_fd_sc_hd__dfrtp_2)
     2    0.003401    0.042198    0.317834    0.317834 ^ _3824_/Q (sky130_fd_sc_hd__dfrtp_2)
                                                         mul_unit.seg_reg0.q[47] (net)
                      0.042198    0.000000    0.317834 ^ _2384_/A0 (sky130_fd_sc_hd__mux2_2)
     1    0.002191    0.034938    0.127976    0.445810 ^ _2384_/X (sky130_fd_sc_hd__mux2_2)
                                                         _1738_ (net)
                      0.034938    0.000000    0.445810 ^ _2385_/A (sky130_fd_sc_hd__buf_1)
     1    0.002005    0.036760    0.070608    0.516418 ^ _2385_/X (sky130_fd_sc_hd__buf_1)
                                                         _0360_ (net)
                      0.036760    0.000000    0.516418 ^ _3824_/D (sky130_fd_sc_hd__dfrtp_2)
                                              0.516418   data arrival time

                      0.000000    0.000000    0.000000   clock clk (rise edge)
                                  0.000000    0.000000   clock network delay (ideal)
                                  0.000000    0.000000   clock reconvergence pessimism
                                              0.000000 ^ _3824_/CLK (sky130_fd_sc_hd__dfrtp_2)
                                 -0.039110   -0.039110   library hold time
                                             -0.039110   data required time
---------------------------------------------------------------------------------------------
                                             -0.039110   data required time
                                             -0.516418   data arrival time
---------------------------------------------------------------------------------------------
                                              0.555528   slack (MET)


Startpoint: _3707_ (rising edge-triggered flip-flop clocked by clk)
Endpoint: _3718_ (rising edge-triggered flip-flop clocked by clk)
Path Group: clk
Path Type: min

Fanout         Cap        Slew       Delay        Time   Description
---------------------------------------------------------------------------------------------
                      0.000000    0.000000    0.000000   clock clk (rise edge)
                                  0.000000    0.000000   clock network delay (ideal)
                      0.000000    0.000000    0.000000 ^ _3707_/CLK (sky130_fd_sc_hd__dfrtp_2)
     2    0.003355    0.041974    0.317563    0.317563 ^ _3707_/Q (sky130_fd_sc_hd__dfrtp_2)
                                                         addsub_unit.seg_reg0.q[29] (net)
                      0.041974    0.000000    0.317563 ^ _3487_/A1 (sky130_fd_sc_hd__mux2_2)
     1    0.002191    0.034750    0.128473    0.446036 ^ _3487_/X (sky130_fd_sc_hd__mux2_2)
                                                         _1337_ (net)
                      0.034750    0.000000    0.446036 ^ _3488_/A (sky130_fd_sc_hd__buf_1)
     1    0.002005    0.036760    0.070543    0.516579 ^ _3488_/X (sky130_fd_sc_hd__buf_1)
                                                         _0254_ (net)
                      0.036760    0.000000    0.516579 ^ _3718_/D (sky130_fd_sc_hd__dfrtp_2)
                                              0.516579   data arrival time

                      0.000000    0.000000    0.000000   clock clk (rise edge)
                                  0.000000    0.000000   clock network delay (ideal)
                                  0.000000    0.000000   clock reconvergence pessimism
                                              0.000000 ^ _3718_/CLK (sky130_fd_sc_hd__dfrtp_2)
                                 -0.039110   -0.039110   library hold time
                                             -0.039110   data required time
---------------------------------------------------------------------------------------------
                                             -0.039110   data required time
                                             -0.516579   data arrival time
---------------------------------------------------------------------------------------------
                                              0.555689   slack (MET)


Startpoint: _3804_ (rising edge-triggered flip-flop clocked by clk)
Endpoint: _3804_ (rising edge-triggered flip-flop clocked by clk)
Path Group: clk
Path Type: min

Fanout         Cap        Slew       Delay        Time   Description
---------------------------------------------------------------------------------------------
                      0.000000    0.000000    0.000000   clock clk (rise edge)
                                  0.000000    0.000000   clock network delay (ideal)
                      0.000000    0.000000    0.000000 ^ _3804_/CLK (sky130_fd_sc_hd__dfrtp_2)
     2    0.003471    0.042537    0.318246    0.318246 ^ _3804_/Q (sky130_fd_sc_hd__dfrtp_2)
                                                         mul_unit.seg_reg0.q[27] (net)
                      0.042537    0.000000    0.318246 ^ _2424_/A0 (sky130_fd_sc_hd__mux2_2)
     1    0.002191    0.034938    0.128095    0.446341 ^ _2424_/X (sky130_fd_sc_hd__mux2_2)
                                                         _1758_ (net)
                      0.034938    0.000000    0.446341 ^ _2425_/A (sky130_fd_sc_hd__buf_1)
     1    0.002005    0.036760    0.070608    0.516949 ^ _2425_/X (sky130_fd_sc_hd__buf_1)
                                                         _0340_ (net)
                      0.036760    0.000000    0.516949 ^ _3804_/D (sky130_fd_sc_hd__dfrtp_2)
                                              0.516949   data arrival time

                      0.000000    0.000000    0.000000   clock clk (rise edge)
                                  0.000000    0.000000   clock network delay (ideal)
                                  0.000000    0.000000   clock reconvergence pessimism
                                              0.000000 ^ _3804_/CLK (sky130_fd_sc_hd__dfrtp_2)
                                 -0.039110   -0.039110   library hold time
                                             -0.039110   data required time
---------------------------------------------------------------------------------------------
                                             -0.039110   data required time
                                             -0.516949   data arrival time
---------------------------------------------------------------------------------------------
                                              0.556059   slack (MET)


Startpoint: _3808_ (rising edge-triggered flip-flop clocked by clk)
Endpoint: _3808_ (rising edge-triggered flip-flop clocked by clk)
Path Group: clk
Path Type: min

Fanout         Cap        Slew       Delay        Time   Description
---------------------------------------------------------------------------------------------
                      0.000000    0.000000    0.000000   clock clk (rise edge)
                                  0.000000    0.000000   clock network delay (ideal)
                      0.000000    0.000000    0.000000 ^ _3808_/CLK (sky130_fd_sc_hd__dfrtp_2)
     2    0.003471    0.042537    0.318246    0.318246 ^ _3808_/Q (sky130_fd_sc_hd__dfrtp_2)
                                                         mul_unit.seg_reg0.q[31] (net)
                      0.042537    0.000000    0.318246 ^ _2416_/A0 (sky130_fd_sc_hd__mux2_2)
     1    0.002191    0.034938    0.128095    0.446341 ^ _2416_/X (sky130_fd_sc_hd__mux2_2)
                                                         _1754_ (net)
                      0.034938    0.000000    0.446341 ^ _2417_/A (sky130_fd_sc_hd__buf_1)
     1    0.002005    0.036760    0.070608    0.516949 ^ _2417_/X (sky130_fd_sc_hd__buf_1)
                                                         _0344_ (net)
                      0.036760    0.000000    0.516949 ^ _3808_/D (sky130_fd_sc_hd__dfrtp_2)
                                              0.516949   data arrival time

                      0.000000    0.000000    0.000000   clock clk (rise edge)
                                  0.000000    0.000000   clock network delay (ideal)
                                  0.000000    0.000000   clock reconvergence pessimism
                                              0.000000 ^ _3808_/CLK (sky130_fd_sc_hd__dfrtp_2)
                                 -0.039110   -0.039110   library hold time
                                             -0.039110   data required time
---------------------------------------------------------------------------------------------
                                             -0.039110   data required time
                                             -0.516949   data arrival time
---------------------------------------------------------------------------------------------
                                              0.556059   slack (MET)


Startpoint: _3812_ (rising edge-triggered flip-flop clocked by clk)
Endpoint: _3812_ (rising edge-triggered flip-flop clocked by clk)
Path Group: clk
Path Type: min

Fanout         Cap        Slew       Delay        Time   Description
---------------------------------------------------------------------------------------------
                      0.000000    0.000000    0.000000   clock clk (rise edge)
                                  0.000000    0.000000   clock network delay (ideal)
                      0.000000    0.000000    0.000000 ^ _3812_/CLK (sky130_fd_sc_hd__dfrtp_2)
     2    0.003471    0.042537    0.318246    0.318246 ^ _3812_/Q (sky130_fd_sc_hd__dfrtp_2)
                                                         mul_unit.seg_reg0.q[35] (net)
                      0.042537    0.000000    0.318246 ^ _2408_/A0 (sky130_fd_sc_hd__mux2_2)
     1    0.002191    0.034938    0.128095    0.446341 ^ _2408_/X (sky130_fd_sc_hd__mux2_2)
                                                         _1750_ (net)
                      0.034938    0.000000    0.446341 ^ _2409_/A (sky130_fd_sc_hd__buf_1)
     1    0.002005    0.036760    0.070608    0.516949 ^ _2409_/X (sky130_fd_sc_hd__buf_1)
                                                         _0348_ (net)
                      0.036760    0.000000    0.516949 ^ _3812_/D (sky130_fd_sc_hd__dfrtp_2)
                                              0.516949   data arrival time

                      0.000000    0.000000    0.000000   clock clk (rise edge)
                                  0.000000    0.000000   clock network delay (ideal)
                                  0.000000    0.000000   clock reconvergence pessimism
                                              0.000000 ^ _3812_/CLK (sky130_fd_sc_hd__dfrtp_2)
                                 -0.039110   -0.039110   library hold time
                                             -0.039110   data required time
---------------------------------------------------------------------------------------------
                                             -0.039110   data required time
                                             -0.516949   data arrival time
---------------------------------------------------------------------------------------------
                                              0.556059   slack (MET)


Startpoint: _3815_ (rising edge-triggered flip-flop clocked by clk)
Endpoint: _3815_ (rising edge-triggered flip-flop clocked by clk)
Path Group: clk
Path Type: min

Fanout         Cap        Slew       Delay        Time   Description
---------------------------------------------------------------------------------------------
                      0.000000    0.000000    0.000000   clock clk (rise edge)
                                  0.000000    0.000000   clock network delay (ideal)
                      0.000000    0.000000    0.000000 ^ _3815_/CLK (sky130_fd_sc_hd__dfrtp_2)
     2    0.003471    0.042537    0.318246    0.318246 ^ _3815_/Q (sky130_fd_sc_hd__dfrtp_2)
                                                         mul_unit.seg_reg0.q[38] (net)
                      0.042537    0.000000    0.318246 ^ _2402_/A0 (sky130_fd_sc_hd__mux2_2)
     1    0.002191    0.034938    0.128095    0.446341 ^ _2402_/X (sky130_fd_sc_hd__mux2_2)
                                                         _1747_ (net)
                      0.034938    0.000000    0.446341 ^ _2403_/A (sky130_fd_sc_hd__buf_1)
     1    0.002005    0.036760    0.070608    0.516949 ^ _2403_/X (sky130_fd_sc_hd__buf_1)
                                                         _0351_ (net)
                      0.036760    0.000000    0.516949 ^ _3815_/D (sky130_fd_sc_hd__dfrtp_2)
                                              0.516949   data arrival time

                      0.000000    0.000000    0.000000   clock clk (rise edge)
                                  0.000000    0.000000   clock network delay (ideal)
                                  0.000000    0.000000   clock reconvergence pessimism
                                              0.000000 ^ _3815_/CLK (sky130_fd_sc_hd__dfrtp_2)
                                 -0.039110   -0.039110   library hold time
                                             -0.039110   data required time
---------------------------------------------------------------------------------------------
                                             -0.039110   data required time
                                             -0.516949   data arrival time
---------------------------------------------------------------------------------------------
                                              0.556059   slack (MET)


Startpoint: _3819_ (rising edge-triggered flip-flop clocked by clk)
Endpoint: _3819_ (rising edge-triggered flip-flop clocked by clk)
Path Group: clk
Path Type: min

Fanout         Cap        Slew       Delay        Time   Description
---------------------------------------------------------------------------------------------
                      0.000000    0.000000    0.000000   clock clk (rise edge)
                                  0.000000    0.000000   clock network delay (ideal)
                      0.000000    0.000000    0.000000 ^ _3819_/CLK (sky130_fd_sc_hd__dfrtp_2)
     2    0.003471    0.042537    0.318246    0.318246 ^ _3819_/Q (sky130_fd_sc_hd__dfrtp_2)
                                                         mul_unit.seg_reg0.q[42] (net)
                      0.042537    0.000000    0.318246 ^ _2394_/A0 (sky130_fd_sc_hd__mux2_2)
     1    0.002191    0.034938    0.128095    0.446341 ^ _2394_/X (sky130_fd_sc_hd__mux2_2)
                                                         _1743_ (net)
                      0.034938    0.000000    0.446341 ^ _2395_/A (sky130_fd_sc_hd__buf_1)
     1    0.002005    0.036760    0.070608    0.516949 ^ _2395_/X (sky130_fd_sc_hd__buf_1)
                                                         _0355_ (net)
                      0.036760    0.000000    0.516949 ^ _3819_/D (sky130_fd_sc_hd__dfrtp_2)
                                              0.516949   data arrival time

                      0.000000    0.000000    0.000000   clock clk (rise edge)
                                  0.000000    0.000000   clock network delay (ideal)
                                  0.000000    0.000000   clock reconvergence pessimism
                                              0.000000 ^ _3819_/CLK (sky130_fd_sc_hd__dfrtp_2)
                                 -0.039110   -0.039110   library hold time
                                             -0.039110   data required time
---------------------------------------------------------------------------------------------
                                             -0.039110   data required time
                                             -0.516949   data arrival time
---------------------------------------------------------------------------------------------
                                              0.556059   slack (MET)


Startpoint: _3823_ (rising edge-triggered flip-flop clocked by clk)
Endpoint: _3823_ (rising edge-triggered flip-flop clocked by clk)
Path Group: clk
Path Type: min

Fanout         Cap        Slew       Delay        Time   Description
---------------------------------------------------------------------------------------------
                      0.000000    0.000000    0.000000   clock clk (rise edge)
                                  0.000000    0.000000   clock network delay (ideal)
                      0.000000    0.000000    0.000000 ^ _3823_/CLK (sky130_fd_sc_hd__dfrtp_2)
     2    0.003471    0.042537    0.318246    0.318246 ^ _3823_/Q (sky130_fd_sc_hd__dfrtp_2)
                                                         mul_unit.seg_reg0.q[46] (net)
                      0.042537    0.000000    0.318246 ^ _2386_/A0 (sky130_fd_sc_hd__mux2_2)
     1    0.002191    0.034938    0.128095    0.446341 ^ _2386_/X (sky130_fd_sc_hd__mux2_2)
                                                         _1739_ (net)
                      0.034938    0.000000    0.446341 ^ _2387_/A (sky130_fd_sc_hd__buf_1)
     1    0.002005    0.036760    0.070608    0.516949 ^ _2387_/X (sky130_fd_sc_hd__buf_1)
                                                         _0359_ (net)
                      0.036760    0.000000    0.516949 ^ _3823_/D (sky130_fd_sc_hd__dfrtp_2)
                                              0.516949   data arrival time

                      0.000000    0.000000    0.000000   clock clk (rise edge)
                                  0.000000    0.000000   clock network delay (ideal)
                                  0.000000    0.000000   clock reconvergence pessimism
                                              0.000000 ^ _3823_/CLK (sky130_fd_sc_hd__dfrtp_2)
                                 -0.039110   -0.039110   library hold time
                                             -0.039110   data required time
---------------------------------------------------------------------------------------------
                                             -0.039110   data required time
                                             -0.516949   data arrival time
---------------------------------------------------------------------------------------------
                                              0.556059   slack (MET)


Startpoint: _3827_ (rising edge-triggered flip-flop clocked by clk)
Endpoint: _3827_ (rising edge-triggered flip-flop clocked by clk)
Path Group: clk
Path Type: min

Fanout         Cap        Slew       Delay        Time   Description
---------------------------------------------------------------------------------------------
                      0.000000    0.000000    0.000000   clock clk (rise edge)
                                  0.000000    0.000000   clock network delay (ideal)
                      0.000000    0.000000    0.000000 ^ _3827_/CLK (sky130_fd_sc_hd__dfrtp_2)
     2    0.003471    0.042537    0.318246    0.318246 ^ _3827_/Q (sky130_fd_sc_hd__dfrtp_2)
                                                         mul_unit.seg_reg0.q[50] (net)
                      0.042537    0.000000    0.318246 ^ _2378_/A0 (sky130_fd_sc_hd__mux2_2)
     1    0.002191    0.034938    0.128095    0.446341 ^ _2378_/X (sky130_fd_sc_hd__mux2_2)
                                                         _1735_ (net)
                      0.034938    0.000000    0.446341 ^ _2379_/A (sky130_fd_sc_hd__buf_1)
     1    0.002005    0.036760    0.070608    0.516949 ^ _2379_/X (sky130_fd_sc_hd__buf_1)
                                                         _0363_ (net)
                      0.036760    0.000000    0.516949 ^ _3827_/D (sky130_fd_sc_hd__dfrtp_2)
                                              0.516949   data arrival time

                      0.000000    0.000000    0.000000   clock clk (rise edge)
                                  0.000000    0.000000   clock network delay (ideal)
                                  0.000000    0.000000   clock reconvergence pessimism
                                              0.000000 ^ _3827_/CLK (sky130_fd_sc_hd__dfrtp_2)
                                 -0.039110   -0.039110   library hold time
                                             -0.039110   data required time
---------------------------------------------------------------------------------------------
                                             -0.039110   data required time
                                             -0.516949   data arrival time
---------------------------------------------------------------------------------------------
                                              0.556059   slack (MET)


Startpoint: _3830_ (rising edge-triggered flip-flop clocked by clk)
Endpoint: _3830_ (rising edge-triggered flip-flop clocked by clk)
Path Group: clk
Path Type: min

Fanout         Cap        Slew       Delay        Time   Description
---------------------------------------------------------------------------------------------
                      0.000000    0.000000    0.000000   clock clk (rise edge)
                                  0.000000    0.000000   clock network delay (ideal)
                      0.000000    0.000000    0.000000 ^ _3830_/CLK (sky130_fd_sc_hd__dfrtp_2)
     2    0.003471    0.042537    0.318246    0.318246 ^ _3830_/Q (sky130_fd_sc_hd__dfrtp_2)
                                                         mul_unit.seg_reg0.q[53] (net)
                      0.042537    0.000000    0.318246 ^ _2372_/A0 (sky130_fd_sc_hd__mux2_2)
     1    0.002191    0.034938    0.128095    0.446341 ^ _2372_/X (sky130_fd_sc_hd__mux2_2)
                                                         _1732_ (net)
                      0.034938    0.000000    0.446341 ^ _2373_/A (sky130_fd_sc_hd__buf_1)
     1    0.002005    0.036760    0.070608    0.516949 ^ _2373_/X (sky130_fd_sc_hd__buf_1)
                                                         _0366_ (net)
                      0.036760    0.000000    0.516949 ^ _3830_/D (sky130_fd_sc_hd__dfrtp_2)
                                              0.516949   data arrival time

                      0.000000    0.000000    0.000000   clock clk (rise edge)
                                  0.000000    0.000000   clock network delay (ideal)
                                  0.000000    0.000000   clock reconvergence pessimism
                                              0.000000 ^ _3830_/CLK (sky130_fd_sc_hd__dfrtp_2)
                                 -0.039110   -0.039110   library hold time
                                             -0.039110   data required time
---------------------------------------------------------------------------------------------
                                             -0.039110   data required time
                                             -0.516949   data arrival time
---------------------------------------------------------------------------------------------
                                              0.556059   slack (MET)


Startpoint: _3802_ (rising edge-triggered flip-flop clocked by clk)
Endpoint: _3802_ (rising edge-triggered flip-flop clocked by clk)
Path Group: clk
Path Type: min

Fanout         Cap        Slew       Delay        Time   Description
---------------------------------------------------------------------------------------------
                      0.000000    0.000000    0.000000   clock clk (rise edge)
                                  0.000000    0.000000   clock network delay (ideal)
                      0.000000    0.000000    0.000000 ^ _3802_/CLK (sky130_fd_sc_hd__dfrtp_2)
     2    0.003572    0.043027    0.318841    0.318841 ^ _3802_/Q (sky130_fd_sc_hd__dfrtp_2)
                                                         mul_unit.seg_reg0.q[25] (net)
                      0.043027    0.000000    0.318841 ^ _2428_/A0 (sky130_fd_sc_hd__mux2_2)
     1    0.002191    0.034938    0.128266    0.447107 ^ _2428_/X (sky130_fd_sc_hd__mux2_2)
                                                         _1760_ (net)
                      0.034938    0.000000    0.447107 ^ _2429_/A (sky130_fd_sc_hd__buf_1)
     1    0.002005    0.036760    0.070608    0.517715 ^ _2429_/X (sky130_fd_sc_hd__buf_1)
                                                         _0338_ (net)
                      0.036760    0.000000    0.517715 ^ _3802_/D (sky130_fd_sc_hd__dfrtp_2)
                                              0.517715   data arrival time

                      0.000000    0.000000    0.000000   clock clk (rise edge)
                                  0.000000    0.000000   clock network delay (ideal)
                                  0.000000    0.000000   clock reconvergence pessimism
                                              0.000000 ^ _3802_/CLK (sky130_fd_sc_hd__dfrtp_2)
                                 -0.039110   -0.039110   library hold time
                                             -0.039110   data required time
---------------------------------------------------------------------------------------------
                                             -0.039110   data required time
                                             -0.517715   data arrival time
---------------------------------------------------------------------------------------------
                                              0.556825   slack (MET)


Startpoint: _3806_ (rising edge-triggered flip-flop clocked by clk)
Endpoint: _3806_ (rising edge-triggered flip-flop clocked by clk)
Path Group: clk
Path Type: min

Fanout         Cap        Slew       Delay        Time   Description
---------------------------------------------------------------------------------------------
                      0.000000    0.000000    0.000000   clock clk (rise edge)
                                  0.000000    0.000000   clock network delay (ideal)
                      0.000000    0.000000    0.000000 ^ _3806_/CLK (sky130_fd_sc_hd__dfrtp_2)
     2    0.003572    0.043027    0.318841    0.318841 ^ _3806_/Q (sky130_fd_sc_hd__dfrtp_2)
                                                         mul_unit.seg_reg0.q[29] (net)
                      0.043027    0.000000    0.318841 ^ _2420_/A0 (sky130_fd_sc_hd__mux2_2)
     1    0.002191    0.034938    0.128266    0.447107 ^ _2420_/X (sky130_fd_sc_hd__mux2_2)
                                                         _1756_ (net)
                      0.034938    0.000000    0.447107 ^ _2421_/A (sky130_fd_sc_hd__buf_1)
     1    0.002005    0.036760    0.070608    0.517715 ^ _2421_/X (sky130_fd_sc_hd__buf_1)
                                                         _0342_ (net)
                      0.036760    0.000000    0.517715 ^ _3806_/D (sky130_fd_sc_hd__dfrtp_2)
                                              0.517715   data arrival time

                      0.000000    0.000000    0.000000   clock clk (rise edge)
                                  0.000000    0.000000   clock network delay (ideal)
                                  0.000000    0.000000   clock reconvergence pessimism
                                              0.000000 ^ _3806_/CLK (sky130_fd_sc_hd__dfrtp_2)
                                 -0.039110   -0.039110   library hold time
                                             -0.039110   data required time
---------------------------------------------------------------------------------------------
                                             -0.039110   data required time
                                             -0.517715   data arrival time
---------------------------------------------------------------------------------------------
                                              0.556825   slack (MET)


Startpoint: _3810_ (rising edge-triggered flip-flop clocked by clk)
Endpoint: _3810_ (rising edge-triggered flip-flop clocked by clk)
Path Group: clk
Path Type: min

Fanout         Cap        Slew       Delay        Time   Description
---------------------------------------------------------------------------------------------
                      0.000000    0.000000    0.000000   clock clk (rise edge)
                                  0.000000    0.000000   clock network delay (ideal)
                      0.000000    0.000000    0.000000 ^ _3810_/CLK (sky130_fd_sc_hd__dfrtp_2)
     2    0.003572    0.043027    0.318841    0.318841 ^ _3810_/Q (sky130_fd_sc_hd__dfrtp_2)
                                                         mul_unit.seg_reg0.q[33] (net)
                      0.043027    0.000000    0.318841 ^ _2412_/A0 (sky130_fd_sc_hd__mux2_2)
     1    0.002191    0.034938    0.128266    0.447107 ^ _2412_/X (sky130_fd_sc_hd__mux2_2)
                                                         _1752_ (net)
                      0.034938    0.000000    0.447107 ^ _2413_/A (sky130_fd_sc_hd__buf_1)
     1    0.002005    0.036760    0.070608    0.517715 ^ _2413_/X (sky130_fd_sc_hd__buf_1)
                                                         _0346_ (net)
                      0.036760    0.000000    0.517715 ^ _3810_/D (sky130_fd_sc_hd__dfrtp_2)
                                              0.517715   data arrival time

                      0.000000    0.000000    0.000000   clock clk (rise edge)
                                  0.000000    0.000000   clock network delay (ideal)
                                  0.000000    0.000000   clock reconvergence pessimism
                                              0.000000 ^ _3810_/CLK (sky130_fd_sc_hd__dfrtp_2)
                                 -0.039110   -0.039110   library hold time
                                             -0.039110   data required time
---------------------------------------------------------------------------------------------
                                             -0.039110   data required time
                                             -0.517715   data arrival time
---------------------------------------------------------------------------------------------
                                              0.556825   slack (MET)


Startpoint: _3813_ (rising edge-triggered flip-flop clocked by clk)
Endpoint: _3813_ (rising edge-triggered flip-flop clocked by clk)
Path Group: clk
Path Type: min

Fanout         Cap        Slew       Delay        Time   Description
---------------------------------------------------------------------------------------------
                      0.000000    0.000000    0.000000   clock clk (rise edge)
                                  0.000000    0.000000   clock network delay (ideal)
                      0.000000    0.000000    0.000000 ^ _3813_/CLK (sky130_fd_sc_hd__dfrtp_2)
     2    0.003572    0.043027    0.318841    0.318841 ^ _3813_/Q (sky130_fd_sc_hd__dfrtp_2)
                                                         mul_unit.seg_reg0.q[36] (net)
                      0.043027    0.000000    0.318841 ^ _2406_/A0 (sky130_fd_sc_hd__mux2_2)
     1    0.002191    0.034938    0.128266    0.447107 ^ _2406_/X (sky130_fd_sc_hd__mux2_2)
                                                         _1749_ (net)
                      0.034938    0.000000    0.447107 ^ _2407_/A (sky130_fd_sc_hd__buf_1)
     1    0.002005    0.036760    0.070608    0.517715 ^ _2407_/X (sky130_fd_sc_hd__buf_1)
                                                         _0349_ (net)
                      0.036760    0.000000    0.517715 ^ _3813_/D (sky130_fd_sc_hd__dfrtp_2)
                                              0.517715   data arrival time

                      0.000000    0.000000    0.000000   clock clk (rise edge)
                                  0.000000    0.000000   clock network delay (ideal)
                                  0.000000    0.000000   clock reconvergence pessimism
                                              0.000000 ^ _3813_/CLK (sky130_fd_sc_hd__dfrtp_2)
                                 -0.039110   -0.039110   library hold time
                                             -0.039110   data required time
---------------------------------------------------------------------------------------------
                                             -0.039110   data required time
                                             -0.517715   data arrival time
---------------------------------------------------------------------------------------------
                                              0.556825   slack (MET)


Startpoint: _3817_ (rising edge-triggered flip-flop clocked by clk)
Endpoint: _3817_ (rising edge-triggered flip-flop clocked by clk)
Path Group: clk
Path Type: min

Fanout         Cap        Slew       Delay        Time   Description
---------------------------------------------------------------------------------------------
                      0.000000    0.000000    0.000000   clock clk (rise edge)
                                  0.000000    0.000000   clock network delay (ideal)
                      0.000000    0.000000    0.000000 ^ _3817_/CLK (sky130_fd_sc_hd__dfrtp_2)
     2    0.003572    0.043027    0.318841    0.318841 ^ _3817_/Q (sky130_fd_sc_hd__dfrtp_2)
                                                         mul_unit.seg_reg0.q[40] (net)
                      0.043027    0.000000    0.318841 ^ _2398_/A0 (sky130_fd_sc_hd__mux2_2)
     1    0.002191    0.034938    0.128266    0.447107 ^ _2398_/X (sky130_fd_sc_hd__mux2_2)
                                                         _1745_ (net)
                      0.034938    0.000000    0.447107 ^ _2399_/A (sky130_fd_sc_hd__buf_1)
     1    0.002005    0.036760    0.070608    0.517715 ^ _2399_/X (sky130_fd_sc_hd__buf_1)
                                                         _0353_ (net)
                      0.036760    0.000000    0.517715 ^ _3817_/D (sky130_fd_sc_hd__dfrtp_2)
                                              0.517715   data arrival time

                      0.000000    0.000000    0.000000   clock clk (rise edge)
                                  0.000000    0.000000   clock network delay (ideal)
                                  0.000000    0.000000   clock reconvergence pessimism
                                              0.000000 ^ _3817_/CLK (sky130_fd_sc_hd__dfrtp_2)
                                 -0.039110   -0.039110   library hold time
                                             -0.039110   data required time
---------------------------------------------------------------------------------------------
                                             -0.039110   data required time
                                             -0.517715   data arrival time
---------------------------------------------------------------------------------------------
                                              0.556825   slack (MET)


Startpoint: _3821_ (rising edge-triggered flip-flop clocked by clk)
Endpoint: _3821_ (rising edge-triggered flip-flop clocked by clk)
Path Group: clk
Path Type: min

Fanout         Cap        Slew       Delay        Time   Description
---------------------------------------------------------------------------------------------
                      0.000000    0.000000    0.000000   clock clk (rise edge)
                                  0.000000    0.000000   clock network delay (ideal)
                      0.000000    0.000000    0.000000 ^ _3821_/CLK (sky130_fd_sc_hd__dfrtp_2)
     2    0.003572    0.043027    0.318841    0.318841 ^ _3821_/Q (sky130_fd_sc_hd__dfrtp_2)
                                                         mul_unit.seg_reg0.q[44] (net)
                      0.043027    0.000000    0.318841 ^ _2390_/A0 (sky130_fd_sc_hd__mux2_2)
     1    0.002191    0.034938    0.128266    0.447107 ^ _2390_/X (sky130_fd_sc_hd__mux2_2)
                                                         _1741_ (net)
                      0.034938    0.000000    0.447107 ^ _2391_/A (sky130_fd_sc_hd__buf_1)
     1    0.002005    0.036760    0.070608    0.517715 ^ _2391_/X (sky130_fd_sc_hd__buf_1)
                                                         _0357_ (net)
                      0.036760    0.000000    0.517715 ^ _3821_/D (sky130_fd_sc_hd__dfrtp_2)
                                              0.517715   data arrival time

                      0.000000    0.000000    0.000000   clock clk (rise edge)
                                  0.000000    0.000000   clock network delay (ideal)
                                  0.000000    0.000000   clock reconvergence pessimism
                                              0.000000 ^ _3821_/CLK (sky130_fd_sc_hd__dfrtp_2)
                                 -0.039110   -0.039110   library hold time
                                             -0.039110   data required time
---------------------------------------------------------------------------------------------
                                             -0.039110   data required time
                                             -0.517715   data arrival time
---------------------------------------------------------------------------------------------
                                              0.556825   slack (MET)


Startpoint: _3825_ (rising edge-triggered flip-flop clocked by clk)
Endpoint: _3825_ (rising edge-triggered flip-flop clocked by clk)
Path Group: clk
Path Type: min

Fanout         Cap        Slew       Delay        Time   Description
---------------------------------------------------------------------------------------------
                      0.000000    0.000000    0.000000   clock clk (rise edge)
                                  0.000000    0.000000   clock network delay (ideal)
                      0.000000    0.000000    0.000000 ^ _3825_/CLK (sky130_fd_sc_hd__dfrtp_2)
     2    0.003572    0.043027    0.318841    0.318841 ^ _3825_/Q (sky130_fd_sc_hd__dfrtp_2)
                                                         mul_unit.seg_reg0.q[48] (net)
                      0.043027    0.000000    0.318841 ^ _2382_/A0 (sky130_fd_sc_hd__mux2_2)
     1    0.002191    0.034938    0.128266    0.447107 ^ _2382_/X (sky130_fd_sc_hd__mux2_2)
                                                         _1737_ (net)
                      0.034938    0.000000    0.447107 ^ _2383_/A (sky130_fd_sc_hd__buf_1)
     1    0.002005    0.036760    0.070608    0.517715 ^ _2383_/X (sky130_fd_sc_hd__buf_1)
                                                         _0361_ (net)
                      0.036760    0.000000    0.517715 ^ _3825_/D (sky130_fd_sc_hd__dfrtp_2)
                                              0.517715   data arrival time

                      0.000000    0.000000    0.000000   clock clk (rise edge)
                                  0.000000    0.000000   clock network delay (ideal)
                                  0.000000    0.000000   clock reconvergence pessimism
                                              0.000000 ^ _3825_/CLK (sky130_fd_sc_hd__dfrtp_2)
                                 -0.039110   -0.039110   library hold time
                                             -0.039110   data required time
---------------------------------------------------------------------------------------------
                                             -0.039110   data required time
                                             -0.517715   data arrival time
---------------------------------------------------------------------------------------------
                                              0.556825   slack (MET)


Startpoint: _3828_ (rising edge-triggered flip-flop clocked by clk)
Endpoint: _3828_ (rising edge-triggered flip-flop clocked by clk)
Path Group: clk
Path Type: min

Fanout         Cap        Slew       Delay        Time   Description
---------------------------------------------------------------------------------------------
                      0.000000    0.000000    0.000000   clock clk (rise edge)
                                  0.000000    0.000000   clock network delay (ideal)
                      0.000000    0.000000    0.000000 ^ _3828_/CLK (sky130_fd_sc_hd__dfrtp_2)
     2    0.003572    0.043027    0.318841    0.318841 ^ _3828_/Q (sky130_fd_sc_hd__dfrtp_2)
                                                         mul_unit.seg_reg0.q[51] (net)
                      0.043027    0.000000    0.318841 ^ _2376_/A0 (sky130_fd_sc_hd__mux2_2)
     1    0.002191    0.034938    0.128266    0.447107 ^ _2376_/X (sky130_fd_sc_hd__mux2_2)
                                                         _1734_ (net)
                      0.034938    0.000000    0.447107 ^ _2377_/A (sky130_fd_sc_hd__buf_1)
     1    0.002005    0.036760    0.070608    0.517715 ^ _2377_/X (sky130_fd_sc_hd__buf_1)
                                                         _0364_ (net)
                      0.036760    0.000000    0.517715 ^ _3828_/D (sky130_fd_sc_hd__dfrtp_2)
                                              0.517715   data arrival time

                      0.000000    0.000000    0.000000   clock clk (rise edge)
                                  0.000000    0.000000   clock network delay (ideal)
                                  0.000000    0.000000   clock reconvergence pessimism
                                              0.000000 ^ _3828_/CLK (sky130_fd_sc_hd__dfrtp_2)
                                 -0.039110   -0.039110   library hold time
                                             -0.039110   data required time
---------------------------------------------------------------------------------------------
                                             -0.039110   data required time
                                             -0.517715   data arrival time
---------------------------------------------------------------------------------------------
                                              0.556825   slack (MET)


Startpoint: _3879_ (rising edge-triggered flip-flop clocked by clk)
Endpoint: _3879_ (rising edge-triggered flip-flop clocked by clk)
Path Group: clk
Path Type: min

Fanout         Cap        Slew       Delay        Time   Description
---------------------------------------------------------------------------------------------
                      0.000000    0.000000    0.000000   clock clk (rise edge)
                                  0.000000    0.000000   clock network delay (ideal)
                      0.000000    0.000000    0.000000 ^ _3879_/CLK (sky130_fd_sc_hd__dfrtp_2)
     2    0.003750    0.043890    0.319889    0.319889 ^ _3879_/Q (sky130_fd_sc_hd__dfrtp_2)
                                                         addsub_unit.x2[15] (net)
                      0.043890    0.000000    0.319889 ^ _2210_/A0 (sky130_fd_sc_hd__mux2_2)
     1    0.002191    0.034147    0.128568    0.448458 ^ _2210_/X (sky130_fd_sc_hd__mux2_2)
                                                         _1620_ (net)
                      0.034147    0.000000    0.448458 ^ _2211_/A (sky130_fd_sc_hd__buf_1)
     1    0.002005    0.036759    0.070333    0.518791 ^ _2211_/X (sky130_fd_sc_hd__buf_1)
                                                         _0415_ (net)
                      0.036759    0.000000    0.518791 ^ _3879_/D (sky130_fd_sc_hd__dfrtp_2)
                                              0.518791   data arrival time

                      0.000000    0.000000    0.000000   clock clk (rise edge)
                                  0.000000    0.000000   clock network delay (ideal)
                                  0.000000    0.000000   clock reconvergence pessimism
                                              0.000000 ^ _3879_/CLK (sky130_fd_sc_hd__dfrtp_2)
                                 -0.039110   -0.039110   library hold time
                                             -0.039110   data required time
---------------------------------------------------------------------------------------------
                                             -0.039110   data required time
                                             -0.518791   data arrival time
---------------------------------------------------------------------------------------------
                                              0.557901   slack (MET)


Startpoint: _3767_ (rising edge-triggered flip-flop clocked by clk)
Endpoint: _3767_ (rising edge-triggered flip-flop clocked by clk)
Path Group: clk
Path Type: min

Fanout         Cap        Slew       Delay        Time   Description
---------------------------------------------------------------------------------------------
                      0.000000    0.000000    0.000000   clock clk (rise edge)
                                  0.000000    0.000000   clock network delay (ideal)
                      0.000000    0.000000    0.000000 ^ _3767_/CLK (sky130_fd_sc_hd__dfrtp_2)
     2    0.003750    0.043890    0.319889    0.319889 ^ _3767_/Q (sky130_fd_sc_hd__dfrtp_2)
                                                         add_out[2] (net)
                      0.043890    0.000000    0.319889 ^ _3216_/A0 (sky130_fd_sc_hd__mux2_2)
     1    0.002191    0.034740    0.128568    0.448458 ^ _3216_/X (sky130_fd_sc_hd__mux2_2)
                                                         _1116_ (net)
                      0.034740    0.000000    0.448458 ^ _3217_/A (sky130_fd_sc_hd__buf_1)
     1    0.002005    0.036760    0.070539    0.518997 ^ _3217_/X (sky130_fd_sc_hd__buf_1)
                                                         _0303_ (net)
                      0.036760    0.000000    0.518997 ^ _3767_/D (sky130_fd_sc_hd__dfrtp_2)
                                              0.518997   data arrival time

                      0.000000    0.000000    0.000000   clock clk (rise edge)
                                  0.000000    0.000000   clock network delay (ideal)
                                  0.000000    0.000000   clock reconvergence pessimism
                                              0.000000 ^ _3767_/CLK (sky130_fd_sc_hd__dfrtp_2)
                                 -0.039110   -0.039110   library hold time
                                             -0.039110   data required time
---------------------------------------------------------------------------------------------
                                             -0.039110   data required time
                                             -0.518997   data arrival time
---------------------------------------------------------------------------------------------
                                              0.558107   slack (MET)


Startpoint: _3768_ (rising edge-triggered flip-flop clocked by clk)
Endpoint: _3768_ (rising edge-triggered flip-flop clocked by clk)
Path Group: clk
Path Type: min

Fanout         Cap        Slew       Delay        Time   Description
---------------------------------------------------------------------------------------------
                      0.000000    0.000000    0.000000   clock clk (rise edge)
                                  0.000000    0.000000   clock network delay (ideal)
                      0.000000    0.000000    0.000000 ^ _3768_/CLK (sky130_fd_sc_hd__dfrtp_2)
     2    0.003750    0.043890    0.319889    0.319889 ^ _3768_/Q (sky130_fd_sc_hd__dfrtp_2)
                                                         add_out[3] (net)
                      0.043890    0.000000    0.319889 ^ _3211_/A0 (sky130_fd_sc_hd__mux2_2)
     1    0.002191    0.034740    0.128568    0.448458 ^ _3211_/X (sky130_fd_sc_hd__mux2_2)
                                                         _1112_ (net)
                      0.034740    0.000000    0.448458 ^ _3212_/A (sky130_fd_sc_hd__buf_1)
     1    0.002005    0.036760    0.070539    0.518997 ^ _3212_/X (sky130_fd_sc_hd__buf_1)
                                                         _0304_ (net)
                      0.036760    0.000000    0.518997 ^ _3768_/D (sky130_fd_sc_hd__dfrtp_2)
                                              0.518997   data arrival time

                      0.000000    0.000000    0.000000   clock clk (rise edge)
                                  0.000000    0.000000   clock network delay (ideal)
                                  0.000000    0.000000   clock reconvergence pessimism
                                              0.000000 ^ _3768_/CLK (sky130_fd_sc_hd__dfrtp_2)
                                 -0.039110   -0.039110   library hold time
                                             -0.039110   data required time
---------------------------------------------------------------------------------------------
                                             -0.039110   data required time
                                             -0.518997   data arrival time
---------------------------------------------------------------------------------------------
                                              0.558107   slack (MET)


Startpoint: _3769_ (rising edge-triggered flip-flop clocked by clk)
Endpoint: _3769_ (rising edge-triggered flip-flop clocked by clk)
Path Group: clk
Path Type: min

Fanout         Cap        Slew       Delay        Time   Description
---------------------------------------------------------------------------------------------
                      0.000000    0.000000    0.000000   clock clk (rise edge)
                                  0.000000    0.000000   clock network delay (ideal)
                      0.000000    0.000000    0.000000 ^ _3769_/CLK (sky130_fd_sc_hd__dfrtp_2)
     2    0.003750    0.043890    0.319889    0.319889 ^ _3769_/Q (sky130_fd_sc_hd__dfrtp_2)
                                                         add_out[4] (net)
                      0.043890    0.000000    0.319889 ^ _3206_/A0 (sky130_fd_sc_hd__mux2_2)
     1    0.002191    0.034740    0.128568    0.448458 ^ _3206_/X (sky130_fd_sc_hd__mux2_2)
                                                         _1108_ (net)
                      0.034740    0.000000    0.448458 ^ _3207_/A (sky130_fd_sc_hd__buf_1)
     1    0.002005    0.036760    0.070539    0.518997 ^ _3207_/X (sky130_fd_sc_hd__buf_1)
                                                         _0305_ (net)
                      0.036760    0.000000    0.518997 ^ _3769_/D (sky130_fd_sc_hd__dfrtp_2)
                                              0.518997   data arrival time

                      0.000000    0.000000    0.000000   clock clk (rise edge)
                                  0.000000    0.000000   clock network delay (ideal)
                                  0.000000    0.000000   clock reconvergence pessimism
                                              0.000000 ^ _3769_/CLK (sky130_fd_sc_hd__dfrtp_2)
                                 -0.039110   -0.039110   library hold time
                                             -0.039110   data required time
---------------------------------------------------------------------------------------------
                                             -0.039110   data required time
                                             -0.518997   data arrival time
---------------------------------------------------------------------------------------------
                                              0.558107   slack (MET)


Startpoint: _3770_ (rising edge-triggered flip-flop clocked by clk)
Endpoint: _3770_ (rising edge-triggered flip-flop clocked by clk)
Path Group: clk
Path Type: min

Fanout         Cap        Slew       Delay        Time   Description
---------------------------------------------------------------------------------------------
                      0.000000    0.000000    0.000000   clock clk (rise edge)
                                  0.000000    0.000000   clock network delay (ideal)
                      0.000000    0.000000    0.000000 ^ _3770_/CLK (sky130_fd_sc_hd__dfrtp_2)
     2    0.003750    0.043890    0.319889    0.319889 ^ _3770_/Q (sky130_fd_sc_hd__dfrtp_2)
                                                         add_out[5] (net)
                      0.043890    0.000000    0.319889 ^ _3196_/A0 (sky130_fd_sc_hd__mux2_2)
     1    0.002191    0.034740    0.128568    0.448458 ^ _3196_/X (sky130_fd_sc_hd__mux2_2)
                                                         _1099_ (net)
                      0.034740    0.000000    0.448458 ^ _3197_/A (sky130_fd_sc_hd__buf_1)
     1    0.002005    0.036760    0.070539    0.518997 ^ _3197_/X (sky130_fd_sc_hd__buf_1)
                                                         _0306_ (net)
                      0.036760    0.000000    0.518997 ^ _3770_/D (sky130_fd_sc_hd__dfrtp_2)
                                              0.518997   data arrival time

                      0.000000    0.000000    0.000000   clock clk (rise edge)
                                  0.000000    0.000000   clock network delay (ideal)
                                  0.000000    0.000000   clock reconvergence pessimism
                                              0.000000 ^ _3770_/CLK (sky130_fd_sc_hd__dfrtp_2)
                                 -0.039110   -0.039110   library hold time
                                             -0.039110   data required time
---------------------------------------------------------------------------------------------
                                             -0.039110   data required time
                                             -0.518997   data arrival time
---------------------------------------------------------------------------------------------
                                              0.558107   slack (MET)


Startpoint: _3677_ (rising edge-triggered flip-flop clocked by clk)
Endpoint: _3677_ (rising edge-triggered flip-flop clocked by clk)
Path Group: clk
Path Type: min

Fanout         Cap        Slew       Delay        Time   Description
---------------------------------------------------------------------------------------------
                      0.000000    0.000000    0.000000   clock clk (rise edge)
                                  0.000000    0.000000   clock network delay (ideal)
                      0.000000    0.000000    0.000000 ^ _3677_/CLK (sky130_fd_sc_hd__dfrtp_2)
     2    0.003750    0.043890    0.319889    0.319889 ^ _3677_/Q (sky130_fd_sc_hd__dfrtp_2)
                                                         addsub_unit.reg_add_sub.q[0] (net)
                      0.043890    0.000000    0.319889 ^ _1953_/A0 (sky130_fd_sc_hd__mux2_2)
     1    0.002191    0.034744    0.128568    0.448458 ^ _1953_/X (sky130_fd_sc_hd__mux2_2)
                                                         _1597_ (net)
                      0.034744    0.000000    0.448458 ^ _1954_/A (sky130_fd_sc_hd__buf_1)
     1    0.002005    0.036760    0.070541    0.518999 ^ _1954_/X (sky130_fd_sc_hd__buf_1)
                                                         _0213_ (net)
                      0.036760    0.000000    0.518999 ^ _3677_/D (sky130_fd_sc_hd__dfrtp_2)
                                              0.518999   data arrival time

                      0.000000    0.000000    0.000000   clock clk (rise edge)
                                  0.000000    0.000000   clock network delay (ideal)
                                  0.000000    0.000000   clock reconvergence pessimism
                                              0.000000 ^ _3677_/CLK (sky130_fd_sc_hd__dfrtp_2)
                                 -0.039110   -0.039110   library hold time
                                             -0.039110   data required time
---------------------------------------------------------------------------------------------
                                             -0.039110   data required time
                                             -0.518999   data arrival time
---------------------------------------------------------------------------------------------
                                              0.558109   slack (MET)


Startpoint: _3764_ (rising edge-triggered flip-flop clocked by clk)
Endpoint: _3764_ (rising edge-triggered flip-flop clocked by clk)
Path Group: clk
Path Type: min

Fanout         Cap        Slew       Delay        Time   Description
---------------------------------------------------------------------------------------------
                      0.000000    0.000000    0.000000   clock clk (rise edge)
                                  0.000000    0.000000   clock network delay (ideal)
                      0.000000    0.000000    0.000000 ^ _3764_/CLK (sky130_fd_sc_hd__dfrtp_2)
     2    0.003750    0.043890    0.319889    0.319889 ^ _3764_/Q (sky130_fd_sc_hd__dfrtp_2)
                                                         addsub_unit.exp_mant_logic0.b[15] (net)
                      0.043890    0.000000    0.319889 ^ _3227_/A0 (sky130_fd_sc_hd__mux2_2)
     1    0.002191    0.034748    0.128568    0.448458 ^ _3227_/X (sky130_fd_sc_hd__mux2_2)
                                                         _1123_ (net)
                      0.034748    0.000000    0.448458 ^ _3228_/A (sky130_fd_sc_hd__buf_1)
     1    0.002005    0.036760    0.070542    0.519000 ^ _3228_/X (sky130_fd_sc_hd__buf_1)
                                                         _0300_ (net)
                      0.036760    0.000000    0.519000 ^ _3764_/D (sky130_fd_sc_hd__dfrtp_2)
                                              0.519000   data arrival time

                      0.000000    0.000000    0.000000   clock clk (rise edge)
                                  0.000000    0.000000   clock network delay (ideal)
                                  0.000000    0.000000   clock reconvergence pessimism
                                              0.000000 ^ _3764_/CLK (sky130_fd_sc_hd__dfrtp_2)
                                 -0.039110   -0.039110   library hold time
                                             -0.039110   data required time
---------------------------------------------------------------------------------------------
                                             -0.039110   data required time
                                             -0.519000   data arrival time
---------------------------------------------------------------------------------------------
                                              0.558110   slack (MET)


Startpoint: _3700_ (rising edge-triggered flip-flop clocked by clk)
Endpoint: _3700_ (rising edge-triggered flip-flop clocked by clk)
Path Group: clk
Path Type: min

Fanout         Cap        Slew       Delay        Time   Description
---------------------------------------------------------------------------------------------
                      0.000000    0.000000    0.000000   clock clk (rise edge)
                                  0.000000    0.000000   clock network delay (ideal)
                      0.000000    0.000000    0.000000 ^ _3700_/CLK (sky130_fd_sc_hd__dfrtp_2)
     2    0.003750    0.043890    0.319889    0.319889 ^ _3700_/Q (sky130_fd_sc_hd__dfrtp_2)
                                                         addsub_unit.seg_reg0.q[22] (net)
                      0.043890    0.000000    0.319889 ^ _3570_/A0 (sky130_fd_sc_hd__mux2_2)
     1    0.002191    0.034756    0.128568    0.448458 ^ _3570_/X (sky130_fd_sc_hd__mux2_2)
                                                         _1402_ (net)
                      0.034756    0.000000    0.448458 ^ _3571_/A (sky130_fd_sc_hd__buf_1)
     1    0.002005    0.036760    0.070545    0.519003 ^ _3571_/X (sky130_fd_sc_hd__buf_1)
                                                         _0236_ (net)
                      0.036760    0.000000    0.519003 ^ _3700_/D (sky130_fd_sc_hd__dfrtp_2)
                                              0.519003   data arrival time

                      0.000000    0.000000    0.000000   clock clk (rise edge)
                                  0.000000    0.000000   clock network delay (ideal)
                                  0.000000    0.000000   clock reconvergence pessimism
                                              0.000000 ^ _3700_/CLK (sky130_fd_sc_hd__dfrtp_2)
                                 -0.039110   -0.039110   library hold time
                                             -0.039110   data required time
---------------------------------------------------------------------------------------------
                                             -0.039110   data required time
                                             -0.519003   data arrival time
---------------------------------------------------------------------------------------------
                                              0.558113   slack (MET)


Startpoint: _3701_ (rising edge-triggered flip-flop clocked by clk)
Endpoint: _3701_ (rising edge-triggered flip-flop clocked by clk)
Path Group: clk
Path Type: min

Fanout         Cap        Slew       Delay        Time   Description
---------------------------------------------------------------------------------------------
                      0.000000    0.000000    0.000000   clock clk (rise edge)
                                  0.000000    0.000000   clock network delay (ideal)
                      0.000000    0.000000    0.000000 ^ _3701_/CLK (sky130_fd_sc_hd__dfrtp_2)
     2    0.003750    0.043890    0.319889    0.319889 ^ _3701_/Q (sky130_fd_sc_hd__dfrtp_2)
                                                         addsub_unit.seg_reg0.q[23] (net)
                      0.043890    0.000000    0.319889 ^ _3567_/A0 (sky130_fd_sc_hd__mux2_2)
     1    0.002191    0.034756    0.128568    0.448458 ^ _3567_/X (sky130_fd_sc_hd__mux2_2)
                                                         _1400_ (net)
                      0.034756    0.000000    0.448458 ^ _3568_/A (sky130_fd_sc_hd__buf_1)
     1    0.002005    0.036760    0.070545    0.519003 ^ _3568_/X (sky130_fd_sc_hd__buf_1)
                                                         _0237_ (net)
                      0.036760    0.000000    0.519003 ^ _3701_/D (sky130_fd_sc_hd__dfrtp_2)
                                              0.519003   data arrival time

                      0.000000    0.000000    0.000000   clock clk (rise edge)
                                  0.000000    0.000000   clock network delay (ideal)
                                  0.000000    0.000000   clock reconvergence pessimism
                                              0.000000 ^ _3701_/CLK (sky130_fd_sc_hd__dfrtp_2)
                                 -0.039110   -0.039110   library hold time
                                             -0.039110   data required time
---------------------------------------------------------------------------------------------
                                             -0.039110   data required time
                                             -0.519003   data arrival time
---------------------------------------------------------------------------------------------
                                              0.558113   slack (MET)


Startpoint: _3702_ (rising edge-triggered flip-flop clocked by clk)
Endpoint: _3702_ (rising edge-triggered flip-flop clocked by clk)
Path Group: clk
Path Type: min

Fanout         Cap        Slew       Delay        Time   Description
---------------------------------------------------------------------------------------------
                      0.000000    0.000000    0.000000   clock clk (rise edge)
                                  0.000000    0.000000   clock network delay (ideal)
                      0.000000    0.000000    0.000000 ^ _3702_/CLK (sky130_fd_sc_hd__dfrtp_2)
     2    0.003750    0.043890    0.319889    0.319889 ^ _3702_/Q (sky130_fd_sc_hd__dfrtp_2)
                                                         addsub_unit.seg_reg0.q[24] (net)
                      0.043890    0.000000    0.319889 ^ _3564_/A0 (sky130_fd_sc_hd__mux2_2)
     1    0.002191    0.034756    0.128568    0.448458 ^ _3564_/X (sky130_fd_sc_hd__mux2_2)
                                                         _1398_ (net)
                      0.034756    0.000000    0.448458 ^ _3565_/A (sky130_fd_sc_hd__buf_1)
     1    0.002005    0.036760    0.070545    0.519003 ^ _3565_/X (sky130_fd_sc_hd__buf_1)
                                                         _0238_ (net)
                      0.036760    0.000000    0.519003 ^ _3702_/D (sky130_fd_sc_hd__dfrtp_2)
                                              0.519003   data arrival time

                      0.000000    0.000000    0.000000   clock clk (rise edge)
                                  0.000000    0.000000   clock network delay (ideal)
                                  0.000000    0.000000   clock reconvergence pessimism
                                              0.000000 ^ _3702_/CLK (sky130_fd_sc_hd__dfrtp_2)
                                 -0.039110   -0.039110   library hold time
                                             -0.039110   data required time
---------------------------------------------------------------------------------------------
                                             -0.039110   data required time
                                             -0.519003   data arrival time
---------------------------------------------------------------------------------------------
                                              0.558113   slack (MET)


Startpoint: _3703_ (rising edge-triggered flip-flop clocked by clk)
Endpoint: _3703_ (rising edge-triggered flip-flop clocked by clk)
Path Group: clk
Path Type: min

Fanout         Cap        Slew       Delay        Time   Description
---------------------------------------------------------------------------------------------
                      0.000000    0.000000    0.000000   clock clk (rise edge)
                                  0.000000    0.000000   clock network delay (ideal)
                      0.000000    0.000000    0.000000 ^ _3703_/CLK (sky130_fd_sc_hd__dfrtp_2)
     2    0.003750    0.043890    0.319889    0.319889 ^ _3703_/Q (sky130_fd_sc_hd__dfrtp_2)
                                                         addsub_unit.seg_reg0.q[25] (net)
                      0.043890    0.000000    0.319889 ^ _3561_/A0 (sky130_fd_sc_hd__mux2_2)
     1    0.002191    0.034756    0.128568    0.448458 ^ _3561_/X (sky130_fd_sc_hd__mux2_2)
                                                         _1396_ (net)
                      0.034756    0.000000    0.448458 ^ _3562_/A (sky130_fd_sc_hd__buf_1)
     1    0.002005    0.036760    0.070545    0.519003 ^ _3562_/X (sky130_fd_sc_hd__buf_1)
                                                         _0239_ (net)
                      0.036760    0.000000    0.519003 ^ _3703_/D (sky130_fd_sc_hd__dfrtp_2)
                                              0.519003   data arrival time

                      0.000000    0.000000    0.000000   clock clk (rise edge)
                                  0.000000    0.000000   clock network delay (ideal)
                                  0.000000    0.000000   clock reconvergence pessimism
                                              0.000000 ^ _3703_/CLK (sky130_fd_sc_hd__dfrtp_2)
                                 -0.039110   -0.039110   library hold time
                                             -0.039110   data required time
---------------------------------------------------------------------------------------------
                                             -0.039110   data required time
                                             -0.519003   data arrival time
---------------------------------------------------------------------------------------------
                                              0.558113   slack (MET)


Startpoint: _3704_ (rising edge-triggered flip-flop clocked by clk)
Endpoint: _3704_ (rising edge-triggered flip-flop clocked by clk)
Path Group: clk
Path Type: min

Fanout         Cap        Slew       Delay        Time   Description
---------------------------------------------------------------------------------------------
                      0.000000    0.000000    0.000000   clock clk (rise edge)
                                  0.000000    0.000000   clock network delay (ideal)
                      0.000000    0.000000    0.000000 ^ _3704_/CLK (sky130_fd_sc_hd__dfrtp_2)
     2    0.003750    0.043890    0.319889    0.319889 ^ _3704_/Q (sky130_fd_sc_hd__dfrtp_2)
                                                         addsub_unit.seg_reg0.q[26] (net)
                      0.043890    0.000000    0.319889 ^ _3558_/A0 (sky130_fd_sc_hd__mux2_2)
     1    0.002191    0.034756    0.128568    0.448458 ^ _3558_/X (sky130_fd_sc_hd__mux2_2)
                                                         _1394_ (net)
                      0.034756    0.000000    0.448458 ^ _3559_/A (sky130_fd_sc_hd__buf_1)
     1    0.002005    0.036760    0.070545    0.519003 ^ _3559_/X (sky130_fd_sc_hd__buf_1)
                                                         _0240_ (net)
                      0.036760    0.000000    0.519003 ^ _3704_/D (sky130_fd_sc_hd__dfrtp_2)
                                              0.519003   data arrival time

                      0.000000    0.000000    0.000000   clock clk (rise edge)
                                  0.000000    0.000000   clock network delay (ideal)
                                  0.000000    0.000000   clock reconvergence pessimism
                                              0.000000 ^ _3704_/CLK (sky130_fd_sc_hd__dfrtp_2)
                                 -0.039110   -0.039110   library hold time
                                             -0.039110   data required time
---------------------------------------------------------------------------------------------
                                             -0.039110   data required time
                                             -0.519003   data arrival time
---------------------------------------------------------------------------------------------
                                              0.558113   slack (MET)


Startpoint: _3705_ (rising edge-triggered flip-flop clocked by clk)
Endpoint: _3705_ (rising edge-triggered flip-flop clocked by clk)
Path Group: clk
Path Type: min

Fanout         Cap        Slew       Delay        Time   Description
---------------------------------------------------------------------------------------------
                      0.000000    0.000000    0.000000   clock clk (rise edge)
                                  0.000000    0.000000   clock network delay (ideal)
                      0.000000    0.000000    0.000000 ^ _3705_/CLK (sky130_fd_sc_hd__dfrtp_2)
     2    0.003750    0.043890    0.319889    0.319889 ^ _3705_/Q (sky130_fd_sc_hd__dfrtp_2)
                                                         addsub_unit.seg_reg0.q[27] (net)
                      0.043890    0.000000    0.319889 ^ _3555_/A0 (sky130_fd_sc_hd__mux2_2)
     1    0.002191    0.034756    0.128568    0.448458 ^ _3555_/X (sky130_fd_sc_hd__mux2_2)
                                                         _1392_ (net)
                      0.034756    0.000000    0.448458 ^ _3556_/A (sky130_fd_sc_hd__buf_1)
     1    0.002005    0.036760    0.070545    0.519003 ^ _3556_/X (sky130_fd_sc_hd__buf_1)
                                                         _0241_ (net)
                      0.036760    0.000000    0.519003 ^ _3705_/D (sky130_fd_sc_hd__dfrtp_2)
                                              0.519003   data arrival time

                      0.000000    0.000000    0.000000   clock clk (rise edge)
                                  0.000000    0.000000   clock network delay (ideal)
                                  0.000000    0.000000   clock reconvergence pessimism
                                              0.000000 ^ _3705_/CLK (sky130_fd_sc_hd__dfrtp_2)
                                 -0.039110   -0.039110   library hold time
                                             -0.039110   data required time
---------------------------------------------------------------------------------------------
                                             -0.039110   data required time
                                             -0.519003   data arrival time
---------------------------------------------------------------------------------------------
                                              0.558113   slack (MET)


Startpoint: _3706_ (rising edge-triggered flip-flop clocked by clk)
Endpoint: _3706_ (rising edge-triggered flip-flop clocked by clk)
Path Group: clk
Path Type: min

Fanout         Cap        Slew       Delay        Time   Description
---------------------------------------------------------------------------------------------
                      0.000000    0.000000    0.000000   clock clk (rise edge)
                                  0.000000    0.000000   clock network delay (ideal)
                      0.000000    0.000000    0.000000 ^ _3706_/CLK (sky130_fd_sc_hd__dfrtp_2)
     2    0.003750    0.043890    0.319889    0.319889 ^ _3706_/Q (sky130_fd_sc_hd__dfrtp_2)
                                                         addsub_unit.seg_reg0.q[28] (net)
                      0.043890    0.000000    0.319889 ^ _3524_/A0 (sky130_fd_sc_hd__mux2_2)
     1    0.002191    0.034756    0.128568    0.448458 ^ _3524_/X (sky130_fd_sc_hd__mux2_2)
                                                         _1362_ (net)
                      0.034756    0.000000    0.448458 ^ _3525_/A (sky130_fd_sc_hd__buf_1)
     1    0.002005    0.036760    0.070545    0.519003 ^ _3525_/X (sky130_fd_sc_hd__buf_1)
                                                         _0242_ (net)
                      0.036760    0.000000    0.519003 ^ _3706_/D (sky130_fd_sc_hd__dfrtp_2)
                                              0.519003   data arrival time

                      0.000000    0.000000    0.000000   clock clk (rise edge)
                                  0.000000    0.000000   clock network delay (ideal)
                                  0.000000    0.000000   clock reconvergence pessimism
                                              0.000000 ^ _3706_/CLK (sky130_fd_sc_hd__dfrtp_2)
                                 -0.039110   -0.039110   library hold time
                                             -0.039110   data required time
---------------------------------------------------------------------------------------------
                                             -0.039110   data required time
                                             -0.519003   data arrival time
---------------------------------------------------------------------------------------------
                                              0.558113   slack (MET)


Startpoint: _3831_ (rising edge-triggered flip-flop clocked by clk)
Endpoint: _3831_ (rising edge-triggered flip-flop clocked by clk)
Path Group: clk
Path Type: min

Fanout         Cap        Slew       Delay        Time   Description
---------------------------------------------------------------------------------------------
                      0.000000    0.000000    0.000000   clock clk (rise edge)
                                  0.000000    0.000000   clock network delay (ideal)
                      0.000000    0.000000    0.000000 ^ _3831_/CLK (sky130_fd_sc_hd__dfrtp_2)
     2    0.003750    0.043890    0.319889    0.319889 ^ _3831_/Q (sky130_fd_sc_hd__dfrtp_2)
                                                         mul_unit.result[15] (net)
                      0.043890    0.000000    0.319889 ^ _2370_/A0 (sky130_fd_sc_hd__mux2_2)
     1    0.002191    0.034938    0.128568    0.448458 ^ _2370_/X (sky130_fd_sc_hd__mux2_2)
                                                         _1731_ (net)
                      0.034938    0.000000    0.448458 ^ _2371_/A (sky130_fd_sc_hd__buf_1)
     1    0.002005    0.036760    0.070608    0.519066 ^ _2371_/X (sky130_fd_sc_hd__buf_1)
                                                         _0367_ (net)
                      0.036760    0.000000    0.519066 ^ _3831_/D (sky130_fd_sc_hd__dfrtp_2)
                                              0.519066   data arrival time

                      0.000000    0.000000    0.000000   clock clk (rise edge)
                                  0.000000    0.000000   clock network delay (ideal)
                                  0.000000    0.000000   clock reconvergence pessimism
                                              0.000000 ^ _3831_/CLK (sky130_fd_sc_hd__dfrtp_2)
                                 -0.039110   -0.039110   library hold time
                                             -0.039110   data required time
---------------------------------------------------------------------------------------------
                                             -0.039110   data required time
                                             -0.519066   data arrival time
---------------------------------------------------------------------------------------------
                                              0.558176   slack (MET)


Startpoint: _3803_ (rising edge-triggered flip-flop clocked by clk)
Endpoint: _3803_ (rising edge-triggered flip-flop clocked by clk)
Path Group: clk
Path Type: min

Fanout         Cap        Slew       Delay        Time   Description
---------------------------------------------------------------------------------------------
                      0.000000    0.000000    0.000000   clock clk (rise edge)
                                  0.000000    0.000000   clock network delay (ideal)
                      0.000000    0.000000    0.000000 ^ _3803_/CLK (sky130_fd_sc_hd__dfrtp_2)
     2    0.003773    0.044002    0.320025    0.320025 ^ _3803_/Q (sky130_fd_sc_hd__dfrtp_2)
                                                         mul_unit.seg_reg0.q[26] (net)
                      0.044002    0.000000    0.320025 ^ _2426_/A0 (sky130_fd_sc_hd__mux2_2)
     1    0.002191    0.034938    0.128608    0.448633 ^ _2426_/X (sky130_fd_sc_hd__mux2_2)
                                                         _1759_ (net)
                      0.034938    0.000000    0.448633 ^ _2427_/A (sky130_fd_sc_hd__buf_1)
     1    0.002005    0.036760    0.070608    0.519240 ^ _2427_/X (sky130_fd_sc_hd__buf_1)
                                                         _0339_ (net)
                      0.036760    0.000000    0.519240 ^ _3803_/D (sky130_fd_sc_hd__dfrtp_2)
                                              0.519240   data arrival time

                      0.000000    0.000000    0.000000   clock clk (rise edge)
                                  0.000000    0.000000   clock network delay (ideal)
                                  0.000000    0.000000   clock reconvergence pessimism
                                              0.000000 ^ _3803_/CLK (sky130_fd_sc_hd__dfrtp_2)
                                 -0.039110   -0.039110   library hold time
                                             -0.039110   data required time
---------------------------------------------------------------------------------------------
                                             -0.039110   data required time
                                             -0.519240   data arrival time
---------------------------------------------------------------------------------------------
                                              0.558351   slack (MET)


Startpoint: _3807_ (rising edge-triggered flip-flop clocked by clk)
Endpoint: _3807_ (rising edge-triggered flip-flop clocked by clk)
Path Group: clk
Path Type: min

Fanout         Cap        Slew       Delay        Time   Description
---------------------------------------------------------------------------------------------
                      0.000000    0.000000    0.000000   clock clk (rise edge)
                                  0.000000    0.000000   clock network delay (ideal)
                      0.000000    0.000000    0.000000 ^ _3807_/CLK (sky130_fd_sc_hd__dfrtp_2)
     2    0.003773    0.044002    0.320025    0.320025 ^ _3807_/Q (sky130_fd_sc_hd__dfrtp_2)
                                                         mul_unit.seg_reg0.q[30] (net)
                      0.044002    0.000000    0.320025 ^ _2418_/A0 (sky130_fd_sc_hd__mux2_2)
     1    0.002191    0.034938    0.128608    0.448633 ^ _2418_/X (sky130_fd_sc_hd__mux2_2)
                                                         _1755_ (net)
                      0.034938    0.000000    0.448633 ^ _2419_/A (sky130_fd_sc_hd__buf_1)
     1    0.002005    0.036760    0.070608    0.519240 ^ _2419_/X (sky130_fd_sc_hd__buf_1)
                                                         _0343_ (net)
                      0.036760    0.000000    0.519240 ^ _3807_/D (sky130_fd_sc_hd__dfrtp_2)
                                              0.519240   data arrival time

                      0.000000    0.000000    0.000000   clock clk (rise edge)
                                  0.000000    0.000000   clock network delay (ideal)
                                  0.000000    0.000000   clock reconvergence pessimism
                                              0.000000 ^ _3807_/CLK (sky130_fd_sc_hd__dfrtp_2)
                                 -0.039110   -0.039110   library hold time
                                             -0.039110   data required time
---------------------------------------------------------------------------------------------
                                             -0.039110   data required time
                                             -0.519240   data arrival time
---------------------------------------------------------------------------------------------
                                              0.558351   slack (MET)


Startpoint: _3811_ (rising edge-triggered flip-flop clocked by clk)
Endpoint: _3811_ (rising edge-triggered flip-flop clocked by clk)
Path Group: clk
Path Type: min

Fanout         Cap        Slew       Delay        Time   Description
---------------------------------------------------------------------------------------------
                      0.000000    0.000000    0.000000   clock clk (rise edge)
                                  0.000000    0.000000   clock network delay (ideal)
                      0.000000    0.000000    0.000000 ^ _3811_/CLK (sky130_fd_sc_hd__dfrtp_2)
     2    0.003773    0.044002    0.320025    0.320025 ^ _3811_/Q (sky130_fd_sc_hd__dfrtp_2)
                                                         mul_unit.seg_reg0.q[34] (net)
                      0.044002    0.000000    0.320025 ^ _2410_/A0 (sky130_fd_sc_hd__mux2_2)
     1    0.002191    0.034938    0.128608    0.448633 ^ _2410_/X (sky130_fd_sc_hd__mux2_2)
                                                         _1751_ (net)
                      0.034938    0.000000    0.448633 ^ _2411_/A (sky130_fd_sc_hd__buf_1)
     1    0.002005    0.036760    0.070608    0.519240 ^ _2411_/X (sky130_fd_sc_hd__buf_1)
                                                         _0347_ (net)
                      0.036760    0.000000    0.519240 ^ _3811_/D (sky130_fd_sc_hd__dfrtp_2)
                                              0.519240   data arrival time

                      0.000000    0.000000    0.000000   clock clk (rise edge)
                                  0.000000    0.000000   clock network delay (ideal)
                                  0.000000    0.000000   clock reconvergence pessimism
                                              0.000000 ^ _3811_/CLK (sky130_fd_sc_hd__dfrtp_2)
                                 -0.039110   -0.039110   library hold time
                                             -0.039110   data required time
---------------------------------------------------------------------------------------------
                                             -0.039110   data required time
                                             -0.519240   data arrival time
---------------------------------------------------------------------------------------------
                                              0.558351   slack (MET)


Startpoint: _3814_ (rising edge-triggered flip-flop clocked by clk)
Endpoint: _3814_ (rising edge-triggered flip-flop clocked by clk)
Path Group: clk
Path Type: min

Fanout         Cap        Slew       Delay        Time   Description
---------------------------------------------------------------------------------------------
                      0.000000    0.000000    0.000000   clock clk (rise edge)
                                  0.000000    0.000000   clock network delay (ideal)
                      0.000000    0.000000    0.000000 ^ _3814_/CLK (sky130_fd_sc_hd__dfrtp_2)
     2    0.003773    0.044002    0.320025    0.320025 ^ _3814_/Q (sky130_fd_sc_hd__dfrtp_2)
                                                         mul_unit.seg_reg0.q[37] (net)
                      0.044002    0.000000    0.320025 ^ _2404_/A0 (sky130_fd_sc_hd__mux2_2)
     1    0.002191    0.034938    0.128608    0.448633 ^ _2404_/X (sky130_fd_sc_hd__mux2_2)
                                                         _1748_ (net)
                      0.034938    0.000000    0.448633 ^ _2405_/A (sky130_fd_sc_hd__buf_1)
     1    0.002005    0.036760    0.070608    0.519240 ^ _2405_/X (sky130_fd_sc_hd__buf_1)
                                                         _0350_ (net)
                      0.036760    0.000000    0.519240 ^ _3814_/D (sky130_fd_sc_hd__dfrtp_2)
                                              0.519240   data arrival time

                      0.000000    0.000000    0.000000   clock clk (rise edge)
                                  0.000000    0.000000   clock network delay (ideal)
                                  0.000000    0.000000   clock reconvergence pessimism
                                              0.000000 ^ _3814_/CLK (sky130_fd_sc_hd__dfrtp_2)
                                 -0.039110   -0.039110   library hold time
                                             -0.039110   data required time
---------------------------------------------------------------------------------------------
                                             -0.039110   data required time
                                             -0.519240   data arrival time
---------------------------------------------------------------------------------------------
                                              0.558351   slack (MET)


Startpoint: _3818_ (rising edge-triggered flip-flop clocked by clk)
Endpoint: _3818_ (rising edge-triggered flip-flop clocked by clk)
Path Group: clk
Path Type: min

Fanout         Cap        Slew       Delay        Time   Description
---------------------------------------------------------------------------------------------
                      0.000000    0.000000    0.000000   clock clk (rise edge)
                                  0.000000    0.000000   clock network delay (ideal)
                      0.000000    0.000000    0.000000 ^ _3818_/CLK (sky130_fd_sc_hd__dfrtp_2)
     2    0.003773    0.044002    0.320025    0.320025 ^ _3818_/Q (sky130_fd_sc_hd__dfrtp_2)
                                                         mul_unit.seg_reg0.q[41] (net)
                      0.044002    0.000000    0.320025 ^ _2396_/A0 (sky130_fd_sc_hd__mux2_2)
     1    0.002191    0.034938    0.128608    0.448633 ^ _2396_/X (sky130_fd_sc_hd__mux2_2)
                                                         _1744_ (net)
                      0.034938    0.000000    0.448633 ^ _2397_/A (sky130_fd_sc_hd__buf_1)
     1    0.002005    0.036760    0.070608    0.519240 ^ _2397_/X (sky130_fd_sc_hd__buf_1)
                                                         _0354_ (net)
                      0.036760    0.000000    0.519240 ^ _3818_/D (sky130_fd_sc_hd__dfrtp_2)
                                              0.519240   data arrival time

                      0.000000    0.000000    0.000000   clock clk (rise edge)
                                  0.000000    0.000000   clock network delay (ideal)
                                  0.000000    0.000000   clock reconvergence pessimism
                                              0.000000 ^ _3818_/CLK (sky130_fd_sc_hd__dfrtp_2)
                                 -0.039110   -0.039110   library hold time
                                             -0.039110   data required time
---------------------------------------------------------------------------------------------
                                             -0.039110   data required time
                                             -0.519240   data arrival time
---------------------------------------------------------------------------------------------
                                              0.558351   slack (MET)


Startpoint: _3822_ (rising edge-triggered flip-flop clocked by clk)
Endpoint: _3822_ (rising edge-triggered flip-flop clocked by clk)
Path Group: clk
Path Type: min

Fanout         Cap        Slew       Delay        Time   Description
---------------------------------------------------------------------------------------------
                      0.000000    0.000000    0.000000   clock clk (rise edge)
                                  0.000000    0.000000   clock network delay (ideal)
                      0.000000    0.000000    0.000000 ^ _3822_/CLK (sky130_fd_sc_hd__dfrtp_2)
     2    0.003773    0.044002    0.320025    0.320025 ^ _3822_/Q (sky130_fd_sc_hd__dfrtp_2)
                                                         mul_unit.seg_reg0.q[45] (net)
                      0.044002    0.000000    0.320025 ^ _2388_/A0 (sky130_fd_sc_hd__mux2_2)
     1    0.002191    0.034938    0.128608    0.448633 ^ _2388_/X (sky130_fd_sc_hd__mux2_2)
                                                         _1740_ (net)
                      0.034938    0.000000    0.448633 ^ _2389_/A (sky130_fd_sc_hd__buf_1)
     1    0.002005    0.036760    0.070608    0.519240 ^ _2389_/X (sky130_fd_sc_hd__buf_1)
                                                         _0358_ (net)
                      0.036760    0.000000    0.519240 ^ _3822_/D (sky130_fd_sc_hd__dfrtp_2)
                                              0.519240   data arrival time

                      0.000000    0.000000    0.000000   clock clk (rise edge)
                                  0.000000    0.000000   clock network delay (ideal)
                                  0.000000    0.000000   clock reconvergence pessimism
                                              0.000000 ^ _3822_/CLK (sky130_fd_sc_hd__dfrtp_2)
                                 -0.039110   -0.039110   library hold time
                                             -0.039110   data required time
---------------------------------------------------------------------------------------------
                                             -0.039110   data required time
                                             -0.519240   data arrival time
---------------------------------------------------------------------------------------------
                                              0.558351   slack (MET)


Startpoint: _3826_ (rising edge-triggered flip-flop clocked by clk)
Endpoint: _3826_ (rising edge-triggered flip-flop clocked by clk)
Path Group: clk
Path Type: min

Fanout         Cap        Slew       Delay        Time   Description
---------------------------------------------------------------------------------------------
                      0.000000    0.000000    0.000000   clock clk (rise edge)
                                  0.000000    0.000000   clock network delay (ideal)
                      0.000000    0.000000    0.000000 ^ _3826_/CLK (sky130_fd_sc_hd__dfrtp_2)
     2    0.003773    0.044002    0.320025    0.320025 ^ _3826_/Q (sky130_fd_sc_hd__dfrtp_2)
                                                         mul_unit.seg_reg0.q[49] (net)
                      0.044002    0.000000    0.320025 ^ _2380_/A0 (sky130_fd_sc_hd__mux2_2)
     1    0.002191    0.034938    0.128608    0.448633 ^ _2380_/X (sky130_fd_sc_hd__mux2_2)
                                                         _1736_ (net)
                      0.034938    0.000000    0.448633 ^ _2381_/A (sky130_fd_sc_hd__buf_1)
     1    0.002005    0.036760    0.070608    0.519240 ^ _2381_/X (sky130_fd_sc_hd__buf_1)
                                                         _0362_ (net)
                      0.036760    0.000000    0.519240 ^ _3826_/D (sky130_fd_sc_hd__dfrtp_2)
                                              0.519240   data arrival time

                      0.000000    0.000000    0.000000   clock clk (rise edge)
                                  0.000000    0.000000   clock network delay (ideal)
                                  0.000000    0.000000   clock reconvergence pessimism
                                              0.000000 ^ _3826_/CLK (sky130_fd_sc_hd__dfrtp_2)
                                 -0.039110   -0.039110   library hold time
                                             -0.039110   data required time
---------------------------------------------------------------------------------------------
                                             -0.039110   data required time
                                             -0.519240   data arrival time
---------------------------------------------------------------------------------------------
                                              0.558351   slack (MET)


Startpoint: _3829_ (rising edge-triggered flip-flop clocked by clk)
Endpoint: _3829_ (rising edge-triggered flip-flop clocked by clk)
Path Group: clk
Path Type: min

Fanout         Cap        Slew       Delay        Time   Description
---------------------------------------------------------------------------------------------
                      0.000000    0.000000    0.000000   clock clk (rise edge)
                                  0.000000    0.000000   clock network delay (ideal)
                      0.000000    0.000000    0.000000 ^ _3829_/CLK (sky130_fd_sc_hd__dfrtp_2)
     2    0.003773    0.044002    0.320025    0.320025 ^ _3829_/Q (sky130_fd_sc_hd__dfrtp_2)
                                                         mul_unit.seg_reg0.q[52] (net)
                      0.044002    0.000000    0.320025 ^ _2374_/A0 (sky130_fd_sc_hd__mux2_2)
     1    0.002191    0.034938    0.128608    0.448633 ^ _2374_/X (sky130_fd_sc_hd__mux2_2)
                                                         _1733_ (net)
                      0.034938    0.000000    0.448633 ^ _2375_/A (sky130_fd_sc_hd__buf_1)
     1    0.002005    0.036760    0.070608    0.519240 ^ _2375_/X (sky130_fd_sc_hd__buf_1)
                                                         _0365_ (net)
                      0.036760    0.000000    0.519240 ^ _3829_/D (sky130_fd_sc_hd__dfrtp_2)
                                              0.519240   data arrival time

                      0.000000    0.000000    0.000000   clock clk (rise edge)
                                  0.000000    0.000000   clock network delay (ideal)
                                  0.000000    0.000000   clock reconvergence pessimism
                                              0.000000 ^ _3829_/CLK (sky130_fd_sc_hd__dfrtp_2)
                                 -0.039110   -0.039110   library hold time
                                             -0.039110   data required time
---------------------------------------------------------------------------------------------
                                             -0.039110   data required time
                                             -0.519240   data arrival time
---------------------------------------------------------------------------------------------
                                              0.558351   slack (MET)


Startpoint: _3700_ (rising edge-triggered flip-flop clocked by clk)
Endpoint: _3711_ (rising edge-triggered flip-flop clocked by clk)
Path Group: clk
Path Type: min

Fanout         Cap        Slew       Delay        Time   Description
---------------------------------------------------------------------------------------------
                      0.000000    0.000000    0.000000   clock clk (rise edge)
                                  0.000000    0.000000   clock network delay (ideal)
                      0.000000    0.000000    0.000000 ^ _3700_/CLK (sky130_fd_sc_hd__dfrtp_2)
     2    0.003750    0.043890    0.319889    0.319889 ^ _3700_/Q (sky130_fd_sc_hd__dfrtp_2)
                                                         addsub_unit.seg_reg0.q[22] (net)
                      0.043890    0.000000    0.319889 ^ _3501_/A1 (sky130_fd_sc_hd__mux2_2)
     1    0.002191    0.034750    0.129117    0.449007 ^ _3501_/X (sky130_fd_sc_hd__mux2_2)
                                                         _1344_ (net)
                      0.034750    0.000000    0.449007 ^ _3502_/A (sky130_fd_sc_hd__buf_1)
     1    0.002005    0.036760    0.070543    0.519550 ^ _3502_/X (sky130_fd_sc_hd__buf_1)
                                                         _0247_ (net)
                      0.036760    0.000000    0.519550 ^ _3711_/D (sky130_fd_sc_hd__dfrtp_2)
                                              0.519550   data arrival time

                      0.000000    0.000000    0.000000   clock clk (rise edge)
                                  0.000000    0.000000   clock network delay (ideal)
                                  0.000000    0.000000   clock reconvergence pessimism
                                              0.000000 ^ _3711_/CLK (sky130_fd_sc_hd__dfrtp_2)
                                 -0.039110   -0.039110   library hold time
                                             -0.039110   data required time
---------------------------------------------------------------------------------------------
                                             -0.039110   data required time
                                             -0.519550   data arrival time
---------------------------------------------------------------------------------------------
                                              0.558660   slack (MET)


Startpoint: _3701_ (rising edge-triggered flip-flop clocked by clk)
Endpoint: _3712_ (rising edge-triggered flip-flop clocked by clk)
Path Group: clk
Path Type: min

Fanout         Cap        Slew       Delay        Time   Description
---------------------------------------------------------------------------------------------
                      0.000000    0.000000    0.000000   clock clk (rise edge)
                                  0.000000    0.000000   clock network delay (ideal)
                      0.000000    0.000000    0.000000 ^ _3701_/CLK (sky130_fd_sc_hd__dfrtp_2)
     2    0.003750    0.043890    0.319889    0.319889 ^ _3701_/Q (sky130_fd_sc_hd__dfrtp_2)
                                                         addsub_unit.seg_reg0.q[23] (net)
                      0.043890    0.000000    0.319889 ^ _3499_/A1 (sky130_fd_sc_hd__mux2_2)
     1    0.002191    0.034750    0.129117    0.449007 ^ _3499_/X (sky130_fd_sc_hd__mux2_2)
                                                         _1343_ (net)
                      0.034750    0.000000    0.449007 ^ _3500_/A (sky130_fd_sc_hd__buf_1)
     1    0.002005    0.036760    0.070543    0.519550 ^ _3500_/X (sky130_fd_sc_hd__buf_1)
                                                         _0248_ (net)
                      0.036760    0.000000    0.519550 ^ _3712_/D (sky130_fd_sc_hd__dfrtp_2)
                                              0.519550   data arrival time

                      0.000000    0.000000    0.000000   clock clk (rise edge)
                                  0.000000    0.000000   clock network delay (ideal)
                                  0.000000    0.000000   clock reconvergence pessimism
                                              0.000000 ^ _3712_/CLK (sky130_fd_sc_hd__dfrtp_2)
                                 -0.039110   -0.039110   library hold time
                                             -0.039110   data required time
---------------------------------------------------------------------------------------------
                                             -0.039110   data required time
                                             -0.519550   data arrival time
---------------------------------------------------------------------------------------------
                                              0.558660   slack (MET)


Startpoint: _3702_ (rising edge-triggered flip-flop clocked by clk)
Endpoint: _3713_ (rising edge-triggered flip-flop clocked by clk)
Path Group: clk
Path Type: min

Fanout         Cap        Slew       Delay        Time   Description
---------------------------------------------------------------------------------------------
                      0.000000    0.000000    0.000000   clock clk (rise edge)
                                  0.000000    0.000000   clock network delay (ideal)
                      0.000000    0.000000    0.000000 ^ _3702_/CLK (sky130_fd_sc_hd__dfrtp_2)
     2    0.003750    0.043890    0.319889    0.319889 ^ _3702_/Q (sky130_fd_sc_hd__dfrtp_2)
                                                         addsub_unit.seg_reg0.q[24] (net)
                      0.043890    0.000000    0.319889 ^ _3497_/A1 (sky130_fd_sc_hd__mux2_2)
     1    0.002191    0.034750    0.129117    0.449007 ^ _3497_/X (sky130_fd_sc_hd__mux2_2)
                                                         _1342_ (net)
                      0.034750    0.000000    0.449007 ^ _3498_/A (sky130_fd_sc_hd__buf_1)
     1    0.002005    0.036760    0.070543    0.519550 ^ _3498_/X (sky130_fd_sc_hd__buf_1)
                                                         _0249_ (net)
                      0.036760    0.000000    0.519550 ^ _3713_/D (sky130_fd_sc_hd__dfrtp_2)
                                              0.519550   data arrival time

                      0.000000    0.000000    0.000000   clock clk (rise edge)
                                  0.000000    0.000000   clock network delay (ideal)
                                  0.000000    0.000000   clock reconvergence pessimism
                                              0.000000 ^ _3713_/CLK (sky130_fd_sc_hd__dfrtp_2)
                                 -0.039110   -0.039110   library hold time
                                             -0.039110   data required time
---------------------------------------------------------------------------------------------
                                             -0.039110   data required time
                                             -0.519550   data arrival time
---------------------------------------------------------------------------------------------
                                              0.558660   slack (MET)


Startpoint: _3703_ (rising edge-triggered flip-flop clocked by clk)
Endpoint: _3714_ (rising edge-triggered flip-flop clocked by clk)
Path Group: clk
Path Type: min

Fanout         Cap        Slew       Delay        Time   Description
---------------------------------------------------------------------------------------------
                      0.000000    0.000000    0.000000   clock clk (rise edge)
                                  0.000000    0.000000   clock network delay (ideal)
                      0.000000    0.000000    0.000000 ^ _3703_/CLK (sky130_fd_sc_hd__dfrtp_2)
     2    0.003750    0.043890    0.319889    0.319889 ^ _3703_/Q (sky130_fd_sc_hd__dfrtp_2)
                                                         addsub_unit.seg_reg0.q[25] (net)
                      0.043890    0.000000    0.319889 ^ _3495_/A1 (sky130_fd_sc_hd__mux2_2)
     1    0.002191    0.034750    0.129117    0.449007 ^ _3495_/X (sky130_fd_sc_hd__mux2_2)
                                                         _1341_ (net)
                      0.034750    0.000000    0.449007 ^ _3496_/A (sky130_fd_sc_hd__buf_1)
     1    0.002005    0.036760    0.070543    0.519550 ^ _3496_/X (sky130_fd_sc_hd__buf_1)
                                                         _0250_ (net)
                      0.036760    0.000000    0.519550 ^ _3714_/D (sky130_fd_sc_hd__dfrtp_2)
                                              0.519550   data arrival time

                      0.000000    0.000000    0.000000   clock clk (rise edge)
                                  0.000000    0.000000   clock network delay (ideal)
                                  0.000000    0.000000   clock reconvergence pessimism
                                              0.000000 ^ _3714_/CLK (sky130_fd_sc_hd__dfrtp_2)
                                 -0.039110   -0.039110   library hold time
                                             -0.039110   data required time
---------------------------------------------------------------------------------------------
                                             -0.039110   data required time
                                             -0.519550   data arrival time
---------------------------------------------------------------------------------------------
                                              0.558660   slack (MET)


Startpoint: _3704_ (rising edge-triggered flip-flop clocked by clk)
Endpoint: _3715_ (rising edge-triggered flip-flop clocked by clk)
Path Group: clk
Path Type: min

Fanout         Cap        Slew       Delay        Time   Description
---------------------------------------------------------------------------------------------
                      0.000000    0.000000    0.000000   clock clk (rise edge)
                                  0.000000    0.000000   clock network delay (ideal)
                      0.000000    0.000000    0.000000 ^ _3704_/CLK (sky130_fd_sc_hd__dfrtp_2)
     2    0.003750    0.043890    0.319889    0.319889 ^ _3704_/Q (sky130_fd_sc_hd__dfrtp_2)
                                                         addsub_unit.seg_reg0.q[26] (net)
                      0.043890    0.000000    0.319889 ^ _3493_/A1 (sky130_fd_sc_hd__mux2_2)
     1    0.002191    0.034750    0.129117    0.449007 ^ _3493_/X (sky130_fd_sc_hd__mux2_2)
                                                         _1340_ (net)
                      0.034750    0.000000    0.449007 ^ _3494_/A (sky130_fd_sc_hd__buf_1)
     1    0.002005    0.036760    0.070543    0.519550 ^ _3494_/X (sky130_fd_sc_hd__buf_1)
                                                         _0251_ (net)
                      0.036760    0.000000    0.519550 ^ _3715_/D (sky130_fd_sc_hd__dfrtp_2)
                                              0.519550   data arrival time

                      0.000000    0.000000    0.000000   clock clk (rise edge)
                                  0.000000    0.000000   clock network delay (ideal)
                                  0.000000    0.000000   clock reconvergence pessimism
                                              0.000000 ^ _3715_/CLK (sky130_fd_sc_hd__dfrtp_2)
                                 -0.039110   -0.039110   library hold time
                                             -0.039110   data required time
---------------------------------------------------------------------------------------------
                                             -0.039110   data required time
                                             -0.519550   data arrival time
---------------------------------------------------------------------------------------------
                                              0.558660   slack (MET)


Startpoint: _3705_ (rising edge-triggered flip-flop clocked by clk)
Endpoint: _3716_ (rising edge-triggered flip-flop clocked by clk)
Path Group: clk
Path Type: min

Fanout         Cap        Slew       Delay        Time   Description
---------------------------------------------------------------------------------------------
                      0.000000    0.000000    0.000000   clock clk (rise edge)
                                  0.000000    0.000000   clock network delay (ideal)
                      0.000000    0.000000    0.000000 ^ _3705_/CLK (sky130_fd_sc_hd__dfrtp_2)
     2    0.003750    0.043890    0.319889    0.319889 ^ _3705_/Q (sky130_fd_sc_hd__dfrtp_2)
                                                         addsub_unit.seg_reg0.q[27] (net)
                      0.043890    0.000000    0.319889 ^ _3491_/A1 (sky130_fd_sc_hd__mux2_2)
     1    0.002191    0.034750    0.129117    0.449007 ^ _3491_/X (sky130_fd_sc_hd__mux2_2)
                                                         _1339_ (net)
                      0.034750    0.000000    0.449007 ^ _3492_/A (sky130_fd_sc_hd__buf_1)
     1    0.002005    0.036760    0.070543    0.519550 ^ _3492_/X (sky130_fd_sc_hd__buf_1)
                                                         _0252_ (net)
                      0.036760    0.000000    0.519550 ^ _3716_/D (sky130_fd_sc_hd__dfrtp_2)
                                              0.519550   data arrival time

                      0.000000    0.000000    0.000000   clock clk (rise edge)
                                  0.000000    0.000000   clock network delay (ideal)
                                  0.000000    0.000000   clock reconvergence pessimism
                                              0.000000 ^ _3716_/CLK (sky130_fd_sc_hd__dfrtp_2)
                                 -0.039110   -0.039110   library hold time
                                             -0.039110   data required time
---------------------------------------------------------------------------------------------
                                             -0.039110   data required time
                                             -0.519550   data arrival time
---------------------------------------------------------------------------------------------
                                              0.558660   slack (MET)


Startpoint: _3706_ (rising edge-triggered flip-flop clocked by clk)
Endpoint: _3717_ (rising edge-triggered flip-flop clocked by clk)
Path Group: clk
Path Type: min

Fanout         Cap        Slew       Delay        Time   Description
---------------------------------------------------------------------------------------------
                      0.000000    0.000000    0.000000   clock clk (rise edge)
                                  0.000000    0.000000   clock network delay (ideal)
                      0.000000    0.000000    0.000000 ^ _3706_/CLK (sky130_fd_sc_hd__dfrtp_2)
     2    0.003750    0.043890    0.319889    0.319889 ^ _3706_/Q (sky130_fd_sc_hd__dfrtp_2)
                                                         addsub_unit.seg_reg0.q[28] (net)
                      0.043890    0.000000    0.319889 ^ _3489_/A1 (sky130_fd_sc_hd__mux2_2)
     1    0.002191    0.034750    0.129117    0.449007 ^ _3489_/X (sky130_fd_sc_hd__mux2_2)
                                                         _1338_ (net)
                      0.034750    0.000000    0.449007 ^ _3490_/A (sky130_fd_sc_hd__buf_1)
     1    0.002005    0.036760    0.070543    0.519550 ^ _3490_/X (sky130_fd_sc_hd__buf_1)
                                                         _0253_ (net)
                      0.036760    0.000000    0.519550 ^ _3717_/D (sky130_fd_sc_hd__dfrtp_2)
                                              0.519550   data arrival time

                      0.000000    0.000000    0.000000   clock clk (rise edge)
                                  0.000000    0.000000   clock network delay (ideal)
                                  0.000000    0.000000   clock reconvergence pessimism
                                              0.000000 ^ _3717_/CLK (sky130_fd_sc_hd__dfrtp_2)
                                 -0.039110   -0.039110   library hold time
                                             -0.039110   data required time
---------------------------------------------------------------------------------------------
                                             -0.039110   data required time
                                             -0.519550   data arrival time
---------------------------------------------------------------------------------------------
                                              0.558660   slack (MET)


Startpoint: _3677_ (rising edge-triggered flip-flop clocked by clk)
Endpoint: _3708_ (rising edge-triggered flip-flop clocked by clk)
Path Group: clk
Path Type: min

Fanout         Cap        Slew       Delay        Time   Description
---------------------------------------------------------------------------------------------
                      0.000000    0.000000    0.000000   clock clk (rise edge)
                                  0.000000    0.000000   clock network delay (ideal)
                      0.000000    0.000000    0.000000 ^ _3677_/CLK (sky130_fd_sc_hd__dfrtp_2)
     2    0.003750    0.043890    0.319889    0.319889 ^ _3677_/Q (sky130_fd_sc_hd__dfrtp_2)
                                                         addsub_unit.reg_add_sub.q[0] (net)
                      0.043890    0.000000    0.319889 ^ _3507_/A1 (sky130_fd_sc_hd__mux2_2)
     1    0.002191    0.034756    0.129117    0.449007 ^ _3507_/X (sky130_fd_sc_hd__mux2_2)
                                                         _1347_ (net)
                      0.034756    0.000000    0.449007 ^ _3508_/A (sky130_fd_sc_hd__buf_1)
     1    0.002005    0.036760    0.070545    0.519551 ^ _3508_/X (sky130_fd_sc_hd__buf_1)
                                                         _0244_ (net)
                      0.036760    0.000000    0.519551 ^ _3708_/D (sky130_fd_sc_hd__dfrtp_2)
                                              0.519551   data arrival time

                      0.000000    0.000000    0.000000   clock clk (rise edge)
                                  0.000000    0.000000   clock network delay (ideal)
                                  0.000000    0.000000   clock reconvergence pessimism
                                              0.000000 ^ _3708_/CLK (sky130_fd_sc_hd__dfrtp_2)
                                 -0.039110   -0.039110   library hold time
                                             -0.039110   data required time
---------------------------------------------------------------------------------------------
                                             -0.039110   data required time
                                             -0.519551   data arrival time
---------------------------------------------------------------------------------------------
                                              0.558662   slack (MET)


Startpoint: _3764_ (rising edge-triggered flip-flop clocked by clk)
Endpoint: _3709_ (rising edge-triggered flip-flop clocked by clk)
Path Group: clk
Path Type: min

Fanout         Cap        Slew       Delay        Time   Description
---------------------------------------------------------------------------------------------
                      0.000000    0.000000    0.000000   clock clk (rise edge)
                                  0.000000    0.000000   clock network delay (ideal)
                      0.000000    0.000000    0.000000 ^ _3764_/CLK (sky130_fd_sc_hd__dfrtp_2)
     2    0.003750    0.043890    0.319889    0.319889 ^ _3764_/Q (sky130_fd_sc_hd__dfrtp_2)
                                                         addsub_unit.exp_mant_logic0.b[15] (net)
                      0.043890    0.000000    0.319889 ^ _3505_/A1 (sky130_fd_sc_hd__mux2_2)
     1    0.002191    0.034756    0.129117    0.449007 ^ _3505_/X (sky130_fd_sc_hd__mux2_2)
                                                         _1346_ (net)
                      0.034756    0.000000    0.449007 ^ _3506_/A (sky130_fd_sc_hd__buf_1)
     1    0.002005    0.036760    0.070545    0.519551 ^ _3506_/X (sky130_fd_sc_hd__buf_1)
                                                         _0245_ (net)
                      0.036760    0.000000    0.519551 ^ _3709_/D (sky130_fd_sc_hd__dfrtp_2)
                                              0.519551   data arrival time

                      0.000000    0.000000    0.000000   clock clk (rise edge)
                                  0.000000    0.000000   clock network delay (ideal)
                                  0.000000    0.000000   clock reconvergence pessimism
                                              0.000000 ^ _3709_/CLK (sky130_fd_sc_hd__dfrtp_2)
                                 -0.039110   -0.039110   library hold time
                                             -0.039110   data required time
---------------------------------------------------------------------------------------------
                                             -0.039110   data required time
                                             -0.519551   data arrival time
---------------------------------------------------------------------------------------------
                                              0.558662   slack (MET)


Startpoint: _3748_ (rising edge-triggered flip-flop clocked by clk)
Endpoint: _3710_ (rising edge-triggered flip-flop clocked by clk)
Path Group: clk
Path Type: min

Fanout         Cap        Slew       Delay        Time   Description
---------------------------------------------------------------------------------------------
                      0.000000    0.000000    0.000000   clock clk (rise edge)
                                  0.000000    0.000000   clock network delay (ideal)
                      0.000000    0.000000    0.000000 ^ _3748_/CLK (sky130_fd_sc_hd__dfrtp_2)
     2    0.003750    0.043890    0.319889    0.319889 ^ _3748_/Q (sky130_fd_sc_hd__dfrtp_2)
                                                         addsub_unit.exp_mant_logic0.a[15] (net)
                      0.043890    0.000000    0.319889 ^ _3503_/A1 (sky130_fd_sc_hd__mux2_2)
     1    0.002191    0.034756    0.129117    0.449007 ^ _3503_/X (sky130_fd_sc_hd__mux2_2)
                                                         _1345_ (net)
                      0.034756    0.000000    0.449007 ^ _3504_/A (sky130_fd_sc_hd__buf_1)
     1    0.002005    0.036760    0.070545    0.519551 ^ _3504_/X (sky130_fd_sc_hd__buf_1)
                                                         _0246_ (net)
                      0.036760    0.000000    0.519551 ^ _3710_/D (sky130_fd_sc_hd__dfrtp_2)
                                              0.519551   data arrival time

                      0.000000    0.000000    0.000000   clock clk (rise edge)
                                  0.000000    0.000000   clock network delay (ideal)
                                  0.000000    0.000000   clock reconvergence pessimism
                                              0.000000 ^ _3710_/CLK (sky130_fd_sc_hd__dfrtp_2)
                                 -0.039110   -0.039110   library hold time
                                             -0.039110   data required time
---------------------------------------------------------------------------------------------
                                             -0.039110   data required time
                                             -0.519551   data arrival time
---------------------------------------------------------------------------------------------
                                              0.558662   slack (MET)


Startpoint: _3865_ (rising edge-triggered flip-flop clocked by clk)
Endpoint: _3750_ (rising edge-triggered flip-flop clocked by clk)
Path Group: clk
Path Type: min

Fanout         Cap        Slew       Delay        Time   Description
---------------------------------------------------------------------------------------------
                      0.000000    0.000000    0.000000   clock clk (rise edge)
                                  0.000000    0.000000   clock network delay (ideal)
                      0.000000    0.000000    0.000000 ^ _3865_/CLK (sky130_fd_sc_hd__dfrtp_2)
     2    0.004214    0.046141    0.322623    0.322623 ^ _3865_/Q (sky130_fd_sc_hd__dfrtp_2)
                                                         addsub_unit.x2[1] (net)
                      0.046141    0.000000    0.322623 ^ _3256_/A1 (sky130_fd_sc_hd__mux2_2)
     1    0.002191    0.034749    0.129874    0.452497 ^ _3256_/X (sky130_fd_sc_hd__mux2_2)
                                                         _1138_ (net)
                      0.034749    0.000000    0.452497 ^ _3257_/A (sky130_fd_sc_hd__buf_1)
     1    0.002005    0.036760    0.070542    0.523039 ^ _3257_/X (sky130_fd_sc_hd__buf_1)
                                                         _0286_ (net)
                      0.036760    0.000000    0.523039 ^ _3750_/D (sky130_fd_sc_hd__dfrtp_2)
                                              0.523039   data arrival time

                      0.000000    0.000000    0.000000   clock clk (rise edge)
                                  0.000000    0.000000   clock network delay (ideal)
                                  0.000000    0.000000   clock reconvergence pessimism
                                              0.000000 ^ _3750_/CLK (sky130_fd_sc_hd__dfrtp_2)
                                 -0.039110   -0.039110   library hold time
                                             -0.039110   data required time
---------------------------------------------------------------------------------------------
                                             -0.039110   data required time
                                             -0.523039   data arrival time
---------------------------------------------------------------------------------------------
                                              0.562149   slack (MET)


Startpoint: _3869_ (rising edge-triggered flip-flop clocked by clk)
Endpoint: _3754_ (rising edge-triggered flip-flop clocked by clk)
Path Group: clk
Path Type: min

Fanout         Cap        Slew       Delay        Time   Description
---------------------------------------------------------------------------------------------
                      0.000000    0.000000    0.000000   clock clk (rise edge)
                                  0.000000    0.000000   clock network delay (ideal)
                      0.000000    0.000000    0.000000 ^ _3869_/CLK (sky130_fd_sc_hd__dfrtp_2)
     2    0.004214    0.046141    0.322623    0.322623 ^ _3869_/Q (sky130_fd_sc_hd__dfrtp_2)
                                                         addsub_unit.x2[5] (net)
                      0.046141    0.000000    0.322623 ^ _3248_/A1 (sky130_fd_sc_hd__mux2_2)
     1    0.002191    0.034749    0.129874    0.452497 ^ _3248_/X (sky130_fd_sc_hd__mux2_2)
                                                         _1134_ (net)
                      0.034749    0.000000    0.452497 ^ _3249_/A (sky130_fd_sc_hd__buf_1)
     1    0.002005    0.036760    0.070542    0.523039 ^ _3249_/X (sky130_fd_sc_hd__buf_1)
                                                         _0290_ (net)
                      0.036760    0.000000    0.523039 ^ _3754_/D (sky130_fd_sc_hd__dfrtp_2)
                                              0.523039   data arrival time

                      0.000000    0.000000    0.000000   clock clk (rise edge)
                                  0.000000    0.000000   clock network delay (ideal)
                                  0.000000    0.000000   clock reconvergence pessimism
                                              0.000000 ^ _3754_/CLK (sky130_fd_sc_hd__dfrtp_2)
                                 -0.039110   -0.039110   library hold time
                                             -0.039110   data required time
---------------------------------------------------------------------------------------------
                                             -0.039110   data required time
                                             -0.523039   data arrival time
---------------------------------------------------------------------------------------------
                                              0.562149   slack (MET)


Startpoint: _3864_ (rising edge-triggered flip-flop clocked by clk)
Endpoint: _3749_ (rising edge-triggered flip-flop clocked by clk)
Path Group: clk
Path Type: min

Fanout         Cap        Slew       Delay        Time   Description
---------------------------------------------------------------------------------------------
                      0.000000    0.000000    0.000000   clock clk (rise edge)
                                  0.000000    0.000000   clock network delay (ideal)
                      0.000000    0.000000    0.000000 ^ _3864_/CLK (sky130_fd_sc_hd__dfrtp_2)
     2    0.004302    0.046568    0.323141    0.323141 ^ _3864_/Q (sky130_fd_sc_hd__dfrtp_2)
                                                         addsub_unit.x2[0] (net)
                      0.046568    0.000000    0.323141 ^ _3258_/A1 (sky130_fd_sc_hd__mux2_2)
     1    0.002191    0.034749    0.130018    0.453159 ^ _3258_/X (sky130_fd_sc_hd__mux2_2)
                                                         _1139_ (net)
                      0.034749    0.000000    0.453159 ^ _3259_/A (sky130_fd_sc_hd__buf_1)
     1    0.002005    0.036760    0.070542    0.523701 ^ _3259_/X (sky130_fd_sc_hd__buf_1)
                                                         _0285_ (net)
                      0.036760    0.000000    0.523701 ^ _3749_/D (sky130_fd_sc_hd__dfrtp_2)
                                              0.523701   data arrival time

                      0.000000    0.000000    0.000000   clock clk (rise edge)
                                  0.000000    0.000000   clock network delay (ideal)
                                  0.000000    0.000000   clock reconvergence pessimism
                                              0.000000 ^ _3749_/CLK (sky130_fd_sc_hd__dfrtp_2)
                                 -0.039110   -0.039110   library hold time
                                             -0.039110   data required time
---------------------------------------------------------------------------------------------
                                             -0.039110   data required time
                                             -0.523701   data arrival time
---------------------------------------------------------------------------------------------
                                              0.562811   slack (MET)


Startpoint: _3866_ (rising edge-triggered flip-flop clocked by clk)
Endpoint: _3751_ (rising edge-triggered flip-flop clocked by clk)
Path Group: clk
Path Type: min

Fanout         Cap        Slew       Delay        Time   Description
---------------------------------------------------------------------------------------------
                      0.000000    0.000000    0.000000   clock clk (rise edge)
                                  0.000000    0.000000   clock network delay (ideal)
                      0.000000    0.000000    0.000000 ^ _3866_/CLK (sky130_fd_sc_hd__dfrtp_2)
     2    0.004302    0.046568    0.323141    0.323141 ^ _3866_/Q (sky130_fd_sc_hd__dfrtp_2)
                                                         addsub_unit.x2[2] (net)
                      0.046568    0.000000    0.323141 ^ _3254_/A1 (sky130_fd_sc_hd__mux2_2)
     1    0.002191    0.034749    0.130018    0.453159 ^ _3254_/X (sky130_fd_sc_hd__mux2_2)
                                                         _1137_ (net)
                      0.034749    0.000000    0.453159 ^ _3255_/A (sky130_fd_sc_hd__buf_1)
     1    0.002005    0.036760    0.070542    0.523701 ^ _3255_/X (sky130_fd_sc_hd__buf_1)
                                                         _0287_ (net)
                      0.036760    0.000000    0.523701 ^ _3751_/D (sky130_fd_sc_hd__dfrtp_2)
                                              0.523701   data arrival time

                      0.000000    0.000000    0.000000   clock clk (rise edge)
                                  0.000000    0.000000   clock network delay (ideal)
                                  0.000000    0.000000   clock reconvergence pessimism
                                              0.000000 ^ _3751_/CLK (sky130_fd_sc_hd__dfrtp_2)
                                 -0.039110   -0.039110   library hold time
                                             -0.039110   data required time
---------------------------------------------------------------------------------------------
                                             -0.039110   data required time
                                             -0.523701   data arrival time
---------------------------------------------------------------------------------------------
                                              0.562811   slack (MET)


Startpoint: _3867_ (rising edge-triggered flip-flop clocked by clk)
Endpoint: _3752_ (rising edge-triggered flip-flop clocked by clk)
Path Group: clk
Path Type: min

Fanout         Cap        Slew       Delay        Time   Description
---------------------------------------------------------------------------------------------
                      0.000000    0.000000    0.000000   clock clk (rise edge)
                                  0.000000    0.000000   clock network delay (ideal)
                      0.000000    0.000000    0.000000 ^ _3867_/CLK (sky130_fd_sc_hd__dfrtp_2)
     2    0.004302    0.046568    0.323141    0.323141 ^ _3867_/Q (sky130_fd_sc_hd__dfrtp_2)
                                                         addsub_unit.x2[3] (net)
                      0.046568    0.000000    0.323141 ^ _3252_/A1 (sky130_fd_sc_hd__mux2_2)
     1    0.002191    0.034749    0.130018    0.453159 ^ _3252_/X (sky130_fd_sc_hd__mux2_2)
                                                         _1136_ (net)
                      0.034749    0.000000    0.453159 ^ _3253_/A (sky130_fd_sc_hd__buf_1)
     1    0.002005    0.036760    0.070542    0.523701 ^ _3253_/X (sky130_fd_sc_hd__buf_1)
                                                         _0288_ (net)
                      0.036760    0.000000    0.523701 ^ _3752_/D (sky130_fd_sc_hd__dfrtp_2)
                                              0.523701   data arrival time

                      0.000000    0.000000    0.000000   clock clk (rise edge)
                                  0.000000    0.000000   clock network delay (ideal)
                                  0.000000    0.000000   clock reconvergence pessimism
                                              0.000000 ^ _3752_/CLK (sky130_fd_sc_hd__dfrtp_2)
                                 -0.039110   -0.039110   library hold time
                                             -0.039110   data required time
---------------------------------------------------------------------------------------------
                                             -0.039110   data required time
                                             -0.523701   data arrival time
---------------------------------------------------------------------------------------------
                                              0.562811   slack (MET)


Startpoint: _3868_ (rising edge-triggered flip-flop clocked by clk)
Endpoint: _3753_ (rising edge-triggered flip-flop clocked by clk)
Path Group: clk
Path Type: min

Fanout         Cap        Slew       Delay        Time   Description
---------------------------------------------------------------------------------------------
                      0.000000    0.000000    0.000000   clock clk (rise edge)
                                  0.000000    0.000000   clock network delay (ideal)
                      0.000000    0.000000    0.000000 ^ _3868_/CLK (sky130_fd_sc_hd__dfrtp_2)
     2    0.004302    0.046568    0.323141    0.323141 ^ _3868_/Q (sky130_fd_sc_hd__dfrtp_2)
                                                         addsub_unit.x2[4] (net)
                      0.046568    0.000000    0.323141 ^ _3250_/A1 (sky130_fd_sc_hd__mux2_2)
     1    0.002191    0.034749    0.130018    0.453159 ^ _3250_/X (sky130_fd_sc_hd__mux2_2)
                                                         _1135_ (net)
                      0.034749    0.000000    0.453159 ^ _3251_/A (sky130_fd_sc_hd__buf_1)
     1    0.002005    0.036760    0.070542    0.523701 ^ _3251_/X (sky130_fd_sc_hd__buf_1)
                                                         _0289_ (net)
                      0.036760    0.000000    0.523701 ^ _3753_/D (sky130_fd_sc_hd__dfrtp_2)
                                              0.523701   data arrival time

                      0.000000    0.000000    0.000000   clock clk (rise edge)
                                  0.000000    0.000000   clock network delay (ideal)
                                  0.000000    0.000000   clock reconvergence pessimism
                                              0.000000 ^ _3753_/CLK (sky130_fd_sc_hd__dfrtp_2)
                                 -0.039110   -0.039110   library hold time
                                             -0.039110   data required time
---------------------------------------------------------------------------------------------
                                             -0.039110   data required time
                                             -0.523701   data arrival time
---------------------------------------------------------------------------------------------
                                              0.562811   slack (MET)


Startpoint: _3870_ (rising edge-triggered flip-flop clocked by clk)
Endpoint: _3755_ (rising edge-triggered flip-flop clocked by clk)
Path Group: clk
Path Type: min

Fanout         Cap        Slew       Delay        Time   Description
---------------------------------------------------------------------------------------------
                      0.000000    0.000000    0.000000   clock clk (rise edge)
                                  0.000000    0.000000   clock network delay (ideal)
                      0.000000    0.000000    0.000000 ^ _3870_/CLK (sky130_fd_sc_hd__dfrtp_2)
     2    0.004302    0.046568    0.323141    0.323141 ^ _3870_/Q (sky130_fd_sc_hd__dfrtp_2)
                                                         addsub_unit.x2[6] (net)
                      0.046568    0.000000    0.323141 ^ _3246_/A1 (sky130_fd_sc_hd__mux2_2)
     1    0.002191    0.034749    0.130018    0.453159 ^ _3246_/X (sky130_fd_sc_hd__mux2_2)
                                                         _1133_ (net)
                      0.034749    0.000000    0.453159 ^ _3247_/A (sky130_fd_sc_hd__buf_1)
     1    0.002005    0.036760    0.070542    0.523701 ^ _3247_/X (sky130_fd_sc_hd__buf_1)
                                                         _0291_ (net)
                      0.036760    0.000000    0.523701 ^ _3755_/D (sky130_fd_sc_hd__dfrtp_2)
                                              0.523701   data arrival time

                      0.000000    0.000000    0.000000   clock clk (rise edge)
                                  0.000000    0.000000   clock network delay (ideal)
                                  0.000000    0.000000   clock reconvergence pessimism
                                              0.000000 ^ _3755_/CLK (sky130_fd_sc_hd__dfrtp_2)
                                 -0.039110   -0.039110   library hold time
                                             -0.039110   data required time
---------------------------------------------------------------------------------------------
                                             -0.039110   data required time
                                             -0.523701   data arrival time
---------------------------------------------------------------------------------------------
                                              0.562811   slack (MET)


Startpoint: _3871_ (rising edge-triggered flip-flop clocked by clk)
Endpoint: _3756_ (rising edge-triggered flip-flop clocked by clk)
Path Group: clk
Path Type: min

Fanout         Cap        Slew       Delay        Time   Description
---------------------------------------------------------------------------------------------
                      0.000000    0.000000    0.000000   clock clk (rise edge)
                                  0.000000    0.000000   clock network delay (ideal)
                      0.000000    0.000000    0.000000 ^ _3871_/CLK (sky130_fd_sc_hd__dfrtp_2)
     2    0.004302    0.046568    0.323141    0.323141 ^ _3871_/Q (sky130_fd_sc_hd__dfrtp_2)
                                                         addsub_unit.x2[7] (net)
                      0.046568    0.000000    0.323141 ^ _3244_/A1 (sky130_fd_sc_hd__mux2_2)
     1    0.002191    0.034749    0.130018    0.453159 ^ _3244_/X (sky130_fd_sc_hd__mux2_2)
                                                         _1132_ (net)
                      0.034749    0.000000    0.453159 ^ _3245_/A (sky130_fd_sc_hd__buf_1)
     1    0.002005    0.036760    0.070542    0.523701 ^ _3245_/X (sky130_fd_sc_hd__buf_1)
                                                         _0292_ (net)
                      0.036760    0.000000    0.523701 ^ _3756_/D (sky130_fd_sc_hd__dfrtp_2)
                                              0.523701   data arrival time

                      0.000000    0.000000    0.000000   clock clk (rise edge)
                                  0.000000    0.000000   clock network delay (ideal)
                                  0.000000    0.000000   clock reconvergence pessimism
                                              0.000000 ^ _3756_/CLK (sky130_fd_sc_hd__dfrtp_2)
                                 -0.039110   -0.039110   library hold time
                                             -0.039110   data required time
---------------------------------------------------------------------------------------------
                                             -0.039110   data required time
                                             -0.523701   data arrival time
---------------------------------------------------------------------------------------------
                                              0.562811   slack (MET)


Startpoint: _3872_ (rising edge-triggered flip-flop clocked by clk)
Endpoint: _3757_ (rising edge-triggered flip-flop clocked by clk)
Path Group: clk
Path Type: min

Fanout         Cap        Slew       Delay        Time   Description
---------------------------------------------------------------------------------------------
                      0.000000    0.000000    0.000000   clock clk (rise edge)
                                  0.000000    0.000000   clock network delay (ideal)
                      0.000000    0.000000    0.000000 ^ _3872_/CLK (sky130_fd_sc_hd__dfrtp_2)
     2    0.004302    0.046568    0.323141    0.323141 ^ _3872_/Q (sky130_fd_sc_hd__dfrtp_2)
                                                         addsub_unit.x2[8] (net)
                      0.046568    0.000000    0.323141 ^ _3241_/A1 (sky130_fd_sc_hd__mux2_2)
     1    0.002191    0.034748    0.130018    0.453159 ^ _3241_/X (sky130_fd_sc_hd__mux2_2)
                                                         _1130_ (net)
                      0.034748    0.000000    0.453159 ^ _3242_/A (sky130_fd_sc_hd__buf_1)
     1    0.002005    0.036760    0.070542    0.523701 ^ _3242_/X (sky130_fd_sc_hd__buf_1)
                                                         _0293_ (net)
                      0.036760    0.000000    0.523701 ^ _3757_/D (sky130_fd_sc_hd__dfrtp_2)
                                              0.523701   data arrival time

                      0.000000    0.000000    0.000000   clock clk (rise edge)
                                  0.000000    0.000000   clock network delay (ideal)
                                  0.000000    0.000000   clock reconvergence pessimism
                                              0.000000 ^ _3757_/CLK (sky130_fd_sc_hd__dfrtp_2)
                                 -0.039110   -0.039110   library hold time
                                             -0.039110   data required time
---------------------------------------------------------------------------------------------
                                             -0.039110   data required time
                                             -0.523701   data arrival time
---------------------------------------------------------------------------------------------
                                              0.562811   slack (MET)


Startpoint: _3873_ (rising edge-triggered flip-flop clocked by clk)
Endpoint: _3758_ (rising edge-triggered flip-flop clocked by clk)
Path Group: clk
Path Type: min

Fanout         Cap        Slew       Delay        Time   Description
---------------------------------------------------------------------------------------------
                      0.000000    0.000000    0.000000   clock clk (rise edge)
                                  0.000000    0.000000   clock network delay (ideal)
                      0.000000    0.000000    0.000000 ^ _3873_/CLK (sky130_fd_sc_hd__dfrtp_2)
     2    0.004302    0.046568    0.323141    0.323141 ^ _3873_/Q (sky130_fd_sc_hd__dfrtp_2)
                                                         addsub_unit.x2[9] (net)
                      0.046568    0.000000    0.323141 ^ _3239_/A1 (sky130_fd_sc_hd__mux2_2)
     1    0.002191    0.034748    0.130018    0.453159 ^ _3239_/X (sky130_fd_sc_hd__mux2_2)
                                                         _1129_ (net)
                      0.034748    0.000000    0.453159 ^ _3240_/A (sky130_fd_sc_hd__buf_1)
     1    0.002005    0.036760    0.070542    0.523701 ^ _3240_/X (sky130_fd_sc_hd__buf_1)
                                                         _0294_ (net)
                      0.036760    0.000000    0.523701 ^ _3758_/D (sky130_fd_sc_hd__dfrtp_2)
                                              0.523701   data arrival time

                      0.000000    0.000000    0.000000   clock clk (rise edge)
                                  0.000000    0.000000   clock network delay (ideal)
                                  0.000000    0.000000   clock reconvergence pessimism
                                              0.000000 ^ _3758_/CLK (sky130_fd_sc_hd__dfrtp_2)
                                 -0.039110   -0.039110   library hold time
                                             -0.039110   data required time
---------------------------------------------------------------------------------------------
                                             -0.039110   data required time
                                             -0.523701   data arrival time
---------------------------------------------------------------------------------------------
                                              0.562811   slack (MET)


Startpoint: _3874_ (rising edge-triggered flip-flop clocked by clk)
Endpoint: _3759_ (rising edge-triggered flip-flop clocked by clk)
Path Group: clk
Path Type: min

Fanout         Cap        Slew       Delay        Time   Description
---------------------------------------------------------------------------------------------
                      0.000000    0.000000    0.000000   clock clk (rise edge)
                                  0.000000    0.000000   clock network delay (ideal)
                      0.000000    0.000000    0.000000 ^ _3874_/CLK (sky130_fd_sc_hd__dfrtp_2)
     2    0.004302    0.046568    0.323141    0.323141 ^ _3874_/Q (sky130_fd_sc_hd__dfrtp_2)
                                                         addsub_unit.x2[10] (net)
                      0.046568    0.000000    0.323141 ^ _3237_/A1 (sky130_fd_sc_hd__mux2_2)
     1    0.002191    0.034748    0.130018    0.453159 ^ _3237_/X (sky130_fd_sc_hd__mux2_2)
                                                         _1128_ (net)
                      0.034748    0.000000    0.453159 ^ _3238_/A (sky130_fd_sc_hd__buf_1)
     1    0.002005    0.036760    0.070542    0.523701 ^ _3238_/X (sky130_fd_sc_hd__buf_1)
                                                         _0295_ (net)
                      0.036760    0.000000    0.523701 ^ _3759_/D (sky130_fd_sc_hd__dfrtp_2)
                                              0.523701   data arrival time

                      0.000000    0.000000    0.000000   clock clk (rise edge)
                                  0.000000    0.000000   clock network delay (ideal)
                                  0.000000    0.000000   clock reconvergence pessimism
                                              0.000000 ^ _3759_/CLK (sky130_fd_sc_hd__dfrtp_2)
                                 -0.039110   -0.039110   library hold time
                                             -0.039110   data required time
---------------------------------------------------------------------------------------------
                                             -0.039110   data required time
                                             -0.523701   data arrival time
---------------------------------------------------------------------------------------------
                                              0.562811   slack (MET)


Startpoint: _3875_ (rising edge-triggered flip-flop clocked by clk)
Endpoint: _3760_ (rising edge-triggered flip-flop clocked by clk)
Path Group: clk
Path Type: min

Fanout         Cap        Slew       Delay        Time   Description
---------------------------------------------------------------------------------------------
                      0.000000    0.000000    0.000000   clock clk (rise edge)
                                  0.000000    0.000000   clock network delay (ideal)
                      0.000000    0.000000    0.000000 ^ _3875_/CLK (sky130_fd_sc_hd__dfrtp_2)
     2    0.004302    0.046568    0.323141    0.323141 ^ _3875_/Q (sky130_fd_sc_hd__dfrtp_2)
                                                         addsub_unit.x2[11] (net)
                      0.046568    0.000000    0.323141 ^ _3235_/A1 (sky130_fd_sc_hd__mux2_2)
     1    0.002191    0.034748    0.130018    0.453159 ^ _3235_/X (sky130_fd_sc_hd__mux2_2)
                                                         _1127_ (net)
                      0.034748    0.000000    0.453159 ^ _3236_/A (sky130_fd_sc_hd__buf_1)
     1    0.002005    0.036760    0.070542    0.523701 ^ _3236_/X (sky130_fd_sc_hd__buf_1)
                                                         _0296_ (net)
                      0.036760    0.000000    0.523701 ^ _3760_/D (sky130_fd_sc_hd__dfrtp_2)
                                              0.523701   data arrival time

                      0.000000    0.000000    0.000000   clock clk (rise edge)
                                  0.000000    0.000000   clock network delay (ideal)
                                  0.000000    0.000000   clock reconvergence pessimism
                                              0.000000 ^ _3760_/CLK (sky130_fd_sc_hd__dfrtp_2)
                                 -0.039110   -0.039110   library hold time
                                             -0.039110   data required time
---------------------------------------------------------------------------------------------
                                             -0.039110   data required time
                                             -0.523701   data arrival time
---------------------------------------------------------------------------------------------
                                              0.562811   slack (MET)


Startpoint: _3876_ (rising edge-triggered flip-flop clocked by clk)
Endpoint: _3761_ (rising edge-triggered flip-flop clocked by clk)
Path Group: clk
Path Type: min

Fanout         Cap        Slew       Delay        Time   Description
---------------------------------------------------------------------------------------------
                      0.000000    0.000000    0.000000   clock clk (rise edge)
                                  0.000000    0.000000   clock network delay (ideal)
                      0.000000    0.000000    0.000000 ^ _3876_/CLK (sky130_fd_sc_hd__dfrtp_2)
     2    0.004302    0.046568    0.323141    0.323141 ^ _3876_/Q (sky130_fd_sc_hd__dfrtp_2)
                                                         addsub_unit.x2[12] (net)
                      0.046568    0.000000    0.323141 ^ _3233_/A1 (sky130_fd_sc_hd__mux2_2)
     1    0.002191    0.034748    0.130018    0.453159 ^ _3233_/X (sky130_fd_sc_hd__mux2_2)
                                                         _1126_ (net)
                      0.034748    0.000000    0.453159 ^ _3234_/A (sky130_fd_sc_hd__buf_1)
     1    0.002005    0.036760    0.070542    0.523701 ^ _3234_/X (sky130_fd_sc_hd__buf_1)
                                                         _0297_ (net)
                      0.036760    0.000000    0.523701 ^ _3761_/D (sky130_fd_sc_hd__dfrtp_2)
                                              0.523701   data arrival time

                      0.000000    0.000000    0.000000   clock clk (rise edge)
                                  0.000000    0.000000   clock network delay (ideal)
                                  0.000000    0.000000   clock reconvergence pessimism
                                              0.000000 ^ _3761_/CLK (sky130_fd_sc_hd__dfrtp_2)
                                 -0.039110   -0.039110   library hold time
                                             -0.039110   data required time
---------------------------------------------------------------------------------------------
                                             -0.039110   data required time
                                             -0.523701   data arrival time
---------------------------------------------------------------------------------------------
                                              0.562811   slack (MET)


Startpoint: _3877_ (rising edge-triggered flip-flop clocked by clk)
Endpoint: _3762_ (rising edge-triggered flip-flop clocked by clk)
Path Group: clk
Path Type: min

Fanout         Cap        Slew       Delay        Time   Description
---------------------------------------------------------------------------------------------
                      0.000000    0.000000    0.000000   clock clk (rise edge)
                                  0.000000    0.000000   clock network delay (ideal)
                      0.000000    0.000000    0.000000 ^ _3877_/CLK (sky130_fd_sc_hd__dfrtp_2)
     2    0.004302    0.046568    0.323141    0.323141 ^ _3877_/Q (sky130_fd_sc_hd__dfrtp_2)
                                                         addsub_unit.x2[13] (net)
                      0.046568    0.000000    0.323141 ^ _3231_/A1 (sky130_fd_sc_hd__mux2_2)
     1    0.002191    0.034748    0.130018    0.453159 ^ _3231_/X (sky130_fd_sc_hd__mux2_2)
                                                         _1125_ (net)
                      0.034748    0.000000    0.453159 ^ _3232_/A (sky130_fd_sc_hd__buf_1)
     1    0.002005    0.036760    0.070542    0.523701 ^ _3232_/X (sky130_fd_sc_hd__buf_1)
                                                         _0298_ (net)
                      0.036760    0.000000    0.523701 ^ _3762_/D (sky130_fd_sc_hd__dfrtp_2)
                                              0.523701   data arrival time

                      0.000000    0.000000    0.000000   clock clk (rise edge)
                                  0.000000    0.000000   clock network delay (ideal)
                                  0.000000    0.000000   clock reconvergence pessimism
                                              0.000000 ^ _3762_/CLK (sky130_fd_sc_hd__dfrtp_2)
                                 -0.039110   -0.039110   library hold time
                                             -0.039110   data required time
---------------------------------------------------------------------------------------------
                                             -0.039110   data required time
                                             -0.523701   data arrival time
---------------------------------------------------------------------------------------------
                                              0.562811   slack (MET)


Startpoint: _3878_ (rising edge-triggered flip-flop clocked by clk)
Endpoint: _3763_ (rising edge-triggered flip-flop clocked by clk)
Path Group: clk
Path Type: min

Fanout         Cap        Slew       Delay        Time   Description
---------------------------------------------------------------------------------------------
                      0.000000    0.000000    0.000000   clock clk (rise edge)
                                  0.000000    0.000000   clock network delay (ideal)
                      0.000000    0.000000    0.000000 ^ _3878_/CLK (sky130_fd_sc_hd__dfrtp_2)
     2    0.004302    0.046568    0.323141    0.323141 ^ _3878_/Q (sky130_fd_sc_hd__dfrtp_2)
                                                         addsub_unit.x2[14] (net)
                      0.046568    0.000000    0.323141 ^ _3229_/A1 (sky130_fd_sc_hd__mux2_2)
     1    0.002191    0.034748    0.130018    0.453159 ^ _3229_/X (sky130_fd_sc_hd__mux2_2)
                                                         _1124_ (net)
                      0.034748    0.000000    0.453159 ^ _3230_/A (sky130_fd_sc_hd__buf_1)
     1    0.002005    0.036760    0.070542    0.523701 ^ _3230_/X (sky130_fd_sc_hd__buf_1)
                                                         _0299_ (net)
                      0.036760    0.000000    0.523701 ^ _3763_/D (sky130_fd_sc_hd__dfrtp_2)
                                              0.523701   data arrival time

                      0.000000    0.000000    0.000000   clock clk (rise edge)
                                  0.000000    0.000000   clock network delay (ideal)
                                  0.000000    0.000000   clock reconvergence pessimism
                                              0.000000 ^ _3763_/CLK (sky130_fd_sc_hd__dfrtp_2)
                                 -0.039110   -0.039110   library hold time
                                             -0.039110   data required time
---------------------------------------------------------------------------------------------
                                             -0.039110   data required time
                                             -0.523701   data arrival time
---------------------------------------------------------------------------------------------
                                              0.562811   slack (MET)


Startpoint: _3731_ (rising edge-triggered flip-flop clocked by clk)
Endpoint: _3731_ (rising edge-triggered flip-flop clocked by clk)
Path Group: clk
Path Type: min

Fanout         Cap        Slew       Delay        Time   Description
---------------------------------------------------------------------------------------------
                      0.000000    0.000000    0.000000   clock clk (rise edge)
                                  0.000000    0.000000   clock network delay (ideal)
                      0.000000    0.000000    0.000000 ^ _3731_/CLK (sky130_fd_sc_hd__dfrtp_2)
     2    0.004471    0.047300    0.323896    0.323896 ^ _3731_/Q (sky130_fd_sc_hd__dfrtp_2)
                                                         addsub_unit.seg_reg1.q[20] (net)
                      0.047300    0.000000    0.323896 ^ _3354_/A0 (sky130_fd_sc_hd__mux2_2)
     1    0.002191    0.034750    0.129762    0.453658 ^ _3354_/X (sky130_fd_sc_hd__mux2_2)
                                                         _1217_ (net)
                      0.034750    0.000000    0.453658 ^ _3355_/A (sky130_fd_sc_hd__buf_1)
     1    0.002005    0.036760    0.070543    0.524201 ^ _3355_/X (sky130_fd_sc_hd__buf_1)
                                                         _0267_ (net)
                      0.036760    0.000000    0.524201 ^ _3731_/D (sky130_fd_sc_hd__dfrtp_2)
                                              0.524201   data arrival time

                      0.000000    0.000000    0.000000   clock clk (rise edge)
                                  0.000000    0.000000   clock network delay (ideal)
                                  0.000000    0.000000   clock reconvergence pessimism
                                              0.000000 ^ _3731_/CLK (sky130_fd_sc_hd__dfrtp_2)
                                 -0.039110   -0.039110   library hold time
                                             -0.039110   data required time
---------------------------------------------------------------------------------------------
                                             -0.039110   data required time
                                             -0.524201   data arrival time
---------------------------------------------------------------------------------------------
                                              0.563311   slack (MET)


Startpoint: _3681_ (rising edge-triggered flip-flop clocked by clk)
Endpoint: _3681_ (rising edge-triggered flip-flop clocked by clk)
Path Group: clk
Path Type: min

Fanout         Cap        Slew       Delay        Time   Description
---------------------------------------------------------------------------------------------
                      0.000000    0.000000    0.000000   clock clk (rise edge)
                                  0.000000    0.000000   clock network delay (ideal)
                      0.000000    0.000000    0.000000 ^ _3681_/CLK (sky130_fd_sc_hd__dfrtp_2)
     9    0.028859    0.152162    0.414815    0.414815 ^ _3681_/Q (sky130_fd_sc_hd__dfrtp_2)
                                                         addsub_unit.op_sign_logic0.mantisa_b[3] (net)
                      0.152162    0.000000    0.414815 ^ _1931_/A2 (sky130_fd_sc_hd__a21oi_2)
     1    0.004237    0.024569    0.076069    0.490884 v _1931_/Y (sky130_fd_sc_hd__a21oi_2)
                                                         _1579_ (net)
                      0.024569    0.000000    0.490884 v _1932_/B1 (sky130_fd_sc_hd__o21ai_2)
     1    0.002005    0.032323    0.035819    0.526704 ^ _1932_/Y (sky130_fd_sc_hd__o21ai_2)
                                                         _0217_ (net)
                      0.032323    0.000000    0.526704 ^ _3681_/D (sky130_fd_sc_hd__dfrtp_2)
                                              0.526704   data arrival time

                      0.000000    0.000000    0.000000   clock clk (rise edge)
                                  0.000000    0.000000   clock network delay (ideal)
                                  0.000000    0.000000   clock reconvergence pessimism
                                              0.000000 ^ _3681_/CLK (sky130_fd_sc_hd__dfrtp_2)
                                 -0.038186   -0.038186   library hold time
                                             -0.038186   data required time
---------------------------------------------------------------------------------------------
                                             -0.038186   data required time
                                             -0.526704   data arrival time
---------------------------------------------------------------------------------------------
                                              0.564890   slack (MET)


Startpoint: _3696_ (rising edge-triggered flip-flop clocked by clk)
Endpoint: _3696_ (rising edge-triggered flip-flop clocked by clk)
Path Group: clk
Path Type: min

Fanout         Cap        Slew       Delay        Time   Description
---------------------------------------------------------------------------------------------
                      0.000000    0.000000    0.000000   clock clk (rise edge)
                                  0.000000    0.000000   clock network delay (ideal)
                      0.000000    0.000000    0.000000 ^ _3696_/CLK (sky130_fd_sc_hd__dfrtp_2)
     5    0.025414    0.137303    0.402988    0.402988 ^ _3696_/Q (sky130_fd_sc_hd__dfrtp_2)
                                                         addsub_unit.op_sign_logic0.mantisa_a[7] (net)
                      0.137303    0.000000    0.402988 ^ _3651_/A2 (sky130_fd_sc_hd__o21a_2)
     1    0.002005    0.027390    0.125195    0.528183 ^ _3651_/X (sky130_fd_sc_hd__o21a_2)
                                                         _0232_ (net)
                      0.027390    0.000000    0.528183 ^ _3696_/D (sky130_fd_sc_hd__dfrtp_2)
                                              0.528183   data arrival time

                      0.000000    0.000000    0.000000   clock clk (rise edge)
                                  0.000000    0.000000   clock network delay (ideal)
                                  0.000000    0.000000   clock reconvergence pessimism
                                              0.000000 ^ _3696_/CLK (sky130_fd_sc_hd__dfrtp_2)
                                 -0.037159   -0.037159   library hold time
                                             -0.037159   data required time
---------------------------------------------------------------------------------------------
                                             -0.037159   data required time
                                             -0.528183   data arrival time
---------------------------------------------------------------------------------------------
                                              0.565342   slack (MET)


Startpoint: _3682_ (rising edge-triggered flip-flop clocked by clk)
Endpoint: _3682_ (rising edge-triggered flip-flop clocked by clk)
Path Group: clk
Path Type: min

Fanout         Cap        Slew       Delay        Time   Description
---------------------------------------------------------------------------------------------
                      0.000000    0.000000    0.000000   clock clk (rise edge)
                                  0.000000    0.000000   clock network delay (ideal)
                      0.000000    0.000000    0.000000 ^ _3682_/CLK (sky130_fd_sc_hd__dfrtp_2)
     8    0.019963    0.113790    0.384275    0.384275 ^ _3682_/Q (sky130_fd_sc_hd__dfrtp_2)
                                                         addsub_unit.op_sign_logic0.mantisa_b[4] (net)
                      0.113790    0.000000    0.384275 ^ _1923_/A2 (sky130_fd_sc_hd__a22o_2)
     1    0.002005    0.029950    0.147840    0.532115 ^ _1923_/X (sky130_fd_sc_hd__a22o_2)
                                                         _0218_ (net)
                      0.029950    0.000000    0.532115 ^ _3682_/D (sky130_fd_sc_hd__dfrtp_2)
                                              0.532115   data arrival time

                      0.000000    0.000000    0.000000   clock clk (rise edge)
                                  0.000000    0.000000   clock network delay (ideal)
                                  0.000000    0.000000   clock reconvergence pessimism
                                              0.000000 ^ _3682_/CLK (sky130_fd_sc_hd__dfrtp_2)
                                 -0.037692   -0.037692   library hold time
                                             -0.037692   data required time
---------------------------------------------------------------------------------------------
                                             -0.037692   data required time
                                             -0.532115   data arrival time
---------------------------------------------------------------------------------------------
                                              0.569807   slack (MET)


Startpoint: _3781_ (rising edge-triggered flip-flop clocked by clk)
Endpoint: _3781_ (rising edge-triggered flip-flop clocked by clk)
Path Group: clk
Path Type: min

Fanout         Cap        Slew       Delay        Time   Description
---------------------------------------------------------------------------------------------
                      0.000000    0.000000    0.000000   clock clk (rise edge)
                                  0.000000    0.000000   clock network delay (ideal)
                      0.000000    0.000000    0.000000 ^ _3781_/CLK (sky130_fd_sc_hd__dfrtp_2)
     3    0.007076    0.058431    0.335118    0.335118 ^ _3781_/Q (sky130_fd_sc_hd__dfrtp_2)
                                                         mul_unit.seg_reg0.q[4] (net)
                      0.058431    0.000000    0.335118 ^ _2935_/A0 (sky130_fd_sc_hd__mux2_2)
     1    0.002191    0.034938    0.133629    0.468748 ^ _2935_/X (sky130_fd_sc_hd__mux2_2)
                                                         _0849_ (net)
                      0.034938    0.000000    0.468748 ^ _2936_/A (sky130_fd_sc_hd__buf_1)
     1    0.002005    0.036760    0.070608    0.539355 ^ _2936_/X (sky130_fd_sc_hd__buf_1)
                                                         _0317_ (net)
                      0.036760    0.000000    0.539355 ^ _3781_/D (sky130_fd_sc_hd__dfrtp_2)
                                              0.539355   data arrival time

                      0.000000    0.000000    0.000000   clock clk (rise edge)
                                  0.000000    0.000000   clock network delay (ideal)
                                  0.000000    0.000000   clock reconvergence pessimism
                                              0.000000 ^ _3781_/CLK (sky130_fd_sc_hd__dfrtp_2)
                                 -0.039110   -0.039110   library hold time
                                             -0.039110   data required time
---------------------------------------------------------------------------------------------
                                             -0.039110   data required time
                                             -0.539355   data arrival time
---------------------------------------------------------------------------------------------
                                              0.578466   slack (MET)


Startpoint: _3694_ (rising edge-triggered flip-flop clocked by clk)
Endpoint: _3694_ (rising edge-triggered flip-flop clocked by clk)
Path Group: clk
Path Type: min

Fanout         Cap        Slew       Delay        Time   Description
---------------------------------------------------------------------------------------------
                      0.000000    0.000000    0.000000   clock clk (rise edge)
                                  0.000000    0.000000   clock network delay (ideal)
                      0.000000    0.000000    0.000000 ^ _3694_/CLK (sky130_fd_sc_hd__dfrtp_2)
     7    0.029027    0.152887    0.415391    0.415391 ^ _3694_/Q (sky130_fd_sc_hd__dfrtp_2)
                                                         addsub_unit.op_sign_logic0.mantisa_a[5] (net)
                      0.152887    0.000000    0.415391 ^ _1844_/A2 (sky130_fd_sc_hd__o21a_4)
     1    0.002005    0.025551    0.127421    0.542812 ^ _1844_/X (sky130_fd_sc_hd__o21a_4)
                                                         _0230_ (net)
                      0.025551    0.000000    0.542812 ^ _3694_/D (sky130_fd_sc_hd__dfrtp_2)
                                              0.542812   data arrival time

                      0.000000    0.000000    0.000000   clock clk (rise edge)
                                  0.000000    0.000000   clock network delay (ideal)
                                  0.000000    0.000000   clock reconvergence pessimism
                                              0.000000 ^ _3694_/CLK (sky130_fd_sc_hd__dfrtp_2)
                                 -0.036776   -0.036776   library hold time
                                             -0.036776   data required time
---------------------------------------------------------------------------------------------
                                             -0.036776   data required time
                                             -0.542812   data arrival time
---------------------------------------------------------------------------------------------
                                              0.579588   slack (MET)


Startpoint: _3688_ (rising edge-triggered flip-flop clocked by clk)
Endpoint: _3688_ (rising edge-triggered flip-flop clocked by clk)
Path Group: clk
Path Type: min

Fanout         Cap        Slew       Delay        Time   Description
---------------------------------------------------------------------------------------------
                      0.000000    0.000000    0.000000   clock clk (rise edge)
                                  0.000000    0.000000   clock network delay (ideal)
                      0.000000    0.000000    0.000000 ^ _3688_/CLK (sky130_fd_sc_hd__dfrtp_2)
     3    0.009702    0.069651    0.346431    0.346431 ^ _3688_/Q (sky130_fd_sc_hd__dfrtp_2)
                                                         addsub_unit.op_sign_logic0.mantisa_b[10] (net)
                      0.069651    0.000000    0.346431 ^ _3298_/A (sky130_fd_sc_hd__inv_2)
     4    0.011886    0.035679    0.051395    0.397826 v _3298_/Y (sky130_fd_sc_hd__inv_2)
                                                         _1161_ (net)
                      0.035679    0.000000    0.397826 v _1894_/B (sky130_fd_sc_hd__nor2_2)
     1    0.002504    0.058618    0.063444    0.461270 ^ _1894_/Y (sky130_fd_sc_hd__nor2_2)
                                                         _1549_ (net)
                      0.058618    0.000000    0.461270 ^ _1895_/B1 (sky130_fd_sc_hd__a31o_2)
     1    0.002005    0.028394    0.089391    0.550661 ^ _1895_/X (sky130_fd_sc_hd__a31o_2)
                                                         _0224_ (net)
                      0.028394    0.000000    0.550661 ^ _3688_/D (sky130_fd_sc_hd__dfrtp_2)
                                              0.550661   data arrival time

                      0.000000    0.000000    0.000000   clock clk (rise edge)
                                  0.000000    0.000000   clock network delay (ideal)
                                  0.000000    0.000000   clock reconvergence pessimism
                                              0.000000 ^ _3688_/CLK (sky130_fd_sc_hd__dfrtp_2)
                                 -0.037368   -0.037368   library hold time
                                             -0.037368   data required time
---------------------------------------------------------------------------------------------
                                             -0.037368   data required time
                                             -0.550661   data arrival time
---------------------------------------------------------------------------------------------
                                              0.588029   slack (MET)


Startpoint: _3790_ (rising edge-triggered flip-flop clocked by clk)
Endpoint: _3790_ (rising edge-triggered flip-flop clocked by clk)
Path Group: clk
Path Type: min

Fanout         Cap        Slew       Delay        Time   Description
---------------------------------------------------------------------------------------------
                      0.000000    0.000000    0.000000   clock clk (rise edge)
                                  0.000000    0.000000   clock network delay (ideal)
                      0.000000    0.000000    0.000000 ^ _3790_/CLK (sky130_fd_sc_hd__dfrtp_2)
     5    0.022319    0.123953    0.392363    0.392363 ^ _3790_/Q (sky130_fd_sc_hd__dfrtp_2)
                                                         mul_unit.seg_reg0.q[13] (net)
                      0.123953    0.000000    0.392363 ^ _2887_/B1 (sky130_fd_sc_hd__o32a_4)
     1    0.002005    0.027741    0.167254    0.559617 ^ _2887_/X (sky130_fd_sc_hd__o32a_4)
                                                         _0326_ (net)
                      0.027741    0.000000    0.559617 ^ _3790_/D (sky130_fd_sc_hd__dfrtp_2)
                                              0.559617   data arrival time

                      0.000000    0.000000    0.000000   clock clk (rise edge)
                                  0.000000    0.000000   clock network delay (ideal)
                                  0.000000    0.000000   clock reconvergence pessimism
                                              0.000000 ^ _3790_/CLK (sky130_fd_sc_hd__dfrtp_2)
                                 -0.037232   -0.037232   library hold time
                                             -0.037232   data required time
---------------------------------------------------------------------------------------------
                                             -0.037232   data required time
                                             -0.559617   data arrival time
---------------------------------------------------------------------------------------------
                                              0.596849   slack (MET)


Startpoint: _3847_ (rising edge-triggered flip-flop clocked by clk)
Endpoint: _3847_ (rising edge-triggered flip-flop clocked by clk)
Path Group: clk
Path Type: min

Fanout         Cap        Slew       Delay        Time   Description
---------------------------------------------------------------------------------------------
                      0.000000    0.000000    0.000000   clock clk (rise edge)
                                  0.000000    0.000000   clock network delay (ideal)
                      0.000000    0.000000    0.000000 ^ _3847_/CLK (sky130_fd_sc_hd__dfrtp_2)
     2    0.010278    0.072113    0.348913    0.348913 ^ _3847_/Q (sky130_fd_sc_hd__dfrtp_2)
                                                         mul_unit.reg_a_out[15] (net)
                      0.072113    0.000000    0.348913 ^ _2336_/A1 (sky130_fd_sc_hd__mux2_2)
     1    0.002191    0.034749    0.138780    0.487692 ^ _2336_/X (sky130_fd_sc_hd__mux2_2)
                                                         _1713_ (net)
                      0.034749    0.000000    0.487692 ^ _2337_/A (sky130_fd_sc_hd__buf_1)
     1    0.002005    0.036760    0.070542    0.558235 ^ _2337_/X (sky130_fd_sc_hd__buf_1)
                                                         _0383_ (net)
                      0.036760    0.000000    0.558235 ^ _3847_/D (sky130_fd_sc_hd__dfrtp_2)
                                              0.558235   data arrival time

                      0.000000    0.000000    0.000000   clock clk (rise edge)
                                  0.000000    0.000000   clock network delay (ideal)
                                  0.000000    0.000000   clock reconvergence pessimism
                                              0.000000 ^ _3847_/CLK (sky130_fd_sc_hd__dfrtp_2)
                                 -0.039110   -0.039110   library hold time
                                             -0.039110   data required time
---------------------------------------------------------------------------------------------
                                             -0.039110   data required time
                                             -0.558235   data arrival time
---------------------------------------------------------------------------------------------
                                              0.597345   slack (MET)


Startpoint: _3690_ (rising edge-triggered flip-flop clocked by clk)
Endpoint: _3690_ (rising edge-triggered flip-flop clocked by clk)
Path Group: clk
Path Type: min

Fanout         Cap        Slew       Delay        Time   Description
---------------------------------------------------------------------------------------------
                      0.000000    0.000000    0.000000   clock clk (rise edge)
                                  0.000000    0.000000   clock network delay (ideal)
                      0.000000    0.000000    0.000000 ^ _3690_/CLK (sky130_fd_sc_hd__dfrtp_2)
     8    0.029479    0.154837    0.416943    0.416943 ^ _3690_/Q (sky130_fd_sc_hd__dfrtp_2)
                                                         addsub_unit.op_sign_logic0.mantisa_a[1] (net)
                      0.154837    0.000000    0.416943 ^ _1881_/A2 (sky130_fd_sc_hd__a22o_4)
     1    0.002005    0.025553    0.145278    0.562221 ^ _1881_/X (sky130_fd_sc_hd__a22o_4)
                                                         _0226_ (net)
                      0.025553    0.000000    0.562221 ^ _3690_/D (sky130_fd_sc_hd__dfrtp_2)
                                              0.562221   data arrival time

                      0.000000    0.000000    0.000000   clock clk (rise edge)
                                  0.000000    0.000000   clock network delay (ideal)
                                  0.000000    0.000000   clock reconvergence pessimism
                                              0.000000 ^ _3690_/CLK (sky130_fd_sc_hd__dfrtp_2)
                                 -0.036776   -0.036776   library hold time
                                             -0.036776   data required time
---------------------------------------------------------------------------------------------
                                             -0.036776   data required time
                                             -0.562221   data arrival time
---------------------------------------------------------------------------------------------
                                              0.598997   slack (MET)


Startpoint: _3800_ (rising edge-triggered flip-flop clocked by clk)
Endpoint: _3800_ (rising edge-triggered flip-flop clocked by clk)
Path Group: clk
Path Type: min

Fanout         Cap        Slew       Delay        Time   Description
---------------------------------------------------------------------------------------------
                      0.000000    0.000000    0.000000   clock clk (rise edge)
                                  0.000000    0.000000   clock network delay (ideal)
                      0.000000    0.000000    0.000000 ^ _3800_/CLK (sky130_fd_sc_hd__dfrtp_2)
     2    0.011005    0.075219    0.352044    0.352044 ^ _3800_/Q (sky130_fd_sc_hd__dfrtp_2)
                                                         mul_unit.seg_reg0.q[23] (net)
                      0.075219    0.000000    0.352044 ^ _2450_/A0 (sky130_fd_sc_hd__mux2_2)
     1    0.002191    0.034938    0.139412    0.491457 ^ _2450_/X (sky130_fd_sc_hd__mux2_2)
                                                         _1780_ (net)
                      0.034938    0.000000    0.491457 ^ _2451_/A (sky130_fd_sc_hd__buf_1)
     1    0.002005    0.036760    0.070608    0.562064 ^ _2451_/X (sky130_fd_sc_hd__buf_1)
                                                         _0336_ (net)
                      0.036760    0.000000    0.562064 ^ _3800_/D (sky130_fd_sc_hd__dfrtp_2)
                                              0.562064   data arrival time

                      0.000000    0.000000    0.000000   clock clk (rise edge)
                                  0.000000    0.000000   clock network delay (ideal)
                                  0.000000    0.000000   clock reconvergence pessimism
                                              0.000000 ^ _3800_/CLK (sky130_fd_sc_hd__dfrtp_2)
                                 -0.039110   -0.039110   library hold time
                                             -0.039110   data required time
---------------------------------------------------------------------------------------------
                                             -0.039110   data required time
                                             -0.562064   data arrival time
---------------------------------------------------------------------------------------------
                                              0.601175   slack (MET)


Startpoint: _3719_ (rising edge-triggered flip-flop clocked by clk)
Endpoint: _3719_ (rising edge-triggered flip-flop clocked by clk)
Path Group: clk
Path Type: min

Fanout         Cap        Slew       Delay        Time   Description
---------------------------------------------------------------------------------------------
                      0.000000    0.000000    0.000000   clock clk (rise edge)
                                  0.000000    0.000000   clock network delay (ideal)
                      0.000000    0.000000    0.000000 ^ _3719_/CLK (sky130_fd_sc_hd__dfrtp_2)
     4    0.010387    0.072578    0.349382    0.349382 ^ _3719_/Q (sky130_fd_sc_hd__dfrtp_2)
                                                         addsub_unit.add_renorm0.mantisa[0] (net)
                      0.072578    0.000000    0.349382 ^ _3485_/B (sky130_fd_sc_hd__or2_2)
     1    0.002415    0.028068    0.101940    0.451322 ^ _3485_/X (sky130_fd_sc_hd__or2_2)
                                                         _1336_ (net)
                      0.028068    0.000000    0.451322 ^ _3486_/B1 (sky130_fd_sc_hd__o31a_2)
     1    0.002005    0.032197    0.112501    0.563824 ^ _3486_/X (sky130_fd_sc_hd__o31a_2)
                                                         _0255_ (net)
                      0.032197    0.000000    0.563824 ^ _3719_/D (sky130_fd_sc_hd__dfrtp_2)
                                              0.563824   data arrival time

                      0.000000    0.000000    0.000000   clock clk (rise edge)
                                  0.000000    0.000000   clock network delay (ideal)
                                  0.000000    0.000000   clock reconvergence pessimism
                                              0.000000 ^ _3719_/CLK (sky130_fd_sc_hd__dfrtp_2)
                                 -0.038160   -0.038160   library hold time
                                             -0.038160   data required time
---------------------------------------------------------------------------------------------
                                             -0.038160   data required time
                                             -0.563824   data arrival time
---------------------------------------------------------------------------------------------
                                              0.601983   slack (MET)


Startpoint: _3863_ (rising edge-triggered flip-flop clocked by clk)
Endpoint: _3863_ (rising edge-triggered flip-flop clocked by clk)
Path Group: clk
Path Type: min

Fanout         Cap        Slew       Delay        Time   Description
---------------------------------------------------------------------------------------------
                      0.000000    0.000000    0.000000   clock clk (rise edge)
                                  0.000000    0.000000   clock network delay (ideal)
                      0.000000    0.000000    0.000000 ^ _3863_/CLK (sky130_fd_sc_hd__dfrtp_2)
     2    0.011161    0.075886    0.352716    0.352716 ^ _3863_/Q (sky130_fd_sc_hd__dfrtp_2)
                                                         mul_unit.reg_b_out[15] (net)
                      0.075886    0.000000    0.352716 ^ _2303_/A1 (sky130_fd_sc_hd__mux2_2)
     1    0.002191    0.034750    0.140083    0.492800 ^ _2303_/X (sky130_fd_sc_hd__mux2_2)
                                                         _1696_ (net)
                      0.034750    0.000000    0.492800 ^ _2304_/A (sky130_fd_sc_hd__buf_1)
     1    0.002005    0.036760    0.070543    0.563342 ^ _2304_/X (sky130_fd_sc_hd__buf_1)
                                                         _0399_ (net)
                      0.036760    0.000000    0.563342 ^ _3863_/D (sky130_fd_sc_hd__dfrtp_2)
                                              0.563342   data arrival time

                      0.000000    0.000000    0.000000   clock clk (rise edge)
                                  0.000000    0.000000   clock network delay (ideal)
                                  0.000000    0.000000   clock reconvergence pessimism
                                              0.000000 ^ _3863_/CLK (sky130_fd_sc_hd__dfrtp_2)
                                 -0.039110   -0.039110   library hold time
                                             -0.039110   data required time
---------------------------------------------------------------------------------------------
                                             -0.039110   data required time
                                             -0.563342   data arrival time
---------------------------------------------------------------------------------------------
                                              0.602452   slack (MET)


Startpoint: _3680_ (rising edge-triggered flip-flop clocked by clk)
Endpoint: _3680_ (rising edge-triggered flip-flop clocked by clk)
Path Group: clk
Path Type: min

Fanout         Cap        Slew       Delay        Time   Description
---------------------------------------------------------------------------------------------
                      0.000000    0.000000    0.000000   clock clk (rise edge)
                                  0.000000    0.000000   clock network delay (ideal)
                      0.000000    0.000000    0.000000 ^ _3680_/CLK (sky130_fd_sc_hd__dfrtp_2)
     6    0.009655    0.069451    0.346229    0.346229 ^ _3680_/Q (sky130_fd_sc_hd__dfrtp_2)
                                                         addsub_unit.op_sign_logic0.mantisa_b[2] (net)
                      0.069451    0.000000    0.346229 ^ _1939_/B (sky130_fd_sc_hd__and2_2)
     1    0.004814    0.047224    0.144662    0.490890 ^ _1939_/X (sky130_fd_sc_hd__and2_2)
                                                         _1586_ (net)
                      0.047224    0.000000    0.490890 ^ _1940_/B1 (sky130_fd_sc_hd__a31o_4)
     1    0.002005    0.024565    0.076817    0.567708 ^ _1940_/X (sky130_fd_sc_hd__a31o_4)
                                                         _0216_ (net)
                      0.024565    0.000000    0.567708 ^ _3680_/D (sky130_fd_sc_hd__dfrtp_2)
                                              0.567708   data arrival time

                      0.000000    0.000000    0.000000   clock clk (rise edge)
                                  0.000000    0.000000   clock network delay (ideal)
                                  0.000000    0.000000   clock reconvergence pessimism
                                              0.000000 ^ _3680_/CLK (sky130_fd_sc_hd__dfrtp_2)
                                 -0.036570   -0.036570   library hold time
                                             -0.036570   data required time
---------------------------------------------------------------------------------------------
                                             -0.036570   data required time
                                             -0.567708   data arrival time
---------------------------------------------------------------------------------------------
                                              0.604278   slack (MET)


Startpoint: _3783_ (rising edge-triggered flip-flop clocked by clk)
Endpoint: _3783_ (rising edge-triggered flip-flop clocked by clk)
Path Group: clk
Path Type: min

Fanout         Cap        Slew       Delay        Time   Description
---------------------------------------------------------------------------------------------
                      0.000000    0.000000    0.000000   clock clk (rise edge)
                                  0.000000    0.000000   clock network delay (ideal)
                      0.000000    0.000000    0.000000 ^ _3783_/CLK (sky130_fd_sc_hd__dfrtp_2)
     5    0.011042    0.075377    0.352204    0.352204 ^ _3783_/Q (sky130_fd_sc_hd__dfrtp_2)
                                                         mul_unit.seg_reg0.q[6] (net)
                      0.075377    0.000000    0.352204 ^ _2925_/B (sky130_fd_sc_hd__and2b_2)
     1    0.002504    0.034136    0.135408    0.487612 ^ _2925_/X (sky130_fd_sc_hd__and2b_2)
                                                         _0841_ (net)
                      0.034136    0.000000    0.487612 ^ _2926_/B1 (sky130_fd_sc_hd__a31o_2)
     1    0.002005    0.028263    0.080444    0.568055 ^ _2926_/X (sky130_fd_sc_hd__a31o_2)
                                                         _0319_ (net)
                      0.028263    0.000000    0.568055 ^ _3783_/D (sky130_fd_sc_hd__dfrtp_2)
                                              0.568055   data arrival time

                      0.000000    0.000000    0.000000   clock clk (rise edge)
                                  0.000000    0.000000   clock network delay (ideal)
                                  0.000000    0.000000   clock reconvergence pessimism
                                              0.000000 ^ _3783_/CLK (sky130_fd_sc_hd__dfrtp_2)
                                 -0.037341   -0.037341   library hold time
                                             -0.037341   data required time
---------------------------------------------------------------------------------------------
                                             -0.037341   data required time
                                             -0.568055   data arrival time
---------------------------------------------------------------------------------------------
                                              0.605396   slack (MET)


Startpoint: _3782_ (rising edge-triggered flip-flop clocked by clk)
Endpoint: _3782_ (rising edge-triggered flip-flop clocked by clk)
Path Group: clk
Path Type: min

Fanout         Cap        Slew       Delay        Time   Description
---------------------------------------------------------------------------------------------
                      0.000000    0.000000    0.000000   clock clk (rise edge)
                                  0.000000    0.000000   clock network delay (ideal)
                      0.000000    0.000000    0.000000 ^ _3782_/CLK (sky130_fd_sc_hd__dfrtp_2)
     5    0.012035    0.079620    0.356482    0.356482 ^ _3782_/Q (sky130_fd_sc_hd__dfrtp_2)
                                                         mul_unit.seg_reg0.q[5] (net)
                      0.079620    0.000000    0.356482 ^ _2930_/A0 (sky130_fd_sc_hd__mux2_2)
     1    0.002191    0.034938    0.140928    0.497410 ^ _2930_/X (sky130_fd_sc_hd__mux2_2)
                                                         _0845_ (net)
                      0.034938    0.000000    0.497410 ^ _2931_/A (sky130_fd_sc_hd__buf_1)
     1    0.002005    0.036760    0.070608    0.568018 ^ _2931_/X (sky130_fd_sc_hd__buf_1)
                                                         _0318_ (net)
                      0.036760    0.000000    0.568018 ^ _3782_/D (sky130_fd_sc_hd__dfrtp_2)
                                              0.568018   data arrival time

                      0.000000    0.000000    0.000000   clock clk (rise edge)
                                  0.000000    0.000000   clock network delay (ideal)
                                  0.000000    0.000000   clock reconvergence pessimism
                                              0.000000 ^ _3782_/CLK (sky130_fd_sc_hd__dfrtp_2)
                                 -0.039110   -0.039110   library hold time
                                             -0.039110   data required time
---------------------------------------------------------------------------------------------
                                             -0.039110   data required time
                                             -0.568018   data arrival time
---------------------------------------------------------------------------------------------
                                              0.607128   slack (MET)


Startpoint: _3846_ (rising edge-triggered flip-flop clocked by clk)
Endpoint: _3846_ (rising edge-triggered flip-flop clocked by clk)
Path Group: clk
Path Type: min

Fanout         Cap        Slew       Delay        Time   Description
---------------------------------------------------------------------------------------------
                      0.000000    0.000000    0.000000   clock clk (rise edge)
                                  0.000000    0.000000   clock network delay (ideal)
                      0.000000    0.000000    0.000000 ^ _3846_/CLK (sky130_fd_sc_hd__dfrtp_2)
     3    0.012063    0.079740    0.356602    0.356602 ^ _3846_/Q (sky130_fd_sc_hd__dfrtp_2)
                                                         mul_unit.reg_a_out[14] (net)
                      0.079740    0.000000    0.356602 ^ _2338_/A1 (sky130_fd_sc_hd__mux2_2)
     1    0.002191    0.034749    0.141414    0.498016 ^ _2338_/X (sky130_fd_sc_hd__mux2_2)
                                                         _1714_ (net)
                      0.034749    0.000000    0.498016 ^ _2339_/A (sky130_fd_sc_hd__buf_1)
     1    0.002005    0.036760    0.070542    0.568559 ^ _2339_/X (sky130_fd_sc_hd__buf_1)
                                                         _0382_ (net)
                      0.036760    0.000000    0.568559 ^ _3846_/D (sky130_fd_sc_hd__dfrtp_2)
                                              0.568559   data arrival time

                      0.000000    0.000000    0.000000   clock clk (rise edge)
                                  0.000000    0.000000   clock network delay (ideal)
                                  0.000000    0.000000   clock reconvergence pessimism
                                              0.000000 ^ _3846_/CLK (sky130_fd_sc_hd__dfrtp_2)
                                 -0.039110   -0.039110   library hold time
                                             -0.039110   data required time
---------------------------------------------------------------------------------------------
                                             -0.039110   data required time
                                             -0.568559   data arrival time
---------------------------------------------------------------------------------------------
                                              0.607669   slack (MET)


Startpoint: _3797_ (rising edge-triggered flip-flop clocked by clk)
Endpoint: _3797_ (rising edge-triggered flip-flop clocked by clk)
Path Group: clk
Path Type: min

Fanout         Cap        Slew       Delay        Time   Description
---------------------------------------------------------------------------------------------
                      0.000000    0.000000    0.000000   clock clk (rise edge)
                                  0.000000    0.000000   clock network delay (ideal)
                      0.000000    0.000000    0.000000 ^ _3797_/CLK (sky130_fd_sc_hd__dfrtp_2)
     3    0.012452    0.081402    0.358278    0.358278 ^ _3797_/Q (sky130_fd_sc_hd__dfrtp_2)
                                                         mul_unit.seg_reg0.q[20] (net)
                      0.081402    0.000000    0.358278 ^ _2462_/A0 (sky130_fd_sc_hd__mux2_2)
     1    0.002191    0.034938    0.141542    0.499820 ^ _2462_/X (sky130_fd_sc_hd__mux2_2)
                                                         _1789_ (net)
                      0.034938    0.000000    0.499820 ^ _2463_/A (sky130_fd_sc_hd__buf_1)
     1    0.002005    0.036760    0.070608    0.570428 ^ _2463_/X (sky130_fd_sc_hd__buf_1)
                                                         _0333_ (net)
                      0.036760    0.000000    0.570428 ^ _3797_/D (sky130_fd_sc_hd__dfrtp_2)
                                              0.570428   data arrival time

                      0.000000    0.000000    0.000000   clock clk (rise edge)
                                  0.000000    0.000000   clock network delay (ideal)
                                  0.000000    0.000000   clock reconvergence pessimism
                                              0.000000 ^ _3797_/CLK (sky130_fd_sc_hd__dfrtp_2)
                                 -0.039110   -0.039110   library hold time
                                             -0.039110   data required time
---------------------------------------------------------------------------------------------
                                             -0.039110   data required time
                                             -0.570428   data arrival time
---------------------------------------------------------------------------------------------
                                              0.609538   slack (MET)


Startpoint: _3798_ (rising edge-triggered flip-flop clocked by clk)
Endpoint: _3798_ (rising edge-triggered flip-flop clocked by clk)
Path Group: clk
Path Type: min

Fanout         Cap        Slew       Delay        Time   Description
---------------------------------------------------------------------------------------------
                      0.000000    0.000000    0.000000   clock clk (rise edge)
                                  0.000000    0.000000   clock network delay (ideal)
                      0.000000    0.000000    0.000000 ^ _3798_/CLK (sky130_fd_sc_hd__dfrtp_2)
     3    0.012824    0.082997    0.359767    0.359767 ^ _3798_/Q (sky130_fd_sc_hd__dfrtp_2)
                                                         mul_unit.seg_reg0.q[21] (net)
                      0.082997    0.000000    0.359767 ^ _2458_/A0 (sky130_fd_sc_hd__mux2_2)
     1    0.002191    0.034938    0.142091    0.501858 ^ _2458_/X (sky130_fd_sc_hd__mux2_2)
                                                         _1786_ (net)
                      0.034938    0.000000    0.501858 ^ _2459_/A (sky130_fd_sc_hd__buf_1)
     1    0.002005    0.036760    0.070608    0.572466 ^ _2459_/X (sky130_fd_sc_hd__buf_1)
                                                         _0334_ (net)
                      0.036760    0.000000    0.572466 ^ _3798_/D (sky130_fd_sc_hd__dfrtp_2)
                                              0.572466   data arrival time

                      0.000000    0.000000    0.000000   clock clk (rise edge)
                                  0.000000    0.000000   clock network delay (ideal)
                                  0.000000    0.000000   clock reconvergence pessimism
                                              0.000000 ^ _3798_/CLK (sky130_fd_sc_hd__dfrtp_2)
                                 -0.039110   -0.039110   library hold time
                                             -0.039110   data required time
---------------------------------------------------------------------------------------------
                                             -0.039110   data required time
                                             -0.572466   data arrival time
---------------------------------------------------------------------------------------------
                                              0.611576   slack (MET)


Startpoint: _3784_ (rising edge-triggered flip-flop clocked by clk)
Endpoint: _3784_ (rising edge-triggered flip-flop clocked by clk)
Path Group: clk
Path Type: min

Fanout         Cap        Slew       Delay        Time   Description
---------------------------------------------------------------------------------------------
                      0.000000    0.000000    0.000000   clock clk (rise edge)
                                  0.000000    0.000000   clock network delay (ideal)
                      0.000000    0.000000    0.000000 ^ _3784_/CLK (sky130_fd_sc_hd__dfrtp_2)
     6    0.012898    0.083316    0.360021    0.360021 ^ _3784_/Q (sky130_fd_sc_hd__dfrtp_2)
                                                         mul_unit.seg_reg0.q[7] (net)
                      0.083316    0.000000    0.360021 ^ _2920_/A0 (sky130_fd_sc_hd__mux2_2)
     1    0.002191    0.034938    0.142201    0.502222 ^ _2920_/X (sky130_fd_sc_hd__mux2_2)
                                                         _0837_ (net)
                      0.034938    0.000000    0.502222 ^ _2921_/A (sky130_fd_sc_hd__buf_1)
     1    0.002005    0.036760    0.070608    0.572830 ^ _2921_/X (sky130_fd_sc_hd__buf_1)
                                                         _0320_ (net)
                      0.036760    0.000000    0.572830 ^ _3784_/D (sky130_fd_sc_hd__dfrtp_2)
                                              0.572830   data arrival time

                      0.000000    0.000000    0.000000   clock clk (rise edge)
                                  0.000000    0.000000   clock network delay (ideal)
                                  0.000000    0.000000   clock reconvergence pessimism
                                              0.000000 ^ _3784_/CLK (sky130_fd_sc_hd__dfrtp_2)
                                 -0.039110   -0.039110   library hold time
                                             -0.039110   data required time
---------------------------------------------------------------------------------------------
                                             -0.039110   data required time
                                             -0.572830   data arrival time
---------------------------------------------------------------------------------------------
                                              0.611940   slack (MET)


Startpoint: _3862_ (rising edge-triggered flip-flop clocked by clk)
Endpoint: _3862_ (rising edge-triggered flip-flop clocked by clk)
Path Group: clk
Path Type: min

Fanout         Cap        Slew       Delay        Time   Description
---------------------------------------------------------------------------------------------
                      0.000000    0.000000    0.000000   clock clk (rise edge)
                                  0.000000    0.000000   clock network delay (ideal)
                      0.000000    0.000000    0.000000 ^ _3862_/CLK (sky130_fd_sc_hd__dfrtp_2)
     3    0.012946    0.083523    0.360186    0.360186 ^ _3862_/Q (sky130_fd_sc_hd__dfrtp_2)
                                                         mul_unit.reg_b_out[14] (net)
                      0.083523    0.000000    0.360186 ^ _2305_/A1 (sky130_fd_sc_hd__mux2_2)
     1    0.002191    0.034750    0.142721    0.502907 ^ _2305_/X (sky130_fd_sc_hd__mux2_2)
                                                         _1697_ (net)
                      0.034750    0.000000    0.502907 ^ _2306_/A (sky130_fd_sc_hd__buf_1)
     1    0.002005    0.036760    0.070543    0.573449 ^ _2306_/X (sky130_fd_sc_hd__buf_1)
                                                         _0398_ (net)
                      0.036760    0.000000    0.573449 ^ _3862_/D (sky130_fd_sc_hd__dfrtp_2)
                                              0.573449   data arrival time

                      0.000000    0.000000    0.000000   clock clk (rise edge)
                                  0.000000    0.000000   clock network delay (ideal)
                                  0.000000    0.000000   clock reconvergence pessimism
                                              0.000000 ^ _3862_/CLK (sky130_fd_sc_hd__dfrtp_2)
                                 -0.039110   -0.039110   library hold time
                                             -0.039110   data required time
---------------------------------------------------------------------------------------------
                                             -0.039110   data required time
                                             -0.573449   data arrival time
---------------------------------------------------------------------------------------------
                                              0.612559   slack (MET)


Startpoint: _3791_ (rising edge-triggered flip-flop clocked by clk)
Endpoint: _3791_ (rising edge-triggered flip-flop clocked by clk)
Path Group: clk
Path Type: min

Fanout         Cap        Slew       Delay        Time   Description
---------------------------------------------------------------------------------------------
                      0.000000    0.000000    0.000000   clock clk (rise edge)
                                  0.000000    0.000000   clock network delay (ideal)
                      0.000000    0.000000    0.000000 ^ _3791_/CLK (sky130_fd_sc_hd__dfrtp_2)
     3    0.016198    0.097550    0.371350    0.371350 ^ _3791_/Q (sky130_fd_sc_hd__dfrtp_2)
                                                         mul_unit.seg_reg0.q[14] (net)
                      0.097550    0.000000    0.371350 ^ _2872_/B (sky130_fd_sc_hd__nor2_2)
     1    0.007784    0.036031    0.052662    0.424011 v _2872_/Y (sky130_fd_sc_hd__nor2_2)
                                                         _0796_ (net)
                      0.036031    0.000000    0.424011 v _2873_/B1 (sky130_fd_sc_hd__a41oi_4)
     1    0.002005    0.083358    0.141135    0.565146 ^ _2873_/Y (sky130_fd_sc_hd__a41oi_4)
                                                         _0327_ (net)
                      0.083358    0.000000    0.565146 ^ _3791_/D (sky130_fd_sc_hd__dfrtp_2)
                                              0.565146   data arrival time

                      0.000000    0.000000    0.000000   clock clk (rise edge)
                                  0.000000    0.000000   clock network delay (ideal)
                                  0.000000    0.000000   clock reconvergence pessimism
                                              0.000000 ^ _3791_/CLK (sky130_fd_sc_hd__dfrtp_2)
                                 -0.048815   -0.048815   library hold time
                                             -0.048815   data required time
---------------------------------------------------------------------------------------------
                                             -0.048815   data required time
                                             -0.565146   data arrival time
---------------------------------------------------------------------------------------------
                                              0.613961   slack (MET)


Startpoint: _3794_ (rising edge-triggered flip-flop clocked by clk)
Endpoint: _3794_ (rising edge-triggered flip-flop clocked by clk)
Path Group: clk
Path Type: min

Fanout         Cap        Slew       Delay        Time   Description
---------------------------------------------------------------------------------------------
                      0.000000    0.000000    0.000000   clock clk (rise edge)
                                  0.000000    0.000000   clock network delay (ideal)
                      0.000000    0.000000    0.000000 ^ _3794_/CLK (sky130_fd_sc_hd__dfrtp_2)
     3    0.013428    0.085602    0.361840    0.361840 ^ _3794_/Q (sky130_fd_sc_hd__dfrtp_2)
                                                         mul_unit.seg_reg0.q[17] (net)
                      0.085602    0.000000    0.361840 ^ _2475_/A0 (sky130_fd_sc_hd__mux2_2)
     1    0.002191    0.034938    0.142989    0.504829 ^ _2475_/X (sky130_fd_sc_hd__mux2_2)
                                                         _1799_ (net)
                      0.034938    0.000000    0.504829 ^ _2476_/A (sky130_fd_sc_hd__buf_1)
     1    0.002005    0.036760    0.070608    0.575437 ^ _2476_/X (sky130_fd_sc_hd__buf_1)
                                                         _0330_ (net)
                      0.036760    0.000000    0.575437 ^ _3794_/D (sky130_fd_sc_hd__dfrtp_2)
                                              0.575437   data arrival time

                      0.000000    0.000000    0.000000   clock clk (rise edge)
                                  0.000000    0.000000   clock network delay (ideal)
                                  0.000000    0.000000   clock reconvergence pessimism
                                              0.000000 ^ _3794_/CLK (sky130_fd_sc_hd__dfrtp_2)
                                 -0.039110   -0.039110   library hold time
                                             -0.039110   data required time
---------------------------------------------------------------------------------------------
                                             -0.039110   data required time
                                             -0.575437   data arrival time
---------------------------------------------------------------------------------------------
                                              0.614547   slack (MET)


Startpoint: _3793_ (rising edge-triggered flip-flop clocked by clk)
Endpoint: _3793_ (rising edge-triggered flip-flop clocked by clk)
Path Group: clk
Path Type: min

Fanout         Cap        Slew       Delay        Time   Description
---------------------------------------------------------------------------------------------
                      0.000000    0.000000    0.000000   clock clk (rise edge)
                                  0.000000    0.000000   clock network delay (ideal)
                      0.000000    0.000000    0.000000 ^ _3793_/CLK (sky130_fd_sc_hd__dfrtp_2)
     3    0.013509    0.085952    0.362119    0.362119 ^ _3793_/Q (sky130_fd_sc_hd__dfrtp_2)
                                                         mul_unit.seg_reg0.q[16] (net)
                      0.085952    0.000000    0.362119 ^ _2479_/A0 (sky130_fd_sc_hd__mux2_2)
     1    0.002191    0.034938    0.143109    0.505228 ^ _2479_/X (sky130_fd_sc_hd__mux2_2)
                                                         _1802_ (net)
                      0.034938    0.000000    0.505228 ^ _2480_/A (sky130_fd_sc_hd__buf_1)
     1    0.002005    0.036760    0.070608    0.575835 ^ _2480_/X (sky130_fd_sc_hd__buf_1)
                                                         _0329_ (net)
                      0.036760    0.000000    0.575835 ^ _3793_/D (sky130_fd_sc_hd__dfrtp_2)
                                              0.575835   data arrival time

                      0.000000    0.000000    0.000000   clock clk (rise edge)
                                  0.000000    0.000000   clock network delay (ideal)
                                  0.000000    0.000000   clock reconvergence pessimism
                                              0.000000 ^ _3793_/CLK (sky130_fd_sc_hd__dfrtp_2)
                                 -0.039110   -0.039110   library hold time
                                             -0.039110   data required time
---------------------------------------------------------------------------------------------
                                             -0.039110   data required time
                                             -0.575835   data arrival time
---------------------------------------------------------------------------------------------
                                              0.614946   slack (MET)


Startpoint: _3789_ (rising edge-triggered flip-flop clocked by clk)
Endpoint: _3789_ (rising edge-triggered flip-flop clocked by clk)
Path Group: clk
Path Type: min

Fanout         Cap        Slew       Delay        Time   Description
---------------------------------------------------------------------------------------------
                      0.000000    0.000000    0.000000   clock clk (rise edge)
                                  0.000000    0.000000   clock network delay (ideal)
                      0.000000    0.000000    0.000000 ^ _3789_/CLK (sky130_fd_sc_hd__dfrtp_2)
     5    0.012690    0.082419    0.359303    0.359303 ^ _3789_/Q (sky130_fd_sc_hd__dfrtp_2)
                                                         mul_unit.seg_reg0.q[12] (net)
                      0.082419    0.000000    0.359303 ^ _2891_/A0 (sky130_fd_sc_hd__mux2_2)
     1    0.001807    0.033041    0.139609    0.498913 ^ _2891_/X (sky130_fd_sc_hd__mux2_2)
                                                         _0813_ (net)
                      0.033041    0.000000    0.498913 ^ _2892_/A (sky130_fd_sc_hd__buf_2)
     1    0.002005    0.024148    0.082732    0.581645 ^ _2892_/X (sky130_fd_sc_hd__buf_2)
                                                         _0325_ (net)
                      0.024148    0.000000    0.581645 ^ _3789_/D (sky130_fd_sc_hd__dfrtp_2)
                                              0.581645   data arrival time

                      0.000000    0.000000    0.000000   clock clk (rise edge)
                                  0.000000    0.000000   clock network delay (ideal)
                                  0.000000    0.000000   clock reconvergence pessimism
                                              0.000000 ^ _3789_/CLK (sky130_fd_sc_hd__dfrtp_2)
                                 -0.036484   -0.036484   library hold time
                                             -0.036484   data required time
---------------------------------------------------------------------------------------------
                                             -0.036484   data required time
                                             -0.581645   data arrival time
---------------------------------------------------------------------------------------------
                                              0.618128   slack (MET)


Startpoint: _3860_ (rising edge-triggered flip-flop clocked by clk)
Endpoint: _3860_ (rising edge-triggered flip-flop clocked by clk)
Path Group: clk
Path Type: min

Fanout         Cap        Slew       Delay        Time   Description
---------------------------------------------------------------------------------------------
                      0.000000    0.000000    0.000000   clock clk (rise edge)
                                  0.000000    0.000000   clock network delay (ideal)
                      0.000000    0.000000    0.000000 ^ _3860_/CLK (sky130_fd_sc_hd__dfrtp_2)
     4    0.014383    0.089721    0.365119    0.365119 ^ _3860_/Q (sky130_fd_sc_hd__dfrtp_2)
                                                         mul_unit.reg_b_out[12] (net)
                      0.089721    0.000000    0.365119 ^ _2309_/A1 (sky130_fd_sc_hd__mux2_2)
     1    0.002191    0.034750    0.144862    0.509980 ^ _2309_/X (sky130_fd_sc_hd__mux2_2)
                                                         _1699_ (net)
                      0.034750    0.000000    0.509980 ^ _2310_/A (sky130_fd_sc_hd__buf_1)
     1    0.002005    0.036760    0.070543    0.580523 ^ _2310_/X (sky130_fd_sc_hd__buf_1)
                                                         _0396_ (net)
                      0.036760    0.000000    0.580523 ^ _3860_/D (sky130_fd_sc_hd__dfrtp_2)
                                              0.580523   data arrival time

                      0.000000    0.000000    0.000000   clock clk (rise edge)
                                  0.000000    0.000000   clock network delay (ideal)
                                  0.000000    0.000000   clock reconvergence pessimism
                                              0.000000 ^ _3860_/CLK (sky130_fd_sc_hd__dfrtp_2)
                                 -0.039110   -0.039110   library hold time
                                             -0.039110   data required time
---------------------------------------------------------------------------------------------
                                             -0.039110   data required time
                                             -0.580523   data arrival time
---------------------------------------------------------------------------------------------
                                              0.619633   slack (MET)


Startpoint: _3861_ (rising edge-triggered flip-flop clocked by clk)
Endpoint: _3861_ (rising edge-triggered flip-flop clocked by clk)
Path Group: clk
Path Type: min

Fanout         Cap        Slew       Delay        Time   Description
---------------------------------------------------------------------------------------------
                      0.000000    0.000000    0.000000   clock clk (rise edge)
                                  0.000000    0.000000   clock network delay (ideal)
                      0.000000    0.000000    0.000000 ^ _3861_/CLK (sky130_fd_sc_hd__dfrtp_2)
     4    0.014383    0.089721    0.365119    0.365119 ^ _3861_/Q (sky130_fd_sc_hd__dfrtp_2)
                                                         mul_unit.reg_b_out[13] (net)
                      0.089721    0.000000    0.365119 ^ _2307_/A1 (sky130_fd_sc_hd__mux2_2)
     1    0.002191    0.034750    0.144862    0.509980 ^ _2307_/X (sky130_fd_sc_hd__mux2_2)
                                                         _1698_ (net)
                      0.034750    0.000000    0.509980 ^ _2308_/A (sky130_fd_sc_hd__buf_1)
     1    0.002005    0.036760    0.070543    0.580523 ^ _2308_/X (sky130_fd_sc_hd__buf_1)
                                                         _0397_ (net)
                      0.036760    0.000000    0.580523 ^ _3861_/D (sky130_fd_sc_hd__dfrtp_2)
                                              0.580523   data arrival time

                      0.000000    0.000000    0.000000   clock clk (rise edge)
                                  0.000000    0.000000   clock network delay (ideal)
                                  0.000000    0.000000   clock reconvergence pessimism
                                              0.000000 ^ _3861_/CLK (sky130_fd_sc_hd__dfrtp_2)
                                 -0.039110   -0.039110   library hold time
                                             -0.039110   data required time
---------------------------------------------------------------------------------------------
                                             -0.039110   data required time
                                             -0.580523   data arrival time
---------------------------------------------------------------------------------------------
                                              0.619633   slack (MET)


Startpoint: _3855_ (rising edge-triggered flip-flop clocked by clk)
Endpoint: _3855_ (rising edge-triggered flip-flop clocked by clk)
Path Group: clk
Path Type: min

Fanout         Cap        Slew       Delay        Time   Description
---------------------------------------------------------------------------------------------
                      0.000000    0.000000    0.000000   clock clk (rise edge)
                                  0.000000    0.000000   clock network delay (ideal)
                      0.000000    0.000000    0.000000 ^ _3855_/CLK (sky130_fd_sc_hd__dfrtp_2)
     6    0.014633    0.090800    0.365977    0.365977 ^ _3855_/Q (sky130_fd_sc_hd__dfrtp_2)
                                                         mul_unit.reg_b_out[7] (net)
                      0.090800    0.000000    0.365977 ^ _2319_/A1 (sky130_fd_sc_hd__mux2_2)
     1    0.002191    0.034750    0.145234    0.511211 ^ _2319_/X (sky130_fd_sc_hd__mux2_2)
                                                         _1704_ (net)
                      0.034750    0.000000    0.511211 ^ _2320_/A (sky130_fd_sc_hd__buf_1)
     1    0.002005    0.036760    0.070543    0.581754 ^ _2320_/X (sky130_fd_sc_hd__buf_1)
                                                         _0391_ (net)
                      0.036760    0.000000    0.581754 ^ _3855_/D (sky130_fd_sc_hd__dfrtp_2)
                                              0.581754   data arrival time

                      0.000000    0.000000    0.000000   clock clk (rise edge)
                                  0.000000    0.000000   clock network delay (ideal)
                                  0.000000    0.000000   clock reconvergence pessimism
                                              0.000000 ^ _3855_/CLK (sky130_fd_sc_hd__dfrtp_2)
                                 -0.039110   -0.039110   library hold time
                                             -0.039110   data required time
---------------------------------------------------------------------------------------------
                                             -0.039110   data required time
                                             -0.581754   data arrival time
---------------------------------------------------------------------------------------------
                                              0.620864   slack (MET)


Startpoint: _3839_ (rising edge-triggered flip-flop clocked by clk)
Endpoint: _3839_ (rising edge-triggered flip-flop clocked by clk)
Path Group: clk
Path Type: min

Fanout         Cap        Slew       Delay        Time   Description
---------------------------------------------------------------------------------------------
                      0.000000    0.000000    0.000000   clock clk (rise edge)
                                  0.000000    0.000000   clock network delay (ideal)
                      0.000000    0.000000    0.000000 ^ _3839_/CLK (sky130_fd_sc_hd__dfrtp_2)
     6    0.014753    0.091317    0.366389    0.366389 ^ _3839_/Q (sky130_fd_sc_hd__dfrtp_2)
                                                         mul_unit.reg_a_out[7] (net)
                      0.091317    0.000000    0.366389 ^ _2353_/A1 (sky130_fd_sc_hd__mux2_2)
     1    0.002191    0.034749    0.145413    0.511802 ^ _2353_/X (sky130_fd_sc_hd__mux2_2)
                                                         _1722_ (net)
                      0.034749    0.000000    0.511802 ^ _2354_/A (sky130_fd_sc_hd__buf_1)
     1    0.002005    0.036760    0.070542    0.582344 ^ _2354_/X (sky130_fd_sc_hd__buf_1)
                                                         _0375_ (net)
                      0.036760    0.000000    0.582344 ^ _3839_/D (sky130_fd_sc_hd__dfrtp_2)
                                              0.582344   data arrival time

                      0.000000    0.000000    0.000000   clock clk (rise edge)
                                  0.000000    0.000000   clock network delay (ideal)
                                  0.000000    0.000000   clock reconvergence pessimism
                                              0.000000 ^ _3839_/CLK (sky130_fd_sc_hd__dfrtp_2)
                                 -0.039110   -0.039110   library hold time
                                             -0.039110   data required time
---------------------------------------------------------------------------------------------
                                             -0.039110   data required time
                                             -0.582344   data arrival time
---------------------------------------------------------------------------------------------
                                              0.621455   slack (MET)


Startpoint: _3678_ (rising edge-triggered flip-flop clocked by clk)
Endpoint: _3678_ (rising edge-triggered flip-flop clocked by clk)
Path Group: clk
Path Type: min

Fanout         Cap        Slew       Delay        Time   Description
---------------------------------------------------------------------------------------------
                      0.000000    0.000000    0.000000   clock clk (rise edge)
                                  0.000000    0.000000   clock network delay (ideal)
                      0.000000    0.000000    0.000000 ^ _3678_/CLK (sky130_fd_sc_hd__dfrtp_2)
     6    0.014047    0.088272    0.363965    0.363965 ^ _3678_/Q (sky130_fd_sc_hd__dfrtp_2)
                                                         addsub_unit.op_sign_logic0.mantisa_b[0] (net)
                      0.088272    0.000000    0.363965 ^ _1951_/B (sky130_fd_sc_hd__and2_2)
     1    0.002504    0.036263    0.138932    0.502898 ^ _1951_/X (sky130_fd_sc_hd__and2_2)
                                                         _1596_ (net)
                      0.036263    0.000000    0.502898 ^ _1952_/B1 (sky130_fd_sc_hd__a31o_2)
     1    0.002005    0.028266    0.081234    0.584131 ^ _1952_/X (sky130_fd_sc_hd__a31o_2)
                                                         _0214_ (net)
                      0.028266    0.000000    0.584131 ^ _3678_/D (sky130_fd_sc_hd__dfrtp_2)
                                              0.584131   data arrival time

                      0.000000    0.000000    0.000000   clock clk (rise edge)
                                  0.000000    0.000000   clock network delay (ideal)
                                  0.000000    0.000000   clock reconvergence pessimism
                                              0.000000 ^ _3678_/CLK (sky130_fd_sc_hd__dfrtp_2)
                                 -0.037341   -0.037341   library hold time
                                             -0.037341   data required time
---------------------------------------------------------------------------------------------
                                             -0.037341   data required time
                                             -0.584131   data arrival time
---------------------------------------------------------------------------------------------
                                              0.621473   slack (MET)


Startpoint: _3687_ (rising edge-triggered flip-flop clocked by clk)
Endpoint: _3687_ (rising edge-triggered flip-flop clocked by clk)
Path Group: clk
Path Type: min

Fanout         Cap        Slew       Delay        Time   Description
---------------------------------------------------------------------------------------------
                      0.000000    0.000000    0.000000   clock clk (rise edge)
                                  0.000000    0.000000   clock network delay (ideal)
                      0.000000    0.000000    0.000000 ^ _3687_/CLK (sky130_fd_sc_hd__dfrtp_2)
    11    0.038414    0.193639    0.447381    0.447381 ^ _3687_/Q (sky130_fd_sc_hd__dfrtp_2)
                                                         addsub_unit.op_sign_logic0.mantisa_b[9] (net)
                      0.193639    0.000000    0.447381 ^ _1898_/A2 (sky130_fd_sc_hd__o21a_2)
     1    0.002005    0.028567    0.137012    0.584393 ^ _1898_/X (sky130_fd_sc_hd__o21a_2)
                                                         _0223_ (net)
                      0.028567    0.000000    0.584393 ^ _3687_/D (sky130_fd_sc_hd__dfrtp_2)
                                              0.584393   data arrival time

                      0.000000    0.000000    0.000000   clock clk (rise edge)
                                  0.000000    0.000000   clock network delay (ideal)
                                  0.000000    0.000000   clock reconvergence pessimism
                                              0.000000 ^ _3687_/CLK (sky130_fd_sc_hd__dfrtp_2)
                                 -0.037404   -0.037404   library hold time
                                             -0.037404   data required time
---------------------------------------------------------------------------------------------
                                             -0.037404   data required time
                                             -0.584393   data arrival time
---------------------------------------------------------------------------------------------
                                              0.621797   slack (MET)


Startpoint: _3856_ (rising edge-triggered flip-flop clocked by clk)
Endpoint: _3856_ (rising edge-triggered flip-flop clocked by clk)
Path Group: clk
Path Type: min

Fanout         Cap        Slew       Delay        Time   Description
---------------------------------------------------------------------------------------------
                      0.000000    0.000000    0.000000   clock clk (rise edge)
                                  0.000000    0.000000   clock network delay (ideal)
                      0.000000    0.000000    0.000000 ^ _3856_/CLK (sky130_fd_sc_hd__dfrtp_2)
     4    0.015025    0.092491    0.367323    0.367323 ^ _3856_/Q (sky130_fd_sc_hd__dfrtp_2)
                                                         mul_unit.reg_b_out[8] (net)
                      0.092491    0.000000    0.367323 ^ _2317_/A1 (sky130_fd_sc_hd__mux2_2)
     1    0.002191    0.034750    0.145818    0.513141 ^ _2317_/X (sky130_fd_sc_hd__mux2_2)
                                                         _1703_ (net)
                      0.034750    0.000000    0.513141 ^ _2318_/A (sky130_fd_sc_hd__buf_1)
     1    0.002005    0.036760    0.070543    0.583684 ^ _2318_/X (sky130_fd_sc_hd__buf_1)
                                                         _0392_ (net)
                      0.036760    0.000000    0.583684 ^ _3856_/D (sky130_fd_sc_hd__dfrtp_2)
                                              0.583684   data arrival time

                      0.000000    0.000000    0.000000   clock clk (rise edge)
                                  0.000000    0.000000   clock network delay (ideal)
                                  0.000000    0.000000   clock reconvergence pessimism
                                              0.000000 ^ _3856_/CLK (sky130_fd_sc_hd__dfrtp_2)
                                 -0.039110   -0.039110   library hold time
                                             -0.039110   data required time
---------------------------------------------------------------------------------------------
                                             -0.039110   data required time
                                             -0.583684   data arrival time
---------------------------------------------------------------------------------------------
                                              0.622794   slack (MET)


Startpoint: _3857_ (rising edge-triggered flip-flop clocked by clk)
Endpoint: _3857_ (rising edge-triggered flip-flop clocked by clk)
Path Group: clk
Path Type: min

Fanout         Cap        Slew       Delay        Time   Description
---------------------------------------------------------------------------------------------
                      0.000000    0.000000    0.000000   clock clk (rise edge)
                                  0.000000    0.000000   clock network delay (ideal)
                      0.000000    0.000000    0.000000 ^ _3857_/CLK (sky130_fd_sc_hd__dfrtp_2)
     4    0.015025    0.092491    0.367323    0.367323 ^ _3857_/Q (sky130_fd_sc_hd__dfrtp_2)
                                                         mul_unit.reg_b_out[9] (net)
                      0.092491    0.000000    0.367323 ^ _2315_/A1 (sky130_fd_sc_hd__mux2_2)
     1    0.002191    0.034750    0.145818    0.513141 ^ _2315_/X (sky130_fd_sc_hd__mux2_2)
                                                         _1702_ (net)
                      0.034750    0.000000    0.513141 ^ _2316_/A (sky130_fd_sc_hd__buf_1)
     1    0.002005    0.036760    0.070543    0.583684 ^ _2316_/X (sky130_fd_sc_hd__buf_1)
                                                         _0393_ (net)
                      0.036760    0.000000    0.583684 ^ _3857_/D (sky130_fd_sc_hd__dfrtp_2)
                                              0.583684   data arrival time

                      0.000000    0.000000    0.000000   clock clk (rise edge)
                                  0.000000    0.000000   clock network delay (ideal)
                                  0.000000    0.000000   clock reconvergence pessimism
                                              0.000000 ^ _3857_/CLK (sky130_fd_sc_hd__dfrtp_2)
                                 -0.039110   -0.039110   library hold time
                                             -0.039110   data required time
---------------------------------------------------------------------------------------------
                                             -0.039110   data required time
                                             -0.583684   data arrival time
---------------------------------------------------------------------------------------------
                                              0.622794   slack (MET)


Startpoint: _3685_ (rising edge-triggered flip-flop clocked by clk)
Endpoint: _3685_ (rising edge-triggered flip-flop clocked by clk)
Path Group: clk
Path Type: min

Fanout         Cap        Slew       Delay        Time   Description
---------------------------------------------------------------------------------------------
                      0.000000    0.000000    0.000000   clock clk (rise edge)
                                  0.000000    0.000000   clock network delay (ideal)
                      0.000000    0.000000    0.000000 ^ _3685_/CLK (sky130_fd_sc_hd__dfrtp_2)
     9    0.031653    0.164214    0.424406    0.424406 ^ _3685_/Q (sky130_fd_sc_hd__dfrtp_2)
                                                         addsub_unit.op_sign_logic0.mantisa_b[7] (net)
                      0.164214    0.000000    0.424406 ^ _1905_/A2 (sky130_fd_sc_hd__a22o_2)
     1    0.002005    0.030449    0.161084    0.585490 ^ _1905_/X (sky130_fd_sc_hd__a22o_2)
                                                         _0221_ (net)
                      0.030449    0.000000    0.585490 ^ _3685_/D (sky130_fd_sc_hd__dfrtp_2)
                                              0.585490   data arrival time

                      0.000000    0.000000    0.000000   clock clk (rise edge)
                                  0.000000    0.000000   clock network delay (ideal)
                                  0.000000    0.000000   clock reconvergence pessimism
                                              0.000000 ^ _3685_/CLK (sky130_fd_sc_hd__dfrtp_2)
                                 -0.037796   -0.037796   library hold time
                                             -0.037796   data required time
---------------------------------------------------------------------------------------------
                                             -0.037796   data required time
                                             -0.585490   data arrival time
---------------------------------------------------------------------------------------------
                                              0.623286   slack (MET)


Startpoint: _3858_ (rising edge-triggered flip-flop clocked by clk)
Endpoint: _3858_ (rising edge-triggered flip-flop clocked by clk)
Path Group: clk
Path Type: min

Fanout         Cap        Slew       Delay        Time   Description
---------------------------------------------------------------------------------------------
                      0.000000    0.000000    0.000000   clock clk (rise edge)
                                  0.000000    0.000000   clock network delay (ideal)
                      0.000000    0.000000    0.000000 ^ _3858_/CLK (sky130_fd_sc_hd__dfrtp_2)
     4    0.015174    0.093133    0.367834    0.367834 ^ _3858_/Q (sky130_fd_sc_hd__dfrtp_2)
                                                         mul_unit.reg_b_out[10] (net)
                      0.093133    0.000000    0.367834 ^ _2313_/A1 (sky130_fd_sc_hd__mux2_2)
     1    0.002191    0.034750    0.146040    0.513874 ^ _2313_/X (sky130_fd_sc_hd__mux2_2)
                                                         _1701_ (net)
                      0.034750    0.000000    0.513874 ^ _2314_/A (sky130_fd_sc_hd__buf_1)
     1    0.002005    0.036760    0.070543    0.584417 ^ _2314_/X (sky130_fd_sc_hd__buf_1)
                                                         _0394_ (net)
                      0.036760    0.000000    0.584417 ^ _3858_/D (sky130_fd_sc_hd__dfrtp_2)
                                              0.584417   data arrival time

                      0.000000    0.000000    0.000000   clock clk (rise edge)
                                  0.000000    0.000000   clock network delay (ideal)
                                  0.000000    0.000000   clock reconvergence pessimism
                                              0.000000 ^ _3858_/CLK (sky130_fd_sc_hd__dfrtp_2)
                                 -0.039110   -0.039110   library hold time
                                             -0.039110   data required time
---------------------------------------------------------------------------------------------
                                             -0.039110   data required time
                                             -0.584417   data arrival time
---------------------------------------------------------------------------------------------
                                              0.623527   slack (MET)


Startpoint: _3859_ (rising edge-triggered flip-flop clocked by clk)
Endpoint: _3859_ (rising edge-triggered flip-flop clocked by clk)
Path Group: clk
Path Type: min

Fanout         Cap        Slew       Delay        Time   Description
---------------------------------------------------------------------------------------------
                      0.000000    0.000000    0.000000   clock clk (rise edge)
                                  0.000000    0.000000   clock network delay (ideal)
                      0.000000    0.000000    0.000000 ^ _3859_/CLK (sky130_fd_sc_hd__dfrtp_2)
     4    0.015174    0.093133    0.367834    0.367834 ^ _3859_/Q (sky130_fd_sc_hd__dfrtp_2)
                                                         mul_unit.reg_b_out[11] (net)
                      0.093133    0.000000    0.367834 ^ _2311_/A1 (sky130_fd_sc_hd__mux2_2)
     1    0.002191    0.034750    0.146040    0.513874 ^ _2311_/X (sky130_fd_sc_hd__mux2_2)
                                                         _1700_ (net)
                      0.034750    0.000000    0.513874 ^ _2312_/A (sky130_fd_sc_hd__buf_1)
     1    0.002005    0.036760    0.070543    0.584417 ^ _2312_/X (sky130_fd_sc_hd__buf_1)
                                                         _0395_ (net)
                      0.036760    0.000000    0.584417 ^ _3859_/D (sky130_fd_sc_hd__dfrtp_2)
                                              0.584417   data arrival time

                      0.000000    0.000000    0.000000   clock clk (rise edge)
                                  0.000000    0.000000   clock network delay (ideal)
                                  0.000000    0.000000   clock reconvergence pessimism
                                              0.000000 ^ _3859_/CLK (sky130_fd_sc_hd__dfrtp_2)
                                 -0.039110   -0.039110   library hold time
                                             -0.039110   data required time
---------------------------------------------------------------------------------------------
                                             -0.039110   data required time
                                             -0.584417   data arrival time
---------------------------------------------------------------------------------------------
                                              0.623527   slack (MET)


Startpoint: _3799_ (rising edge-triggered flip-flop clocked by clk)
Endpoint: _3799_ (rising edge-triggered flip-flop clocked by clk)
Path Group: clk
Path Type: min

Fanout         Cap        Slew       Delay        Time   Description
---------------------------------------------------------------------------------------------
                      0.000000    0.000000    0.000000   clock clk (rise edge)
                                  0.000000    0.000000   clock network delay (ideal)
                      0.000000    0.000000    0.000000 ^ _3799_/CLK (sky130_fd_sc_hd__dfrtp_2)
     3    0.015898    0.096256    0.370320    0.370320 ^ _3799_/Q (sky130_fd_sc_hd__dfrtp_2)
                                                         mul_unit.seg_reg0.q[22] (net)
                      0.096256    0.000000    0.370320 ^ _2454_/A0 (sky130_fd_sc_hd__mux2_2)
     1    0.002191    0.034938    0.146659    0.516979 ^ _2454_/X (sky130_fd_sc_hd__mux2_2)
                                                         _1783_ (net)
                      0.034938    0.000000    0.516979 ^ _2455_/A (sky130_fd_sc_hd__buf_1)
     1    0.002005    0.036760    0.070608    0.587586 ^ _2455_/X (sky130_fd_sc_hd__buf_1)
                                                         _0335_ (net)
                      0.036760    0.000000    0.587586 ^ _3799_/D (sky130_fd_sc_hd__dfrtp_2)
                                              0.587586   data arrival time

                      0.000000    0.000000    0.000000   clock clk (rise edge)
                                  0.000000    0.000000   clock network delay (ideal)
                                  0.000000    0.000000   clock reconvergence pessimism
                                              0.000000 ^ _3799_/CLK (sky130_fd_sc_hd__dfrtp_2)
                                 -0.039110   -0.039110   library hold time
                                             -0.039110   data required time
---------------------------------------------------------------------------------------------
                                             -0.039110   data required time
                                             -0.587586   data arrival time
---------------------------------------------------------------------------------------------
                                              0.626697   slack (MET)


Startpoint: _3699_ (rising edge-triggered flip-flop clocked by clk)
Endpoint: _3699_ (rising edge-triggered flip-flop clocked by clk)
Path Group: clk
Path Type: min

Fanout         Cap        Slew       Delay        Time   Description
---------------------------------------------------------------------------------------------
                      0.000000    0.000000    0.000000   clock clk (rise edge)
                                  0.000000    0.000000   clock network delay (ideal)
                      0.000000    0.000000    0.000000 ^ _3699_/CLK (sky130_fd_sc_hd__dfrtp_2)
     6    0.015179    0.093155    0.367852    0.367852 ^ _3699_/Q (sky130_fd_sc_hd__dfrtp_2)
                                                         addsub_unit.op_sign_logic0.mantisa_a[10] (net)
                      0.093155    0.000000    0.367852 ^ _3579_/B (sky130_fd_sc_hd__and2_2)
     1    0.002504    0.036261    0.140377    0.508229 ^ _3579_/X (sky130_fd_sc_hd__and2_2)
                                                         _1410_ (net)
                      0.036261    0.000000    0.508229 ^ _3580_/B1 (sky130_fd_sc_hd__a31o_2)
     1    0.002005    0.028266    0.081233    0.589462 ^ _3580_/X (sky130_fd_sc_hd__a31o_2)
                                                         _0235_ (net)
                      0.028266    0.000000    0.589462 ^ _3699_/D (sky130_fd_sc_hd__dfrtp_2)
                                              0.589462   data arrival time

                      0.000000    0.000000    0.000000   clock clk (rise edge)
                                  0.000000    0.000000   clock network delay (ideal)
                                  0.000000    0.000000   clock reconvergence pessimism
                                              0.000000 ^ _3699_/CLK (sky130_fd_sc_hd__dfrtp_2)
                                 -0.037341   -0.037341   library hold time
                                             -0.037341   data required time
---------------------------------------------------------------------------------------------
                                             -0.037341   data required time
                                             -0.589462   data arrival time
---------------------------------------------------------------------------------------------
                                              0.626803   slack (MET)


Startpoint: _3688_ (rising edge-triggered flip-flop clocked by clk)
Endpoint: _3730_ (rising edge-triggered flip-flop clocked by clk)
Path Group: clk
Path Type: min

Fanout         Cap        Slew       Delay        Time   Description
---------------------------------------------------------------------------------------------
                      0.000000    0.000000    0.000000   clock clk (rise edge)
                                  0.000000    0.000000   clock network delay (ideal)
                      0.000000    0.000000    0.000000 ^ _3688_/CLK (sky130_fd_sc_hd__dfrtp_2)
     3    0.009702    0.069651    0.346431    0.346431 ^ _3688_/Q (sky130_fd_sc_hd__dfrtp_2)
                                                         addsub_unit.op_sign_logic0.mantisa_b[10] (net)
                      0.069651    0.000000    0.346431 ^ _3380_/A2 (sky130_fd_sc_hd__o2111a_2)
     1    0.002564    0.040142    0.173257    0.519688 ^ _3380_/X (sky130_fd_sc_hd__o2111a_2)
                                                         _1242_ (net)
                      0.040142    0.000000    0.519688 ^ _3381_/B1 (sky130_fd_sc_hd__a21o_2)
     1    0.002005    0.023215    0.073931    0.593619 ^ _3381_/X (sky130_fd_sc_hd__a21o_2)
                                                         _0266_ (net)
                      0.023215    0.000000    0.593619 ^ _3730_/D (sky130_fd_sc_hd__dfrtp_2)
                                              0.593619   data arrival time

                      0.000000    0.000000    0.000000   clock clk (rise edge)
                                  0.000000    0.000000   clock network delay (ideal)
                                  0.000000    0.000000   clock reconvergence pessimism
                                              0.000000 ^ _3730_/CLK (sky130_fd_sc_hd__dfrtp_2)
                                 -0.036289   -0.036289   library hold time
                                             -0.036289   data required time
---------------------------------------------------------------------------------------------
                                             -0.036289   data required time
                                             -0.593619   data arrival time
---------------------------------------------------------------------------------------------
                                              0.629909   slack (MET)


Startpoint: _3844_ (rising edge-triggered flip-flop clocked by clk)
Endpoint: _3844_ (rising edge-triggered flip-flop clocked by clk)
Path Group: clk
Path Type: min

Fanout         Cap        Slew       Delay        Time   Description
---------------------------------------------------------------------------------------------
                      0.000000    0.000000    0.000000   clock clk (rise edge)
                                  0.000000    0.000000   clock network delay (ideal)
                      0.000000    0.000000    0.000000 ^ _3844_/CLK (sky130_fd_sc_hd__dfrtp_2)
     4    0.016705    0.099737    0.373090    0.373090 ^ _3844_/Q (sky130_fd_sc_hd__dfrtp_2)
                                                         mul_unit.reg_a_out[12] (net)
                      0.099737    0.000000    0.373090 ^ _2343_/A1 (sky130_fd_sc_hd__mux2_2)
     1    0.002191    0.034749    0.148321    0.521411 ^ _2343_/X (sky130_fd_sc_hd__mux2_2)
                                                         _1717_ (net)
                      0.034749    0.000000    0.521411 ^ _2344_/A (sky130_fd_sc_hd__buf_1)
     1    0.002005    0.036760    0.070542    0.591954 ^ _2344_/X (sky130_fd_sc_hd__buf_1)
                                                         _0380_ (net)
                      0.036760    0.000000    0.591954 ^ _3844_/D (sky130_fd_sc_hd__dfrtp_2)
                                              0.591954   data arrival time

                      0.000000    0.000000    0.000000   clock clk (rise edge)
                                  0.000000    0.000000   clock network delay (ideal)
                                  0.000000    0.000000   clock reconvergence pessimism
                                              0.000000 ^ _3844_/CLK (sky130_fd_sc_hd__dfrtp_2)
                                 -0.039110   -0.039110   library hold time
                                             -0.039110   data required time
---------------------------------------------------------------------------------------------
                                             -0.039110   data required time
                                             -0.591954   data arrival time
---------------------------------------------------------------------------------------------
                                              0.631064   slack (MET)


Startpoint: _3845_ (rising edge-triggered flip-flop clocked by clk)
Endpoint: _3845_ (rising edge-triggered flip-flop clocked by clk)
Path Group: clk
Path Type: min

Fanout         Cap        Slew       Delay        Time   Description
---------------------------------------------------------------------------------------------
                      0.000000    0.000000    0.000000   clock clk (rise edge)
                                  0.000000    0.000000   clock network delay (ideal)
                      0.000000    0.000000    0.000000 ^ _3845_/CLK (sky130_fd_sc_hd__dfrtp_2)
     4    0.016705    0.099737    0.373090    0.373090 ^ _3845_/Q (sky130_fd_sc_hd__dfrtp_2)
                                                         mul_unit.reg_a_out[13] (net)
                      0.099737    0.000000    0.373090 ^ _2340_/A1 (sky130_fd_sc_hd__mux2_2)
     1    0.002191    0.034749    0.148321    0.521411 ^ _2340_/X (sky130_fd_sc_hd__mux2_2)
                                                         _1715_ (net)
                      0.034749    0.000000    0.521411 ^ _2341_/A (sky130_fd_sc_hd__buf_1)
     1    0.002005    0.036760    0.070542    0.591954 ^ _2341_/X (sky130_fd_sc_hd__buf_1)
                                                         _0381_ (net)
                      0.036760    0.000000    0.591954 ^ _3845_/D (sky130_fd_sc_hd__dfrtp_2)
                                              0.591954   data arrival time

                      0.000000    0.000000    0.000000   clock clk (rise edge)
                                  0.000000    0.000000   clock network delay (ideal)
                                  0.000000    0.000000   clock reconvergence pessimism
                                              0.000000 ^ _3845_/CLK (sky130_fd_sc_hd__dfrtp_2)
                                 -0.039110   -0.039110   library hold time
                                             -0.039110   data required time
---------------------------------------------------------------------------------------------
                                             -0.039110   data required time
                                             -0.591954   data arrival time
---------------------------------------------------------------------------------------------
                                              0.631064   slack (MET)


Startpoint: _3842_ (rising edge-triggered flip-flop clocked by clk)
Endpoint: _3842_ (rising edge-triggered flip-flop clocked by clk)
Path Group: clk
Path Type: min

Fanout         Cap        Slew       Delay        Time   Description
---------------------------------------------------------------------------------------------
                      0.000000    0.000000    0.000000   clock clk (rise edge)
                                  0.000000    0.000000   clock network delay (ideal)
                      0.000000    0.000000    0.000000 ^ _3842_/CLK (sky130_fd_sc_hd__dfrtp_2)
     5    0.016894    0.100552    0.373739    0.373739 ^ _3842_/Q (sky130_fd_sc_hd__dfrtp_2)
                                                         mul_unit.reg_a_out[10] (net)
                      0.100552    0.000000    0.373739 ^ _2347_/A1 (sky130_fd_sc_hd__mux2_2)
     1    0.002191    0.034749    0.148602    0.522341 ^ _2347_/X (sky130_fd_sc_hd__mux2_2)
                                                         _1719_ (net)
                      0.034749    0.000000    0.522341 ^ _2348_/A (sky130_fd_sc_hd__buf_1)
     1    0.002005    0.036760    0.070542    0.592884 ^ _2348_/X (sky130_fd_sc_hd__buf_1)
                                                         _0378_ (net)
                      0.036760    0.000000    0.592884 ^ _3842_/D (sky130_fd_sc_hd__dfrtp_2)
                                              0.592884   data arrival time

                      0.000000    0.000000    0.000000   clock clk (rise edge)
                                  0.000000    0.000000   clock network delay (ideal)
                                  0.000000    0.000000   clock reconvergence pessimism
                                              0.000000 ^ _3842_/CLK (sky130_fd_sc_hd__dfrtp_2)
                                 -0.039110   -0.039110   library hold time
                                             -0.039110   data required time
---------------------------------------------------------------------------------------------
                                             -0.039110   data required time
                                             -0.592884   data arrival time
---------------------------------------------------------------------------------------------
                                              0.631994   slack (MET)


Startpoint: _3675_ (rising edge-triggered flip-flop clocked by clk)
Endpoint: _3674_ (rising edge-triggered flip-flop clocked by clk)
Path Group: clk
Path Type: min

Fanout         Cap        Slew       Delay        Time   Description
---------------------------------------------------------------------------------------------
                      0.000000    0.000000    0.000000   clock clk (rise edge)
                                  0.000000    0.000000   clock network delay (ideal)
                      0.000000    0.000000    0.000000 ^ _3675_/CLK (sky130_fd_sc_hd__dfrtp_2)
    24    0.070802    0.186567    0.522039    0.522039 v _3675_/Q (sky130_fd_sc_hd__dfrtp_2)
                                                         addsub_unit.reg2en.q[0] (net)
                      0.186567    0.000000    0.522039 v _3674_/D (sky130_fd_sc_hd__dfrtp_2)
                                              0.522039   data arrival time

                      0.000000    0.000000    0.000000   clock clk (rise edge)
                                  0.000000    0.000000   clock network delay (ideal)
                                  0.000000    0.000000   clock reconvergence pessimism
                                              0.000000 ^ _3674_/CLK (sky130_fd_sc_hd__dfrtp_2)
                                 -0.110046   -0.110046   library hold time
                                             -0.110046   data required time
---------------------------------------------------------------------------------------------
                                             -0.110046   data required time
                                             -0.522039   data arrival time
---------------------------------------------------------------------------------------------
                                              0.632085   slack (MET)


Startpoint: _3840_ (rising edge-triggered flip-flop clocked by clk)
Endpoint: _3840_ (rising edge-triggered flip-flop clocked by clk)
Path Group: clk
Path Type: min

Fanout         Cap        Slew       Delay        Time   Description
---------------------------------------------------------------------------------------------
                      0.000000    0.000000    0.000000   clock clk (rise edge)
                                  0.000000    0.000000   clock network delay (ideal)
                      0.000000    0.000000    0.000000 ^ _3840_/CLK (sky130_fd_sc_hd__dfrtp_2)
     5    0.017015    0.101074    0.374155    0.374155 ^ _3840_/Q (sky130_fd_sc_hd__dfrtp_2)
                                                         mul_unit.reg_a_out[8] (net)
                      0.101074    0.000000    0.374155 ^ _2351_/A1 (sky130_fd_sc_hd__mux2_2)
     1    0.002191    0.034749    0.148783    0.522937 ^ _2351_/X (sky130_fd_sc_hd__mux2_2)
                                                         _1721_ (net)
                      0.034749    0.000000    0.522937 ^ _2352_/A (sky130_fd_sc_hd__buf_1)
     1    0.002005    0.036760    0.070542    0.593480 ^ _2352_/X (sky130_fd_sc_hd__buf_1)
                                                         _0376_ (net)
                      0.036760    0.000000    0.593480 ^ _3840_/D (sky130_fd_sc_hd__dfrtp_2)
                                              0.593480   data arrival time

                      0.000000    0.000000    0.000000   clock clk (rise edge)
                                  0.000000    0.000000   clock network delay (ideal)
                                  0.000000    0.000000   clock reconvergence pessimism
                                              0.000000 ^ _3840_/CLK (sky130_fd_sc_hd__dfrtp_2)
                                 -0.039110   -0.039110   library hold time
                                             -0.039110   data required time
---------------------------------------------------------------------------------------------
                                             -0.039110   data required time
                                             -0.593480   data arrival time
---------------------------------------------------------------------------------------------
                                              0.632590   slack (MET)


Startpoint: _3695_ (rising edge-triggered flip-flop clocked by clk)
Endpoint: _3695_ (rising edge-triggered flip-flop clocked by clk)
Path Group: clk
Path Type: min

Fanout         Cap        Slew       Delay        Time   Description
---------------------------------------------------------------------------------------------
                      0.000000    0.000000    0.000000   clock clk (rise edge)
                                  0.000000    0.000000   clock network delay (ideal)
                      0.000000    0.000000    0.000000 ^ _3695_/CLK (sky130_fd_sc_hd__dfrtp_2)
     4    0.015852    0.096058    0.370162    0.370162 ^ _3695_/Q (sky130_fd_sc_hd__dfrtp_2)
                                                         addsub_unit.op_sign_logic0.mantisa_a[6] (net)
                      0.096058    0.000000    0.370162 ^ _1834_/A0 (sky130_fd_sc_hd__mux2_2)
     1    0.001807    0.032852    0.144310    0.514472 ^ _1834_/X (sky130_fd_sc_hd__mux2_2)
                                                         _1496_ (net)
                      0.032852    0.000000    0.514472 ^ _1835_/A (sky130_fd_sc_hd__buf_2)
     1    0.002005    0.024148    0.082661    0.597134 ^ _1835_/X (sky130_fd_sc_hd__buf_2)
                                                         _0231_ (net)
                      0.024148    0.000000    0.597134 ^ _3695_/D (sky130_fd_sc_hd__dfrtp_2)
                                              0.597134   data arrival time

                      0.000000    0.000000    0.000000   clock clk (rise edge)
                                  0.000000    0.000000   clock network delay (ideal)
                                  0.000000    0.000000   clock reconvergence pessimism
                                              0.000000 ^ _3695_/CLK (sky130_fd_sc_hd__dfrtp_2)
                                 -0.036484   -0.036484   library hold time
                                             -0.036484   data required time
---------------------------------------------------------------------------------------------
                                             -0.036484   data required time
                                             -0.597134   data arrival time
---------------------------------------------------------------------------------------------
                                              0.633617   slack (MET)


Startpoint: _3785_ (rising edge-triggered flip-flop clocked by clk)
Endpoint: _3785_ (rising edge-triggered flip-flop clocked by clk)
Path Group: clk
Path Type: min

Fanout         Cap        Slew       Delay        Time   Description
---------------------------------------------------------------------------------------------
                      0.000000    0.000000    0.000000   clock clk (rise edge)
                                  0.000000    0.000000   clock network delay (ideal)
                      0.000000    0.000000    0.000000 ^ _3785_/CLK (sky130_fd_sc_hd__dfrtp_2)
     8    0.017372    0.102614    0.375380    0.375380 ^ _3785_/Q (sky130_fd_sc_hd__dfrtp_2)
                                                         mul_unit.seg_reg0.q[8] (net)
                      0.102614    0.000000    0.375380 ^ _2914_/A0 (sky130_fd_sc_hd__mux2_2)
     1    0.002191    0.034938    0.148849    0.524229 ^ _2914_/X (sky130_fd_sc_hd__mux2_2)
                                                         _0832_ (net)
                      0.034938    0.000000    0.524229 ^ _2915_/A (sky130_fd_sc_hd__buf_1)
     1    0.002005    0.036760    0.070608    0.594837 ^ _2915_/X (sky130_fd_sc_hd__buf_1)
                                                         _0321_ (net)
                      0.036760    0.000000    0.594837 ^ _3785_/D (sky130_fd_sc_hd__dfrtp_2)
                                              0.594837   data arrival time

                      0.000000    0.000000    0.000000   clock clk (rise edge)
                                  0.000000    0.000000   clock network delay (ideal)
                                  0.000000    0.000000   clock reconvergence pessimism
                                              0.000000 ^ _3785_/CLK (sky130_fd_sc_hd__dfrtp_2)
                                 -0.039110   -0.039110   library hold time
                                             -0.039110   data required time
---------------------------------------------------------------------------------------------
                                             -0.039110   data required time
                                             -0.594837   data arrival time
---------------------------------------------------------------------------------------------
                                              0.633947   slack (MET)


Startpoint: _3796_ (rising edge-triggered flip-flop clocked by clk)
Endpoint: _3796_ (rising edge-triggered flip-flop clocked by clk)
Path Group: clk
Path Type: min

Fanout         Cap        Slew       Delay        Time   Description
---------------------------------------------------------------------------------------------
                      0.000000    0.000000    0.000000   clock clk (rise edge)
                                  0.000000    0.000000   clock network delay (ideal)
                      0.000000    0.000000    0.000000 ^ _3796_/CLK (sky130_fd_sc_hd__dfrtp_2)
     4    0.017433    0.102877    0.375590    0.375590 ^ _3796_/Q (sky130_fd_sc_hd__dfrtp_2)
                                                         mul_unit.seg_reg0.q[19] (net)
                      0.102877    0.000000    0.375590 ^ _2466_/A0 (sky130_fd_sc_hd__mux2_2)
     1    0.002191    0.034938    0.148939    0.524529 ^ _2466_/X (sky130_fd_sc_hd__mux2_2)
                                                         _1792_ (net)
                      0.034938    0.000000    0.524529 ^ _2467_/A (sky130_fd_sc_hd__buf_1)
     1    0.002005    0.036760    0.070608    0.595137 ^ _2467_/X (sky130_fd_sc_hd__buf_1)
                                                         _0332_ (net)
                      0.036760    0.000000    0.595137 ^ _3796_/D (sky130_fd_sc_hd__dfrtp_2)
                                              0.595137   data arrival time

                      0.000000    0.000000    0.000000   clock clk (rise edge)
                                  0.000000    0.000000   clock network delay (ideal)
                                  0.000000    0.000000   clock reconvergence pessimism
                                              0.000000 ^ _3796_/CLK (sky130_fd_sc_hd__dfrtp_2)
                                 -0.039110   -0.039110   library hold time
                                             -0.039110   data required time
---------------------------------------------------------------------------------------------
                                             -0.039110   data required time
                                             -0.595137   data arrival time
---------------------------------------------------------------------------------------------
                                              0.634247   slack (MET)


Startpoint: _3683_ (rising edge-triggered flip-flop clocked by clk)
Endpoint: _3683_ (rising edge-triggered flip-flop clocked by clk)
Path Group: clk
Path Type: min

Fanout         Cap        Slew       Delay        Time   Description
---------------------------------------------------------------------------------------------
                      0.000000    0.000000    0.000000   clock clk (rise edge)
                                  0.000000    0.000000   clock network delay (ideal)
                      0.000000    0.000000    0.000000 ^ _3683_/CLK (sky130_fd_sc_hd__dfrtp_2)
    14    0.039117    0.196838    0.449644    0.449644 ^ _3683_/Q (sky130_fd_sc_hd__dfrtp_2)
                                                         addsub_unit.op_sign_logic0.mantisa_b[5] (net)
                      0.196838    0.000000    0.449644 ^ _1917_/B1 (sky130_fd_sc_hd__a32o_2)
     1    0.002005    0.040777    0.144783    0.594427 ^ _1917_/X (sky130_fd_sc_hd__a32o_2)
                                                         _0219_ (net)
                      0.040777    0.000000    0.594427 ^ _3683_/D (sky130_fd_sc_hd__dfrtp_2)
                                              0.594427   data arrival time

                      0.000000    0.000000    0.000000   clock clk (rise edge)
                                  0.000000    0.000000   clock network delay (ideal)
                                  0.000000    0.000000   clock reconvergence pessimism
                                              0.000000 ^ _3683_/CLK (sky130_fd_sc_hd__dfrtp_2)
                                 -0.039947   -0.039947   library hold time
                                             -0.039947   data required time
---------------------------------------------------------------------------------------------
                                             -0.039947   data required time
                                             -0.594427   data arrival time
---------------------------------------------------------------------------------------------
                                              0.634374   slack (MET)


Startpoint: _3788_ (rising edge-triggered flip-flop clocked by clk)
Endpoint: _3788_ (rising edge-triggered flip-flop clocked by clk)
Path Group: clk
Path Type: min

Fanout         Cap        Slew       Delay        Time   Description
---------------------------------------------------------------------------------------------
                      0.000000    0.000000    0.000000   clock clk (rise edge)
                                  0.000000    0.000000   clock network delay (ideal)
                      0.000000    0.000000    0.000000 ^ _3788_/CLK (sky130_fd_sc_hd__dfrtp_2)
     5    0.017634    0.103744    0.376280    0.376280 ^ _3788_/Q (sky130_fd_sc_hd__dfrtp_2)
                                                         mul_unit.seg_reg0.q[11] (net)
                      0.103744    0.000000    0.376280 ^ _2899_/A0 (sky130_fd_sc_hd__mux2_2)
     1    0.002191    0.034938    0.149238    0.525518 ^ _2899_/X (sky130_fd_sc_hd__mux2_2)
                                                         _0820_ (net)
                      0.034938    0.000000    0.525518 ^ _2900_/A (sky130_fd_sc_hd__buf_1)
     1    0.002005    0.036760    0.070608    0.596125 ^ _2900_/X (sky130_fd_sc_hd__buf_1)
                                                         _0324_ (net)
                      0.036760    0.000000    0.596125 ^ _3788_/D (sky130_fd_sc_hd__dfrtp_2)
                                              0.596125   data arrival time

                      0.000000    0.000000    0.000000   clock clk (rise edge)
                                  0.000000    0.000000   clock network delay (ideal)
                                  0.000000    0.000000   clock reconvergence pessimism
                                              0.000000 ^ _3788_/CLK (sky130_fd_sc_hd__dfrtp_2)
                                 -0.039110   -0.039110   library hold time
                                             -0.039110   data required time
---------------------------------------------------------------------------------------------
                                             -0.039110   data required time
                                             -0.596125   data arrival time
---------------------------------------------------------------------------------------------
                                              0.635236   slack (MET)


Startpoint: _3720_ (rising edge-triggered flip-flop clocked by clk)
Endpoint: _3720_ (rising edge-triggered flip-flop clocked by clk)
Path Group: clk
Path Type: min

Fanout         Cap        Slew       Delay        Time   Description
---------------------------------------------------------------------------------------------
                      0.000000    0.000000    0.000000   clock clk (rise edge)
                                  0.000000    0.000000   clock network delay (ideal)
                      0.000000    0.000000    0.000000 ^ _3720_/CLK (sky130_fd_sc_hd__dfrtp_2)
     6    0.019231    0.110633    0.381762    0.381762 ^ _3720_/Q (sky130_fd_sc_hd__dfrtp_2)
                                                         addsub_unit.add_renorm0.mantisa[1] (net)
                      0.110633    0.000000    0.381762 ^ _3483_/A0 (sky130_fd_sc_hd__mux2_2)
     1    0.002191    0.034750    0.151611    0.533373 ^ _3483_/X (sky130_fd_sc_hd__mux2_2)
                                                         _1335_ (net)
                      0.034750    0.000000    0.533373 ^ _3484_/A (sky130_fd_sc_hd__buf_1)
     1    0.002005    0.036760    0.070543    0.603916 ^ _3484_/X (sky130_fd_sc_hd__buf_1)
                                                         _0256_ (net)
                      0.036760    0.000000    0.603916 ^ _3720_/D (sky130_fd_sc_hd__dfrtp_2)
                                              0.603916   data arrival time

                      0.000000    0.000000    0.000000   clock clk (rise edge)
                                  0.000000    0.000000   clock network delay (ideal)
                                  0.000000    0.000000   clock reconvergence pessimism
                                              0.000000 ^ _3720_/CLK (sky130_fd_sc_hd__dfrtp_2)
                                 -0.039110   -0.039110   library hold time
                                             -0.039110   data required time
---------------------------------------------------------------------------------------------
                                             -0.039110   data required time
                                             -0.603916   data arrival time
---------------------------------------------------------------------------------------------
                                              0.643026   slack (MET)


Startpoint: _3841_ (rising edge-triggered flip-flop clocked by clk)
Endpoint: _3841_ (rising edge-triggered flip-flop clocked by clk)
Path Group: clk
Path Type: min

Fanout         Cap        Slew       Delay        Time   Description
---------------------------------------------------------------------------------------------
                      0.000000    0.000000    0.000000   clock clk (rise edge)
                                  0.000000    0.000000   clock network delay (ideal)
                      0.000000    0.000000    0.000000 ^ _3841_/CLK (sky130_fd_sc_hd__dfrtp_2)
     5    0.019152    0.110292    0.381491    0.381491 ^ _3841_/Q (sky130_fd_sc_hd__dfrtp_2)
                                                         mul_unit.reg_a_out[9] (net)
                      0.110292    0.000000    0.381491 ^ _2349_/A1 (sky130_fd_sc_hd__mux2_2)
     1    0.002191    0.034749    0.151966    0.533457 ^ _2349_/X (sky130_fd_sc_hd__mux2_2)
                                                         _1720_ (net)
                      0.034749    0.000000    0.533457 ^ _2350_/A (sky130_fd_sc_hd__buf_1)
     1    0.002005    0.036760    0.070542    0.603999 ^ _2350_/X (sky130_fd_sc_hd__buf_1)
                                                         _0377_ (net)
                      0.036760    0.000000    0.603999 ^ _3841_/D (sky130_fd_sc_hd__dfrtp_2)
                                              0.603999   data arrival time

                      0.000000    0.000000    0.000000   clock clk (rise edge)
                                  0.000000    0.000000   clock network delay (ideal)
                                  0.000000    0.000000   clock reconvergence pessimism
                                              0.000000 ^ _3841_/CLK (sky130_fd_sc_hd__dfrtp_2)
                                 -0.039110   -0.039110   library hold time
                                             -0.039110   data required time
---------------------------------------------------------------------------------------------
                                             -0.039110   data required time
                                             -0.603999   data arrival time
---------------------------------------------------------------------------------------------
                                              0.643110   slack (MET)


Startpoint: _3843_ (rising edge-triggered flip-flop clocked by clk)
Endpoint: _3843_ (rising edge-triggered flip-flop clocked by clk)
Path Group: clk
Path Type: min

Fanout         Cap        Slew       Delay        Time   Description
---------------------------------------------------------------------------------------------
                      0.000000    0.000000    0.000000   clock clk (rise edge)
                                  0.000000    0.000000   clock network delay (ideal)
                      0.000000    0.000000    0.000000 ^ _3843_/CLK (sky130_fd_sc_hd__dfrtp_2)
     5    0.019526    0.111905    0.382775    0.382775 ^ _3843_/Q (sky130_fd_sc_hd__dfrtp_2)
                                                         mul_unit.reg_a_out[11] (net)
                      0.111905    0.000000    0.382775 ^ _2345_/A1 (sky130_fd_sc_hd__mux2_2)
     1    0.002191    0.034749    0.152523    0.535298 ^ _2345_/X (sky130_fd_sc_hd__mux2_2)
                                                         _1718_ (net)
                      0.034749    0.000000    0.535298 ^ _2346_/A (sky130_fd_sc_hd__buf_1)
     1    0.002005    0.036760    0.070542    0.605841 ^ _2346_/X (sky130_fd_sc_hd__buf_1)
                                                         _0379_ (net)
                      0.036760    0.000000    0.605841 ^ _3843_/D (sky130_fd_sc_hd__dfrtp_2)
                                              0.605841   data arrival time

                      0.000000    0.000000    0.000000   clock clk (rise edge)
                                  0.000000    0.000000   clock network delay (ideal)
                                  0.000000    0.000000   clock reconvergence pessimism
                                              0.000000 ^ _3843_/CLK (sky130_fd_sc_hd__dfrtp_2)
                                 -0.039110   -0.039110   library hold time
                                             -0.039110   data required time
---------------------------------------------------------------------------------------------
                                             -0.039110   data required time
                                             -0.605841   data arrival time
---------------------------------------------------------------------------------------------
                                              0.644951   slack (MET)


Startpoint: _3786_ (rising edge-triggered flip-flop clocked by clk)
Endpoint: _3786_ (rising edge-triggered flip-flop clocked by clk)
Path Group: clk
Path Type: min

Fanout         Cap        Slew       Delay        Time   Description
---------------------------------------------------------------------------------------------
                      0.000000    0.000000    0.000000   clock clk (rise edge)
                                  0.000000    0.000000   clock network delay (ideal)
                      0.000000    0.000000    0.000000 ^ _3786_/CLK (sky130_fd_sc_hd__dfrtp_2)
     7    0.021864    0.121990    0.390801    0.390801 ^ _3786_/Q (sky130_fd_sc_hd__dfrtp_2)
                                                         mul_unit.seg_reg0.q[9] (net)
                      0.121990    0.000000    0.390801 ^ _2909_/A0 (sky130_fd_sc_hd__mux2_2)
     1    0.002191    0.034938    0.155523    0.546324 ^ _2909_/X (sky130_fd_sc_hd__mux2_2)
                                                         _0828_ (net)
                      0.034938    0.000000    0.546324 ^ _2910_/A (sky130_fd_sc_hd__buf_1)
     1    0.002005    0.036760    0.070608    0.616932 ^ _2910_/X (sky130_fd_sc_hd__buf_1)
                                                         _0322_ (net)
                      0.036760    0.000000    0.616932 ^ _3786_/D (sky130_fd_sc_hd__dfrtp_2)
                                              0.616932   data arrival time

                      0.000000    0.000000    0.000000   clock clk (rise edge)
                                  0.000000    0.000000   clock network delay (ideal)
                                  0.000000    0.000000   clock reconvergence pessimism
                                              0.000000 ^ _3786_/CLK (sky130_fd_sc_hd__dfrtp_2)
                                 -0.039110   -0.039110   library hold time
                                             -0.039110   data required time
---------------------------------------------------------------------------------------------
                                             -0.039110   data required time
                                             -0.616932   data arrival time
---------------------------------------------------------------------------------------------
                                              0.656042   slack (MET)


Startpoint: _3787_ (rising edge-triggered flip-flop clocked by clk)
Endpoint: _3787_ (rising edge-triggered flip-flop clocked by clk)
Path Group: clk
Path Type: min

Fanout         Cap        Slew       Delay        Time   Description
---------------------------------------------------------------------------------------------
                      0.000000    0.000000    0.000000   clock clk (rise edge)
                                  0.000000    0.000000   clock network delay (ideal)
                      0.000000    0.000000    0.000000 ^ _3787_/CLK (sky130_fd_sc_hd__dfrtp_2)
     5    0.023275    0.128076    0.395645    0.395645 ^ _3787_/Q (sky130_fd_sc_hd__dfrtp_2)
                                                         mul_unit.seg_reg0.q[10] (net)
                      0.128076    0.000000    0.395645 ^ _2905_/A0 (sky130_fd_sc_hd__mux2_2)
     1    0.002191    0.034938    0.157357    0.553002 ^ _2905_/X (sky130_fd_sc_hd__mux2_2)
                                                         _0825_ (net)
                      0.034938    0.000000    0.553002 ^ _2906_/A (sky130_fd_sc_hd__buf_1)
     1    0.002005    0.036760    0.070608    0.623609 ^ _2906_/X (sky130_fd_sc_hd__buf_1)
                                                         _0323_ (net)
                      0.036760    0.000000    0.623609 ^ _3787_/D (sky130_fd_sc_hd__dfrtp_2)
                                              0.623609   data arrival time

                      0.000000    0.000000    0.000000   clock clk (rise edge)
                                  0.000000    0.000000   clock network delay (ideal)
                                  0.000000    0.000000   clock reconvergence pessimism
                                              0.000000 ^ _3787_/CLK (sky130_fd_sc_hd__dfrtp_2)
                                 -0.039110   -0.039110   library hold time
                                             -0.039110   data required time
---------------------------------------------------------------------------------------------
                                             -0.039110   data required time
                                             -0.623609   data arrival time
---------------------------------------------------------------------------------------------
                                              0.662720   slack (MET)


Startpoint: _3724_ (rising edge-triggered flip-flop clocked by clk)
Endpoint: _3724_ (rising edge-triggered flip-flop clocked by clk)
Path Group: clk
Path Type: min

Fanout         Cap        Slew       Delay        Time   Description
---------------------------------------------------------------------------------------------
                      0.000000    0.000000    0.000000   clock clk (rise edge)
                                  0.000000    0.000000   clock network delay (ideal)
                      0.000000    0.000000    0.000000 ^ _3724_/CLK (sky130_fd_sc_hd__dfrtp_2)
     8    0.027760    0.147422    0.411042    0.411042 ^ _3724_/Q (sky130_fd_sc_hd__dfrtp_2)
                                                         addsub_unit.add_renorm0.mantisa[5] (net)
                      0.147422    0.000000    0.411042 ^ _3449_/A0 (sky130_fd_sc_hd__mux2_2)
     1    0.002191    0.034750    0.163113    0.574155 ^ _3449_/X (sky130_fd_sc_hd__mux2_2)
                                                         _1305_ (net)
                      0.034750    0.000000    0.574155 ^ _3450_/A (sky130_fd_sc_hd__buf_1)
     1    0.002005    0.036760    0.070543    0.644698 ^ _3450_/X (sky130_fd_sc_hd__buf_1)
                                                         _0260_ (net)
                      0.036760    0.000000    0.644698 ^ _3724_/D (sky130_fd_sc_hd__dfrtp_2)
                                              0.644698   data arrival time

                      0.000000    0.000000    0.000000   clock clk (rise edge)
                                  0.000000    0.000000   clock network delay (ideal)
                                  0.000000    0.000000   clock reconvergence pessimism
                                              0.000000 ^ _3724_/CLK (sky130_fd_sc_hd__dfrtp_2)
                                 -0.039110   -0.039110   library hold time
                                             -0.039110   data required time
---------------------------------------------------------------------------------------------
                                             -0.039110   data required time
                                             -0.644698   data arrival time
---------------------------------------------------------------------------------------------
                                              0.683808   slack (MET)


Startpoint: _3721_ (rising edge-triggered flip-flop clocked by clk)
Endpoint: _3721_ (rising edge-triggered flip-flop clocked by clk)
Path Group: clk
Path Type: min

Fanout         Cap        Slew       Delay        Time   Description
---------------------------------------------------------------------------------------------
                      0.000000    0.000000    0.000000   clock clk (rise edge)
                                  0.000000    0.000000   clock network delay (ideal)
                      0.000000    0.000000    0.000000 ^ _3721_/CLK (sky130_fd_sc_hd__dfrtp_2)
    12    0.028357    0.149997    0.413091    0.413091 ^ _3721_/Q (sky130_fd_sc_hd__dfrtp_2)
                                                         addsub_unit.add_renorm0.mantisa[2] (net)
                      0.149997    0.000000    0.413091 ^ _3478_/A0 (sky130_fd_sc_hd__mux2_2)
     1    0.002191    0.034750    0.163879    0.576971 ^ _3478_/X (sky130_fd_sc_hd__mux2_2)
                                                         _1331_ (net)
                      0.034750    0.000000    0.576971 ^ _3479_/A (sky130_fd_sc_hd__buf_1)
     1    0.002005    0.036760    0.070543    0.647513 ^ _3479_/X (sky130_fd_sc_hd__buf_1)
                                                         _0257_ (net)
                      0.036760    0.000000    0.647513 ^ _3721_/D (sky130_fd_sc_hd__dfrtp_2)
                                              0.647513   data arrival time

                      0.000000    0.000000    0.000000   clock clk (rise edge)
                                  0.000000    0.000000   clock network delay (ideal)
                                  0.000000    0.000000   clock reconvergence pessimism
                                              0.000000 ^ _3721_/CLK (sky130_fd_sc_hd__dfrtp_2)
                                 -0.039110   -0.039110   library hold time
                                             -0.039110   data required time
---------------------------------------------------------------------------------------------
                                             -0.039110   data required time
                                             -0.647513   data arrival time
---------------------------------------------------------------------------------------------
                                              0.686624   slack (MET)


Startpoint: _3676_ (rising edge-triggered flip-flop clocked by clk)
Endpoint: _3675_ (rising edge-triggered flip-flop clocked by clk)
Path Group: clk
Path Type: min

Fanout         Cap        Slew       Delay        Time   Description
---------------------------------------------------------------------------------------------
                      0.000000    0.000000    0.000000   clock clk (rise edge)
                                  0.000000    0.000000   clock network delay (ideal)
                      0.000000    0.000000    0.000000 ^ _3676_/CLK (sky130_fd_sc_hd__dfrtp_2)
    35    0.095627    0.237362    0.567465    0.567465 v _3676_/Q (sky130_fd_sc_hd__dfrtp_2)
                                                         addsub_unit.reg1en.q[0] (net)
                      0.237362    0.000000    0.567465 v _3675_/D (sky130_fd_sc_hd__dfrtp_2)
                                              0.567465   data arrival time

                      0.000000    0.000000    0.000000   clock clk (rise edge)
                                  0.000000    0.000000   clock network delay (ideal)
                                  0.000000    0.000000   clock reconvergence pessimism
                                              0.000000 ^ _3675_/CLK (sky130_fd_sc_hd__dfrtp_2)
                                 -0.130737   -0.130737   library hold time
                                             -0.130737   data required time
---------------------------------------------------------------------------------------------
                                             -0.130737   data required time
                                             -0.567465   data arrival time
---------------------------------------------------------------------------------------------
                                              0.698203   slack (MET)


Startpoint: _3698_ (rising edge-triggered flip-flop clocked by clk)
Endpoint: _3698_ (rising edge-triggered flip-flop clocked by clk)
Path Group: clk
Path Type: min

Fanout         Cap        Slew       Delay        Time   Description
---------------------------------------------------------------------------------------------
                      0.000000    0.000000    0.000000   clock clk (rise edge)
                                  0.000000    0.000000   clock network delay (ideal)
                      0.000000    0.000000    0.000000 ^ _3698_/CLK (sky130_fd_sc_hd__dfrtp_2)
    11    0.032371    0.167311    0.426871    0.426871 ^ _3698_/Q (sky130_fd_sc_hd__dfrtp_2)
                                                         addsub_unit.op_sign_logic0.mantisa_a[9] (net)
                      0.167311    0.000000    0.426871 ^ _3637_/A0 (sky130_fd_sc_hd__mux2_2)
     1    0.002191    0.034756    0.169031    0.595903 ^ _3637_/X (sky130_fd_sc_hd__mux2_2)
                                                         _1467_ (net)
                      0.034756    0.000000    0.595903 ^ _3638_/A (sky130_fd_sc_hd__buf_1)
     1    0.002005    0.036760    0.070545    0.666447 ^ _3638_/X (sky130_fd_sc_hd__buf_1)
                                                         _0234_ (net)
                      0.036760    0.000000    0.666447 ^ _3698_/D (sky130_fd_sc_hd__dfrtp_2)
                                              0.666447   data arrival time

                      0.000000    0.000000    0.000000   clock clk (rise edge)
                                  0.000000    0.000000   clock network delay (ideal)
                                  0.000000    0.000000   clock reconvergence pessimism
                                              0.000000 ^ _3698_/CLK (sky130_fd_sc_hd__dfrtp_2)
                                 -0.039110   -0.039110   library hold time
                                             -0.039110   data required time
---------------------------------------------------------------------------------------------
                                             -0.039110   data required time
                                             -0.666447   data arrival time
---------------------------------------------------------------------------------------------
                                              0.705557   slack (MET)


Startpoint: _3754_ (rising edge-triggered flip-flop clocked by clk)
Endpoint: _3679_ (rising edge-triggered flip-flop clocked by clk)
Path Group: clk
Path Type: min

Fanout         Cap        Slew       Delay        Time   Description
---------------------------------------------------------------------------------------------
                      0.000000    0.000000    0.000000   clock clk (rise edge)
                                  0.000000    0.000000   clock network delay (ideal)
                      0.000000    0.000000    0.000000 ^ _3754_/CLK (sky130_fd_sc_hd__dfrtp_2)
    11    0.025256    0.136621    0.402446    0.402446 ^ _3754_/Q (sky130_fd_sc_hd__dfrtp_2)
                                                         addsub_unit.exp_mant_logic0.b[5] (net)
                      0.136621    0.000000    0.402446 ^ _1944_/A1 (sky130_fd_sc_hd__a211o_2)
     1    0.002507    0.025186    0.139565    0.542011 ^ _1944_/X (sky130_fd_sc_hd__a211o_2)
                                                         _1590_ (net)
                      0.025186    0.000000    0.542011 ^ _1946_/A3 (sky130_fd_sc_hd__a31o_2)
     1    0.002005    0.028418    0.132792    0.674803 ^ _1946_/X (sky130_fd_sc_hd__a31o_2)
                                                         _0215_ (net)
                      0.028418    0.000000    0.674803 ^ _3679_/D (sky130_fd_sc_hd__dfrtp_2)
                                              0.674803   data arrival time

                      0.000000    0.000000    0.000000   clock clk (rise edge)
                                  0.000000    0.000000   clock network delay (ideal)
                                  0.000000    0.000000   clock reconvergence pessimism
                                              0.000000 ^ _3679_/CLK (sky130_fd_sc_hd__dfrtp_2)
                                 -0.037373   -0.037373   library hold time
                                             -0.037373   data required time
---------------------------------------------------------------------------------------------
                                             -0.037373   data required time
                                             -0.674803   data arrival time
---------------------------------------------------------------------------------------------
                                              0.712176   slack (MET)


Startpoint: _3729_ (rising edge-triggered flip-flop clocked by clk)
Endpoint: _3729_ (rising edge-triggered flip-flop clocked by clk)
Path Group: clk
Path Type: min

Fanout         Cap        Slew       Delay        Time   Description
---------------------------------------------------------------------------------------------
                      0.000000    0.000000    0.000000   clock clk (rise edge)
                                  0.000000    0.000000   clock network delay (ideal)
                      0.000000    0.000000    0.000000 ^ _3729_/CLK (sky130_fd_sc_hd__dfrtp_2)
    20    0.055169    0.269882    0.501323    0.501323 ^ _3729_/Q (sky130_fd_sc_hd__dfrtp_2)
                                                         addsub_unit.add_renorm0.mantisa[10] (net)
                      0.269882    0.000000    0.501323 ^ _3398_/A2 (sky130_fd_sc_hd__a22o_2)
     1    0.002005    0.031392    0.188083    0.689406 ^ _3398_/X (sky130_fd_sc_hd__a22o_2)
                                                         _0265_ (net)
                      0.031392    0.000000    0.689406 ^ _3729_/D (sky130_fd_sc_hd__dfrtp_2)
                                              0.689406   data arrival time

                      0.000000    0.000000    0.000000   clock clk (rise edge)
                                  0.000000    0.000000   clock network delay (ideal)
                                  0.000000    0.000000   clock reconvergence pessimism
                                              0.000000 ^ _3729_/CLK (sky130_fd_sc_hd__dfrtp_2)
                                 -0.037992   -0.037992   library hold time
                                             -0.037992   data required time
---------------------------------------------------------------------------------------------
                                             -0.037992   data required time
                                             -0.689406   data arrival time
---------------------------------------------------------------------------------------------
                                              0.727398   slack (MET)


Startpoint: _3792_ (rising edge-triggered flip-flop clocked by clk)
Endpoint: _3792_ (rising edge-triggered flip-flop clocked by clk)
Path Group: clk
Path Type: min

Fanout         Cap        Slew       Delay        Time   Description
---------------------------------------------------------------------------------------------
                      0.000000    0.000000    0.000000   clock clk (rise edge)
                                  0.000000    0.000000   clock network delay (ideal)
                      0.000000    0.000000    0.000000 ^ _3792_/CLK (sky130_fd_sc_hd__dfrtp_2)
    18    0.058400    0.284585    0.511725    0.511725 ^ _3792_/Q (sky130_fd_sc_hd__dfrtp_2)
                                                         mul_unit.seg_reg0.q[15] (net)
                      0.284585    0.000000    0.511725 ^ _2854_/A2 (sky130_fd_sc_hd__o22a_2)
     1    0.002005    0.027868    0.178439    0.690163 ^ _2854_/X (sky130_fd_sc_hd__o22a_2)
                                                         _0328_ (net)
                      0.027868    0.000000    0.690163 ^ _3792_/D (sky130_fd_sc_hd__dfrtp_2)
                                              0.690163   data arrival time

                      0.000000    0.000000    0.000000   clock clk (rise edge)
                                  0.000000    0.000000   clock network delay (ideal)
                                  0.000000    0.000000   clock reconvergence pessimism
                                              0.000000 ^ _3792_/CLK (sky130_fd_sc_hd__dfrtp_2)
                                 -0.037258   -0.037258   library hold time
                                             -0.037258   data required time
---------------------------------------------------------------------------------------------
                                             -0.037258   data required time
                                             -0.690163   data arrival time
---------------------------------------------------------------------------------------------
                                              0.727422   slack (MET)


Startpoint: _3732_ (rising edge-triggered flip-flop clocked by clk)
Endpoint: _3732_ (rising edge-triggered flip-flop clocked by clk)
Path Group: clk
Path Type: min

Fanout         Cap        Slew       Delay        Time   Description
---------------------------------------------------------------------------------------------
                      0.000000    0.000000    0.000000   clock clk (rise edge)
                                  0.000000    0.000000   clock network delay (ideal)
                      0.000000    0.000000    0.000000 ^ _3732_/CLK (sky130_fd_sc_hd__dfrtp_2)
    13    0.038863    0.195682    0.448826    0.448826 ^ _3732_/Q (sky130_fd_sc_hd__dfrtp_2)
                                                         addsub_unit.seg_reg1.q[21] (net)
                      0.195682    0.000000    0.448826 ^ _3296_/A0 (sky130_fd_sc_hd__mux2_2)
     1    0.002191    0.034750    0.177473    0.626300 ^ _3296_/X (sky130_fd_sc_hd__mux2_2)
                                                         _1160_ (net)
                      0.034750    0.000000    0.626300 ^ _3297_/A (sky130_fd_sc_hd__buf_1)
     1    0.002005    0.036760    0.070543    0.696842 ^ _3297_/X (sky130_fd_sc_hd__buf_1)
                                                         _0268_ (net)
                      0.036760    0.000000    0.696842 ^ _3732_/D (sky130_fd_sc_hd__dfrtp_2)
                                              0.696842   data arrival time

                      0.000000    0.000000    0.000000   clock clk (rise edge)
                                  0.000000    0.000000   clock network delay (ideal)
                                  0.000000    0.000000   clock reconvergence pessimism
                                              0.000000 ^ _3732_/CLK (sky130_fd_sc_hd__dfrtp_2)
                                 -0.039110   -0.039110   library hold time
                                             -0.039110   data required time
---------------------------------------------------------------------------------------------
                                             -0.039110   data required time
                                             -0.696842   data arrival time
---------------------------------------------------------------------------------------------
                                              0.735953   slack (MET)


Startpoint: _3725_ (rising edge-triggered flip-flop clocked by clk)
Endpoint: _3725_ (rising edge-triggered flip-flop clocked by clk)
Path Group: clk
Path Type: min

Fanout         Cap        Slew       Delay        Time   Description
---------------------------------------------------------------------------------------------
                      0.000000    0.000000    0.000000   clock clk (rise edge)
                                  0.000000    0.000000   clock network delay (ideal)
                      0.000000    0.000000    0.000000 ^ _3725_/CLK (sky130_fd_sc_hd__dfrtp_2)
     6    0.039908    0.200437    0.452191    0.452191 ^ _3725_/Q (sky130_fd_sc_hd__dfrtp_2)
                                                         addsub_unit.add_renorm0.mantisa[6] (net)
                      0.200437    0.000000    0.452191 ^ _3440_/A0 (sky130_fd_sc_hd__mux2_2)
     1    0.002191    0.034750    0.178888    0.631079 ^ _3440_/X (sky130_fd_sc_hd__mux2_2)
                                                         _1297_ (net)
                      0.034750    0.000000    0.631079 ^ _3441_/A (sky130_fd_sc_hd__buf_1)
     1    0.002005    0.036760    0.070543    0.701622 ^ _3441_/X (sky130_fd_sc_hd__buf_1)
                                                         _0261_ (net)
                      0.036760    0.000000    0.701622 ^ _3725_/D (sky130_fd_sc_hd__dfrtp_2)
                                              0.701622   data arrival time

                      0.000000    0.000000    0.000000   clock clk (rise edge)
                                  0.000000    0.000000   clock network delay (ideal)
                                  0.000000    0.000000   clock reconvergence pessimism
                                              0.000000 ^ _3725_/CLK (sky130_fd_sc_hd__dfrtp_2)
                                 -0.039110   -0.039110   library hold time
                                             -0.039110   data required time
---------------------------------------------------------------------------------------------
                                             -0.039110   data required time
                                             -0.701622   data arrival time
---------------------------------------------------------------------------------------------
                                              0.740732   slack (MET)


Startpoint: _3723_ (rising edge-triggered flip-flop clocked by clk)
Endpoint: _3723_ (rising edge-triggered flip-flop clocked by clk)
Path Group: clk
Path Type: min

Fanout         Cap        Slew       Delay        Time   Description
---------------------------------------------------------------------------------------------
                      0.000000    0.000000    0.000000   clock clk (rise edge)
                                  0.000000    0.000000   clock network delay (ideal)
                      0.000000    0.000000    0.000000 ^ _3723_/CLK (sky130_fd_sc_hd__dfrtp_2)
    12    0.042343    0.211518    0.460030    0.460030 ^ _3723_/Q (sky130_fd_sc_hd__dfrtp_2)
                                                         addsub_unit.add_renorm0.mantisa[4] (net)
                      0.211518    0.000000    0.460030 ^ _3456_/A0 (sky130_fd_sc_hd__mux2_2)
     1    0.002191    0.034750    0.182185    0.642215 ^ _3456_/X (sky130_fd_sc_hd__mux2_2)
                                                         _1311_ (net)
                      0.034750    0.000000    0.642215 ^ _3457_/A (sky130_fd_sc_hd__buf_1)
     1    0.002005    0.036760    0.070543    0.712758 ^ _3457_/X (sky130_fd_sc_hd__buf_1)
                                                         _0259_ (net)
                      0.036760    0.000000    0.712758 ^ _3723_/D (sky130_fd_sc_hd__dfrtp_2)
                                              0.712758   data arrival time

                      0.000000    0.000000    0.000000   clock clk (rise edge)
                                  0.000000    0.000000   clock network delay (ideal)
                                  0.000000    0.000000   clock reconvergence pessimism
                                              0.000000 ^ _3723_/CLK (sky130_fd_sc_hd__dfrtp_2)
                                 -0.039110   -0.039110   library hold time
                                             -0.039110   data required time
---------------------------------------------------------------------------------------------
                                             -0.039110   data required time
                                             -0.712758   data arrival time
---------------------------------------------------------------------------------------------
                                              0.751868   slack (MET)


Startpoint: _3726_ (rising edge-triggered flip-flop clocked by clk)
Endpoint: _3726_ (rising edge-triggered flip-flop clocked by clk)
Path Group: clk
Path Type: min

Fanout         Cap        Slew       Delay        Time   Description
---------------------------------------------------------------------------------------------
                      0.000000    0.000000    0.000000   clock clk (rise edge)
                                  0.000000    0.000000   clock network delay (ideal)
                      0.000000    0.000000    0.000000 ^ _3726_/CLK (sky130_fd_sc_hd__dfrtp_2)
    15    0.042786    0.213534    0.461456    0.461456 ^ _3726_/Q (sky130_fd_sc_hd__dfrtp_2)
                                                         addsub_unit.add_renorm0.mantisa[7] (net)
                      0.213534    0.000000    0.461456 ^ _3432_/A0 (sky130_fd_sc_hd__mux2_2)
     1    0.002191    0.034750    0.182785    0.644241 ^ _3432_/X (sky130_fd_sc_hd__mux2_2)
                                                         _1290_ (net)
                      0.034750    0.000000    0.644241 ^ _3433_/A (sky130_fd_sc_hd__buf_1)
     1    0.002005    0.036760    0.070543    0.714784 ^ _3433_/X (sky130_fd_sc_hd__buf_1)
                                                         _0262_ (net)
                      0.036760    0.000000    0.714784 ^ _3726_/D (sky130_fd_sc_hd__dfrtp_2)
                                              0.714784   data arrival time

                      0.000000    0.000000    0.000000   clock clk (rise edge)
                                  0.000000    0.000000   clock network delay (ideal)
                                  0.000000    0.000000   clock reconvergence pessimism
                                              0.000000 ^ _3726_/CLK (sky130_fd_sc_hd__dfrtp_2)
                                 -0.039110   -0.039110   library hold time
                                             -0.039110   data required time
---------------------------------------------------------------------------------------------
                                             -0.039110   data required time
                                             -0.714784   data arrival time
---------------------------------------------------------------------------------------------
                                              0.753894   slack (MET)


Startpoint: _3848_ (rising edge-triggered flip-flop clocked by clk)
Endpoint: _3848_ (rising edge-triggered flip-flop clocked by clk)
Path Group: clk
Path Type: min

Fanout         Cap        Slew       Delay        Time   Description
---------------------------------------------------------------------------------------------
                      0.000000    0.000000    0.000000   clock clk (rise edge)
                                  0.000000    0.000000   clock network delay (ideal)
                      0.000000    0.000000    0.000000 ^ _3848_/CLK (sky130_fd_sc_hd__dfrtp_2)
    15    0.049619    0.244627    0.483455    0.483455 ^ _3848_/Q (sky130_fd_sc_hd__dfrtp_2)
                                                         mul_unit.reg_b_out[0] (net)
                      0.244627    0.000000    0.483455 ^ _2334_/A1 (sky130_fd_sc_hd__mux2_2)
     1    0.002191    0.034749    0.193150    0.676604 ^ _2334_/X (sky130_fd_sc_hd__mux2_2)
                                                         _1712_ (net)
                      0.034749    0.000000    0.676604 ^ _2335_/A (sky130_fd_sc_hd__buf_1)
     1    0.002005    0.036760    0.070542    0.747147 ^ _2335_/X (sky130_fd_sc_hd__buf_1)
                                                         _0384_ (net)
                      0.036760    0.000000    0.747147 ^ _3848_/D (sky130_fd_sc_hd__dfrtp_2)
                                              0.747147   data arrival time

                      0.000000    0.000000    0.000000   clock clk (rise edge)
                                  0.000000    0.000000   clock network delay (ideal)
                                  0.000000    0.000000   clock reconvergence pessimism
                                              0.000000 ^ _3848_/CLK (sky130_fd_sc_hd__dfrtp_2)
                                 -0.039110   -0.039110   library hold time
                                             -0.039110   data required time
---------------------------------------------------------------------------------------------
                                             -0.039110   data required time
                                             -0.747147   data arrival time
---------------------------------------------------------------------------------------------
                                              0.786257   slack (MET)


Startpoint: _3849_ (rising edge-triggered flip-flop clocked by clk)
Endpoint: _3849_ (rising edge-triggered flip-flop clocked by clk)
Path Group: clk
Path Type: min

Fanout         Cap        Slew       Delay        Time   Description
---------------------------------------------------------------------------------------------
                      0.000000    0.000000    0.000000   clock clk (rise edge)
                                  0.000000    0.000000   clock network delay (ideal)
                      0.000000    0.000000    0.000000 ^ _3849_/CLK (sky130_fd_sc_hd__dfrtp_2)
    16    0.051664    0.253933    0.490038    0.490038 ^ _3849_/Q (sky130_fd_sc_hd__dfrtp_2)
                                                         mul_unit.reg_b_out[1] (net)
                      0.253933    0.000000    0.490038 ^ _2332_/A1 (sky130_fd_sc_hd__mux2_2)
     1    0.002191    0.034749    0.195967    0.686005 ^ _2332_/X (sky130_fd_sc_hd__mux2_2)
                                                         _1711_ (net)
                      0.034749    0.000000    0.686005 ^ _2333_/A (sky130_fd_sc_hd__buf_1)
     1    0.002005    0.036760    0.070542    0.756548 ^ _2333_/X (sky130_fd_sc_hd__buf_1)
                                                         _0385_ (net)
                      0.036760    0.000000    0.756548 ^ _3849_/D (sky130_fd_sc_hd__dfrtp_2)
                                              0.756548   data arrival time

                      0.000000    0.000000    0.000000   clock clk (rise edge)
                                  0.000000    0.000000   clock network delay (ideal)
                                  0.000000    0.000000   clock reconvergence pessimism
                                              0.000000 ^ _3849_/CLK (sky130_fd_sc_hd__dfrtp_2)
                                 -0.039110   -0.039110   library hold time
                                             -0.039110   data required time
---------------------------------------------------------------------------------------------
                                             -0.039110   data required time
                                             -0.756548   data arrival time
---------------------------------------------------------------------------------------------
                                              0.795658   slack (MET)


Startpoint: _3722_ (rising edge-triggered flip-flop clocked by clk)
Endpoint: _3722_ (rising edge-triggered flip-flop clocked by clk)
Path Group: clk
Path Type: min

Fanout         Cap        Slew       Delay        Time   Description
---------------------------------------------------------------------------------------------
                      0.000000    0.000000    0.000000   clock clk (rise edge)
                                  0.000000    0.000000   clock network delay (ideal)
                      0.000000    0.000000    0.000000 ^ _3722_/CLK (sky130_fd_sc_hd__dfrtp_2)
    21    0.055085    0.269500    0.501052    0.501052 ^ _3722_/Q (sky130_fd_sc_hd__dfrtp_2)
                                                         addsub_unit.add_renorm0.mantisa[3] (net)
                      0.269500    0.000000    0.501052 ^ _3464_/A0 (sky130_fd_sc_hd__mux2_2)
     1    0.002191    0.034750    0.199438    0.700490 ^ _3464_/X (sky130_fd_sc_hd__mux2_2)
                                                         _1318_ (net)
                      0.034750    0.000000    0.700490 ^ _3465_/A (sky130_fd_sc_hd__buf_1)
     1    0.002005    0.036760    0.070543    0.771033 ^ _3465_/X (sky130_fd_sc_hd__buf_1)
                                                         _0258_ (net)
                      0.036760    0.000000    0.771033 ^ _3722_/D (sky130_fd_sc_hd__dfrtp_2)
                                              0.771033   data arrival time

                      0.000000    0.000000    0.000000   clock clk (rise edge)
                                  0.000000    0.000000   clock network delay (ideal)
                                  0.000000    0.000000   clock reconvergence pessimism
                                              0.000000 ^ _3722_/CLK (sky130_fd_sc_hd__dfrtp_2)
                                 -0.039110   -0.039110   library hold time
                                             -0.039110   data required time
---------------------------------------------------------------------------------------------
                                             -0.039110   data required time
                                             -0.771033   data arrival time
---------------------------------------------------------------------------------------------
                                              0.810143   slack (MET)


Startpoint: _3728_ (rising edge-triggered flip-flop clocked by clk)
Endpoint: _3728_ (rising edge-triggered flip-flop clocked by clk)
Path Group: clk
Path Type: min

Fanout         Cap        Slew       Delay        Time   Description
---------------------------------------------------------------------------------------------
                      0.000000    0.000000    0.000000   clock clk (rise edge)
                                  0.000000    0.000000   clock network delay (ideal)
                      0.000000    0.000000    0.000000 ^ _3728_/CLK (sky130_fd_sc_hd__dfrtp_2)
    23    0.064721    0.313348    0.532075    0.532075 ^ _3728_/Q (sky130_fd_sc_hd__dfrtp_2)
                                                         addsub_unit.add_renorm0.mantisa[9] (net)
                      0.313348    0.000000    0.532075 ^ _3414_/A0 (sky130_fd_sc_hd__mux2_2)
     1    0.002191    0.034750    0.208561    0.740635 ^ _3414_/X (sky130_fd_sc_hd__mux2_2)
                                                         _1274_ (net)
                      0.034750    0.000000    0.740635 ^ _3415_/A (sky130_fd_sc_hd__buf_1)
     1    0.002005    0.036760    0.070543    0.811178 ^ _3415_/X (sky130_fd_sc_hd__buf_1)
                                                         _0264_ (net)
                      0.036760    0.000000    0.811178 ^ _3728_/D (sky130_fd_sc_hd__dfrtp_2)
                                              0.811178   data arrival time

                      0.000000    0.000000    0.000000   clock clk (rise edge)
                                  0.000000    0.000000   clock network delay (ideal)
                                  0.000000    0.000000   clock reconvergence pessimism
                                              0.000000 ^ _3728_/CLK (sky130_fd_sc_hd__dfrtp_2)
                                 -0.039110   -0.039110   library hold time
                                             -0.039110   data required time
---------------------------------------------------------------------------------------------
                                             -0.039110   data required time
                                             -0.811178   data arrival time
---------------------------------------------------------------------------------------------
                                              0.850288   slack (MET)


Startpoint: _3850_ (rising edge-triggered flip-flop clocked by clk)
Endpoint: _3850_ (rising edge-triggered flip-flop clocked by clk)
Path Group: clk
Path Type: min

Fanout         Cap        Slew       Delay        Time   Description
---------------------------------------------------------------------------------------------
                      0.000000    0.000000    0.000000   clock clk (rise edge)
                                  0.000000    0.000000   clock network delay (ideal)
                      0.000000    0.000000    0.000000 ^ _3850_/CLK (sky130_fd_sc_hd__dfrtp_2)
    21    0.069758    0.336269    0.548291    0.548291 ^ _3850_/Q (sky130_fd_sc_hd__dfrtp_2)
                                                         mul_unit.reg_b_out[2] (net)
                      0.336269    0.000000    0.548291 ^ _2330_/A1 (sky130_fd_sc_hd__mux2_2)
     1    0.002191    0.034749    0.213848    0.762139 ^ _2330_/X (sky130_fd_sc_hd__mux2_2)
                                                         _1710_ (net)
                      0.034749    0.000000    0.762139 ^ _2331_/A (sky130_fd_sc_hd__buf_1)
     1    0.002005    0.036760    0.070542    0.832681 ^ _2331_/X (sky130_fd_sc_hd__buf_1)
                                                         _0386_ (net)
                      0.036760    0.000000    0.832681 ^ _3850_/D (sky130_fd_sc_hd__dfrtp_2)
                                              0.832681   data arrival time

                      0.000000    0.000000    0.000000   clock clk (rise edge)
                                  0.000000    0.000000   clock network delay (ideal)
                                  0.000000    0.000000   clock reconvergence pessimism
                                              0.000000 ^ _3850_/CLK (sky130_fd_sc_hd__dfrtp_2)
                                 -0.039110   -0.039110   library hold time
                                             -0.039110   data required time
---------------------------------------------------------------------------------------------
                                             -0.039110   data required time
                                             -0.832681   data arrival time
---------------------------------------------------------------------------------------------
                                              0.871791   slack (MET)


Startpoint: _3697_ (rising edge-triggered flip-flop clocked by clk)
Endpoint: _3727_ (rising edge-triggered flip-flop clocked by clk)
Path Group: clk
Path Type: min

Fanout         Cap        Slew       Delay        Time   Description
---------------------------------------------------------------------------------------------
                      0.000000    0.000000    0.000000   clock clk (rise edge)
                                  0.000000    0.000000   clock network delay (ideal)
                      0.000000    0.000000    0.000000 ^ _3697_/CLK (sky130_fd_sc_hd__dfrtp_2)
     5    0.015336    0.093832    0.368391    0.368391 ^ _3697_/Q (sky130_fd_sc_hd__dfrtp_2)
                                                         addsub_unit.op_sign_logic0.mantisa_a[8] (net)
                      0.093832    0.000000    0.368391 ^ _3300_/B (sky130_fd_sc_hd__nand2b_2)
     4    0.013200    0.069442    0.092781    0.461171 v _3300_/Y (sky130_fd_sc_hd__nand2b_2)
                                                         _1163_ (net)
                      0.069442    0.000000    0.461171 v _3339_/A (sky130_fd_sc_hd__nand2_2)
     2    0.010509    0.067670    0.085563    0.546734 ^ _3339_/Y (sky130_fd_sc_hd__nand2_2)
                                                         _1202_ (net)
                      0.067670    0.000000    0.546734 ^ _3420_/A (sky130_fd_sc_hd__xnor2_2)
     1    0.001785    0.029960    0.099936    0.646671 ^ _3420_/Y (sky130_fd_sc_hd__xnor2_2)
                                                         _1279_ (net)
                      0.029960    0.000000    0.646671 ^ _3421_/A1 (sky130_fd_sc_hd__mux2_2)
     1    0.002191    0.034750    0.124434    0.771105 ^ _3421_/X (sky130_fd_sc_hd__mux2_2)
                                                         _1280_ (net)
                      0.034750    0.000000    0.771105 ^ _3422_/A (sky130_fd_sc_hd__buf_1)
     1    0.002005    0.036760    0.070543    0.841647 ^ _3422_/X (sky130_fd_sc_hd__buf_1)
                                                         _0263_ (net)
                      0.036760    0.000000    0.841647 ^ _3727_/D (sky130_fd_sc_hd__dfrtp_2)
                                              0.841647   data arrival time

                      0.000000    0.000000    0.000000   clock clk (rise edge)
                                  0.000000    0.000000   clock network delay (ideal)
                                  0.000000    0.000000   clock reconvergence pessimism
                                              0.000000 ^ _3727_/CLK (sky130_fd_sc_hd__dfrtp_2)
                                 -0.039110   -0.039110   library hold time
                                             -0.039110   data required time
---------------------------------------------------------------------------------------------
                                             -0.039110   data required time
                                             -0.841647   data arrival time
---------------------------------------------------------------------------------------------
                                              0.880758   slack (MET)


Startpoint: _3832_ (rising edge-triggered flip-flop clocked by clk)
Endpoint: _3832_ (rising edge-triggered flip-flop clocked by clk)
Path Group: clk
Path Type: min

Fanout         Cap        Slew       Delay        Time   Description
---------------------------------------------------------------------------------------------
                      0.000000    0.000000    0.000000   clock clk (rise edge)
                                  0.000000    0.000000   clock network delay (ideal)
                      0.000000    0.000000    0.000000 ^ _3832_/CLK (sky130_fd_sc_hd__dfrtp_2)
    21    0.073371    0.352709    0.559923    0.559923 ^ _3832_/Q (sky130_fd_sc_hd__dfrtp_2)
                                                         mul_unit.reg_a_out[0] (net)
                      0.352709    0.000000    0.559923 ^ _2367_/A1 (sky130_fd_sc_hd__mux2_2)
     1    0.002191    0.034737    0.216679    0.776601 ^ _2367_/X (sky130_fd_sc_hd__mux2_2)
                                                         _1729_ (net)
                      0.034737    0.000000    0.776601 ^ _2368_/A (sky130_fd_sc_hd__buf_1)
     1    0.002005    0.036760    0.070538    0.847140 ^ _2368_/X (sky130_fd_sc_hd__buf_1)
                                                         _0368_ (net)
                      0.036760    0.000000    0.847140 ^ _3832_/D (sky130_fd_sc_hd__dfrtp_2)
                                              0.847140   data arrival time

                      0.000000    0.000000    0.000000   clock clk (rise edge)
                                  0.000000    0.000000   clock network delay (ideal)
                                  0.000000    0.000000   clock reconvergence pessimism
                                              0.000000 ^ _3832_/CLK (sky130_fd_sc_hd__dfrtp_2)
                                 -0.039110   -0.039110   library hold time
                                             -0.039110   data required time
---------------------------------------------------------------------------------------------
                                             -0.039110   data required time
                                             -0.847140   data arrival time
---------------------------------------------------------------------------------------------
                                              0.886250   slack (MET)


Startpoint: _3851_ (rising edge-triggered flip-flop clocked by clk)
Endpoint: _3851_ (rising edge-triggered flip-flop clocked by clk)
Path Group: clk
Path Type: min

Fanout         Cap        Slew       Delay        Time   Description
---------------------------------------------------------------------------------------------
                      0.000000    0.000000    0.000000   clock clk (rise edge)
                                  0.000000    0.000000   clock network delay (ideal)
                      0.000000    0.000000    0.000000 ^ _3851_/CLK (sky130_fd_sc_hd__dfrtp_2)
    22    0.074403    0.357406    0.563245    0.563245 ^ _3851_/Q (sky130_fd_sc_hd__dfrtp_2)
                                                         mul_unit.reg_b_out[3] (net)
                      0.357406    0.000000    0.563245 ^ _2328_/A1 (sky130_fd_sc_hd__mux2_2)
     1    0.002191    0.034749    0.217487    0.780733 ^ _2328_/X (sky130_fd_sc_hd__mux2_2)
                                                         _1709_ (net)
                      0.034749    0.000000    0.780733 ^ _2329_/A (sky130_fd_sc_hd__buf_1)
     1    0.002005    0.036760    0.070542    0.851275 ^ _2329_/X (sky130_fd_sc_hd__buf_1)
                                                         _0387_ (net)
                      0.036760    0.000000    0.851275 ^ _3851_/D (sky130_fd_sc_hd__dfrtp_2)
                                              0.851275   data arrival time

                      0.000000    0.000000    0.000000   clock clk (rise edge)
                                  0.000000    0.000000   clock network delay (ideal)
                                  0.000000    0.000000   clock reconvergence pessimism
                                              0.000000 ^ _3851_/CLK (sky130_fd_sc_hd__dfrtp_2)
                                 -0.039110   -0.039110   library hold time
                                             -0.039110   data required time
---------------------------------------------------------------------------------------------
                                             -0.039110   data required time
                                             -0.851275   data arrival time
---------------------------------------------------------------------------------------------
                                              0.890385   slack (MET)


Startpoint: _3837_ (rising edge-triggered flip-flop clocked by clk)
Endpoint: _3837_ (rising edge-triggered flip-flop clocked by clk)
Path Group: clk
Path Type: min

Fanout         Cap        Slew       Delay        Time   Description
---------------------------------------------------------------------------------------------
                      0.000000    0.000000    0.000000   clock clk (rise edge)
                                  0.000000    0.000000   clock network delay (ideal)
                      0.000000    0.000000    0.000000 ^ _3837_/CLK (sky130_fd_sc_hd__dfrtp_2)
    25    0.076860    0.368586    0.571155    0.571155 ^ _3837_/Q (sky130_fd_sc_hd__dfrtp_2)
                                                         mul_unit.reg_a_out[5] (net)
                      0.368586    0.000000    0.571155 ^ _2357_/A1 (sky130_fd_sc_hd__mux2_2)
     1    0.002191    0.034749    0.219412    0.790568 ^ _2357_/X (sky130_fd_sc_hd__mux2_2)
                                                         _1724_ (net)
                      0.034749    0.000000    0.790568 ^ _2358_/A (sky130_fd_sc_hd__buf_1)
     1    0.002005    0.036760    0.070542    0.861110 ^ _2358_/X (sky130_fd_sc_hd__buf_1)
                                                         _0373_ (net)
                      0.036760    0.000000    0.861110 ^ _3837_/D (sky130_fd_sc_hd__dfrtp_2)
                                              0.861110   data arrival time

                      0.000000    0.000000    0.000000   clock clk (rise edge)
                                  0.000000    0.000000   clock network delay (ideal)
                                  0.000000    0.000000   clock reconvergence pessimism
                                              0.000000 ^ _3837_/CLK (sky130_fd_sc_hd__dfrtp_2)
                                 -0.039110   -0.039110   library hold time
                                             -0.039110   data required time
---------------------------------------------------------------------------------------------
                                             -0.039110   data required time
                                             -0.861110   data arrival time
---------------------------------------------------------------------------------------------
                                              0.900220   slack (MET)


Startpoint: _3672_ (rising edge-triggered flip-flop clocked by clk)
Endpoint: _3671_ (rising edge-triggered flip-flop clocked by clk)
Path Group: clk
Path Type: min

Fanout         Cap        Slew       Delay        Time   Description
---------------------------------------------------------------------------------------------
                      0.000000    0.000000    0.000000   clock clk (rise edge)
                                  0.000000    0.000000   clock network delay (ideal)
                      0.000000    0.000000    0.000000 ^ _3672_/CLK (sky130_fd_sc_hd__dfrtp_2)
    57    0.179990    0.423135    0.711201    0.711201 v _3672_/Q (sky130_fd_sc_hd__dfrtp_2)
                                                         mul_unit.reg1en.q[0] (net)
                      0.423135    0.000000    0.711201 v _3671_/D (sky130_fd_sc_hd__dfrtp_2)
                                              0.711201   data arrival time

                      0.000000    0.000000    0.000000   clock clk (rise edge)
                                  0.000000    0.000000   clock network delay (ideal)
                                  0.000000    0.000000   clock reconvergence pessimism
                                              0.000000 ^ _3671_/CLK (sky130_fd_sc_hd__dfrtp_2)
                                 -0.206412   -0.206412   library hold time
                                             -0.206412   data required time
---------------------------------------------------------------------------------------------
                                             -0.206412   data required time
                                             -0.711201   data arrival time
---------------------------------------------------------------------------------------------
                                              0.917613   slack (MET)


Startpoint: _3854_ (rising edge-triggered flip-flop clocked by clk)
Endpoint: _3854_ (rising edge-triggered flip-flop clocked by clk)
Path Group: clk
Path Type: min

Fanout         Cap        Slew       Delay        Time   Description
---------------------------------------------------------------------------------------------
                      0.000000    0.000000    0.000000   clock clk (rise edge)
                                  0.000000    0.000000   clock network delay (ideal)
                      0.000000    0.000000    0.000000 ^ _3854_/CLK (sky130_fd_sc_hd__dfrtp_2)
    31    0.081553    0.389941    0.586264    0.586264 ^ _3854_/Q (sky130_fd_sc_hd__dfrtp_2)
                                                         mul_unit.reg_b_out[6] (net)
                      0.389941    0.000000    0.586264 ^ _2322_/A1 (sky130_fd_sc_hd__mux2_2)
     1    0.002191    0.034749    0.223090    0.809354 ^ _2322_/X (sky130_fd_sc_hd__mux2_2)
                                                         _1706_ (net)
                      0.034749    0.000000    0.809354 ^ _2323_/A (sky130_fd_sc_hd__buf_1)
     1    0.002005    0.036760    0.070542    0.879896 ^ _2323_/X (sky130_fd_sc_hd__buf_1)
                                                         _0390_ (net)
                      0.036760    0.000000    0.879896 ^ _3854_/D (sky130_fd_sc_hd__dfrtp_2)
                                              0.879896   data arrival time

                      0.000000    0.000000    0.000000   clock clk (rise edge)
                                  0.000000    0.000000   clock network delay (ideal)
                                  0.000000    0.000000   clock reconvergence pessimism
                                              0.000000 ^ _3854_/CLK (sky130_fd_sc_hd__dfrtp_2)
                                 -0.039110   -0.039110   library hold time
                                             -0.039110   data required time
---------------------------------------------------------------------------------------------
                                             -0.039110   data required time
                                             -0.879896   data arrival time
---------------------------------------------------------------------------------------------
                                              0.919006   slack (MET)


Startpoint: _3833_ (rising edge-triggered flip-flop clocked by clk)
Endpoint: _3833_ (rising edge-triggered flip-flop clocked by clk)
Path Group: clk
Path Type: min

Fanout         Cap        Slew       Delay        Time   Description
---------------------------------------------------------------------------------------------
                      0.000000    0.000000    0.000000   clock clk (rise edge)
                                  0.000000    0.000000   clock network delay (ideal)
                      0.000000    0.000000    0.000000 ^ _3833_/CLK (sky130_fd_sc_hd__dfrtp_2)
    30    0.085619    0.408444    0.599355    0.599355 ^ _3833_/Q (sky130_fd_sc_hd__dfrtp_2)
                                                         mul_unit.reg_a_out[1] (net)
                      0.408444    0.000000    0.599355 ^ _2365_/A1 (sky130_fd_sc_hd__mux2_2)
     1    0.002191    0.034737    0.226275    0.825630 ^ _2365_/X (sky130_fd_sc_hd__mux2_2)
                                                         _1728_ (net)
                      0.034737    0.000000    0.825630 ^ _2366_/A (sky130_fd_sc_hd__buf_1)
     1    0.002005    0.036760    0.070538    0.896168 ^ _2366_/X (sky130_fd_sc_hd__buf_1)
                                                         _0369_ (net)
                      0.036760    0.000000    0.896168 ^ _3833_/D (sky130_fd_sc_hd__dfrtp_2)
                                              0.896168   data arrival time

                      0.000000    0.000000    0.000000   clock clk (rise edge)
                                  0.000000    0.000000   clock network delay (ideal)
                                  0.000000    0.000000   clock reconvergence pessimism
                                              0.000000 ^ _3833_/CLK (sky130_fd_sc_hd__dfrtp_2)
                                 -0.039110   -0.039110   library hold time
                                             -0.039110   data required time
---------------------------------------------------------------------------------------------
                                             -0.039110   data required time
                                             -0.896168   data arrival time
---------------------------------------------------------------------------------------------
                                              0.935278   slack (MET)


Startpoint: _3852_ (rising edge-triggered flip-flop clocked by clk)
Endpoint: _3852_ (rising edge-triggered flip-flop clocked by clk)
Path Group: clk
Path Type: min

Fanout         Cap        Slew       Delay        Time   Description
---------------------------------------------------------------------------------------------
                      0.000000    0.000000    0.000000   clock clk (rise edge)
                                  0.000000    0.000000   clock network delay (ideal)
                      0.000000    0.000000    0.000000 ^ _3852_/CLK (sky130_fd_sc_hd__dfrtp_2)
    24    0.089237    0.424907    0.611003    0.611003 ^ _3852_/Q (sky130_fd_sc_hd__dfrtp_2)
                                                         mul_unit.reg_b_out[4] (net)
                      0.424907    0.000000    0.611003 ^ _2326_/A1 (sky130_fd_sc_hd__mux2_2)
     1    0.002191    0.034749    0.229110    0.840113 ^ _2326_/X (sky130_fd_sc_hd__mux2_2)
                                                         _1708_ (net)
                      0.034749    0.000000    0.840113 ^ _2327_/A (sky130_fd_sc_hd__buf_1)
     1    0.002005    0.036760    0.070542    0.910655 ^ _2327_/X (sky130_fd_sc_hd__buf_1)
                                                         _0388_ (net)
                      0.036760    0.000000    0.910655 ^ _3852_/D (sky130_fd_sc_hd__dfrtp_2)
                                              0.910655   data arrival time

                      0.000000    0.000000    0.000000   clock clk (rise edge)
                                  0.000000    0.000000   clock network delay (ideal)
                                  0.000000    0.000000   clock reconvergence pessimism
                                              0.000000 ^ _3852_/CLK (sky130_fd_sc_hd__dfrtp_2)
                                 -0.039110   -0.039110   library hold time
                                             -0.039110   data required time
---------------------------------------------------------------------------------------------
                                             -0.039110   data required time
                                             -0.910655   data arrival time
---------------------------------------------------------------------------------------------
                                              0.949765   slack (MET)


Startpoint: _3853_ (rising edge-triggered flip-flop clocked by clk)
Endpoint: _3853_ (rising edge-triggered flip-flop clocked by clk)
Path Group: clk
Path Type: min

Fanout         Cap        Slew       Delay        Time   Description
---------------------------------------------------------------------------------------------
                      0.000000    0.000000    0.000000   clock clk (rise edge)
                                  0.000000    0.000000   clock network delay (ideal)
                      0.000000    0.000000    0.000000 ^ _3853_/CLK (sky130_fd_sc_hd__dfrtp_2)
    30    0.091213    0.433899    0.617364    0.617364 ^ _3853_/Q (sky130_fd_sc_hd__dfrtp_2)
                                                         mul_unit.reg_b_out[5] (net)
                      0.433899    0.000000    0.617364 ^ _2324_/A1 (sky130_fd_sc_hd__mux2_2)
     1    0.002191    0.034749    0.230658    0.848023 ^ _2324_/X (sky130_fd_sc_hd__mux2_2)
                                                         _1707_ (net)
                      0.034749    0.000000    0.848023 ^ _2325_/A (sky130_fd_sc_hd__buf_1)
     1    0.002005    0.036760    0.070542    0.918565 ^ _2325_/X (sky130_fd_sc_hd__buf_1)
                                                         _0389_ (net)
                      0.036760    0.000000    0.918565 ^ _3853_/D (sky130_fd_sc_hd__dfrtp_2)
                                              0.918565   data arrival time

                      0.000000    0.000000    0.000000   clock clk (rise edge)
                                  0.000000    0.000000   clock network delay (ideal)
                                  0.000000    0.000000   clock reconvergence pessimism
                                              0.000000 ^ _3853_/CLK (sky130_fd_sc_hd__dfrtp_2)
                                 -0.039110   -0.039110   library hold time
                                             -0.039110   data required time
---------------------------------------------------------------------------------------------
                                             -0.039110   data required time
                                             -0.918565   data arrival time
---------------------------------------------------------------------------------------------
                                              0.957675   slack (MET)


Startpoint: _3669_ (rising edge-triggered flip-flop clocked by clk)
Endpoint: _3834_ (rising edge-triggered flip-flop clocked by clk)
Path Group: clk
Path Type: min

Fanout         Cap        Slew       Delay        Time   Description
---------------------------------------------------------------------------------------------
                      0.000000    0.000000    0.000000   clock clk (rise edge)
                                  0.000000    0.000000   clock network delay (ideal)
                      0.000000    0.000000    0.000000 ^ _3669_/CLK (sky130_fd_sc_hd__dfrtp_2)
     6    0.016399    0.098417    0.372040    0.372040 ^ _3669_/Q (sky130_fd_sc_hd__dfrtp_2)
                                                         state[2] (net)
                      0.098417    0.000000    0.372040 ^ _2299_/A (sky130_fd_sc_hd__or3b_2)
     1    0.002191    0.028927    0.118437    0.490477 ^ _2299_/X (sky130_fd_sc_hd__or3b_2)
                                                         _1693_ (net)
                      0.028927    0.000000    0.490477 ^ _2300_/A (sky130_fd_sc_hd__buf_1)
     6    0.016629    0.203752    0.184488    0.674965 ^ _2300_/X (sky130_fd_sc_hd__buf_1)
                                                         _1694_ (net)
                      0.203752    0.000000    0.674965 ^ _2363_/S (sky130_fd_sc_hd__mux2_2)
     1    0.002191    0.034737    0.181022    0.855987 ^ _2363_/X (sky130_fd_sc_hd__mux2_2)
                                                         _1727_ (net)
                      0.034737    0.000000    0.855987 ^ _2364_/A (sky130_fd_sc_hd__buf_1)
     1    0.002005    0.036760    0.070538    0.926525 ^ _2364_/X (sky130_fd_sc_hd__buf_1)
                                                         _0370_ (net)
                      0.036760    0.000000    0.926525 ^ _3834_/D (sky130_fd_sc_hd__dfrtp_2)
                                              0.926525   data arrival time

                      0.000000    0.000000    0.000000   clock clk (rise edge)
                                  0.000000    0.000000   clock network delay (ideal)
                                  0.000000    0.000000   clock reconvergence pessimism
                                              0.000000 ^ _3834_/CLK (sky130_fd_sc_hd__dfrtp_2)
                                 -0.039110   -0.039110   library hold time
                                             -0.039110   data required time
---------------------------------------------------------------------------------------------
                                             -0.039110   data required time
                                             -0.926525   data arrival time
---------------------------------------------------------------------------------------------
                                              0.965635   slack (MET)


Startpoint: _3838_ (rising edge-triggered flip-flop clocked by clk)
Endpoint: _3838_ (rising edge-triggered flip-flop clocked by clk)
Path Group: clk
Path Type: min

Fanout         Cap        Slew       Delay        Time   Description
---------------------------------------------------------------------------------------------
                      0.000000    0.000000    0.000000   clock clk (rise edge)
                                  0.000000    0.000000   clock network delay (ideal)
                      0.000000    0.000000    0.000000 ^ _3838_/CLK (sky130_fd_sc_hd__dfrtp_2)
    30    0.103271    0.488768    0.656184    0.656184 ^ _3838_/Q (sky130_fd_sc_hd__dfrtp_2)
                                                         mul_unit.reg_a_out[6] (net)
                      0.488768    0.000000    0.656184 ^ _2355_/A1 (sky130_fd_sc_hd__mux2_2)
     1    0.002191    0.034749    0.240106    0.896290 ^ _2355_/X (sky130_fd_sc_hd__mux2_2)
                                                         _1723_ (net)
                      0.034749    0.000000    0.896290 ^ _2356_/A (sky130_fd_sc_hd__buf_1)
     1    0.002005    0.036760    0.070542    0.966833 ^ _2356_/X (sky130_fd_sc_hd__buf_1)
                                                         _0374_ (net)
                      0.036760    0.000000    0.966833 ^ _3838_/D (sky130_fd_sc_hd__dfrtp_2)
                                              0.966833   data arrival time

                      0.000000    0.000000    0.000000   clock clk (rise edge)
                                  0.000000    0.000000   clock network delay (ideal)
                                  0.000000    0.000000   clock reconvergence pessimism
                                              0.000000 ^ _3838_/CLK (sky130_fd_sc_hd__dfrtp_2)
                                 -0.039110   -0.039110   library hold time
                                             -0.039110   data required time
---------------------------------------------------------------------------------------------
                                             -0.039110   data required time
                                             -0.966833   data arrival time
---------------------------------------------------------------------------------------------
                                              1.005943   slack (MET)


Startpoint: _3836_ (rising edge-triggered flip-flop clocked by clk)
Endpoint: _3836_ (rising edge-triggered flip-flop clocked by clk)
Path Group: clk
Path Type: min

Fanout         Cap        Slew       Delay        Time   Description
---------------------------------------------------------------------------------------------
                      0.000000    0.000000    0.000000   clock clk (rise edge)
                                  0.000000    0.000000   clock network delay (ideal)
                      0.000000    0.000000    0.000000 ^ _3836_/CLK (sky130_fd_sc_hd__dfrtp_2)
    35    0.111126    0.269351    0.595603    0.595603 v _3836_/Q (sky130_fd_sc_hd__dfrtp_2)
                                                         mul_unit.reg_a_out[4] (net)
                      0.269351    0.000000    0.595603 v _2359_/A1 (sky130_fd_sc_hd__mux2_2)
     1    0.002015    0.044126    0.343629    0.939232 v _2359_/X (sky130_fd_sc_hd__mux2_2)
                                                         _1725_ (net)
                      0.044126    0.000000    0.939232 v _2360_/A (sky130_fd_sc_hd__buf_1)
     1    0.001949    0.022996    0.082383    1.021615 v _2360_/X (sky130_fd_sc_hd__buf_1)
                                                         _0372_ (net)
                      0.022996    0.000000    1.021615 v _3836_/D (sky130_fd_sc_hd__dfrtp_2)
                                              1.021615   data arrival time

                      0.000000    0.000000    0.000000   clock clk (rise edge)
                                  0.000000    0.000000   clock network delay (ideal)
                                  0.000000    0.000000   clock reconvergence pessimism
                                              0.000000 ^ _3836_/CLK (sky130_fd_sc_hd__dfrtp_2)
                                 -0.043415   -0.043415   library hold time
                                             -0.043415   data required time
---------------------------------------------------------------------------------------------
                                             -0.043415   data required time
                                             -1.021615   data arrival time
---------------------------------------------------------------------------------------------
                                              1.065030   slack (MET)


Startpoint: _3835_ (rising edge-triggered flip-flop clocked by clk)
Endpoint: _3835_ (rising edge-triggered flip-flop clocked by clk)
Path Group: clk
Path Type: min

Fanout         Cap        Slew       Delay        Time   Description
---------------------------------------------------------------------------------------------
                      0.000000    0.000000    0.000000   clock clk (rise edge)
                                  0.000000    0.000000   clock network delay (ideal)
                      0.000000    0.000000    0.000000 ^ _3835_/CLK (sky130_fd_sc_hd__dfrtp_2)
    40    0.112245    0.271850    0.597482    0.597482 v _3835_/Q (sky130_fd_sc_hd__dfrtp_2)
                                                         mul_unit.reg_a_out[3] (net)
                      0.271850    0.000000    0.597482 v _2361_/A1 (sky130_fd_sc_hd__mux2_2)
     1    0.002015    0.044126    0.344691    0.942173 v _2361_/X (sky130_fd_sc_hd__mux2_2)
                                                         _1726_ (net)
                      0.044126    0.000000    0.942173 v _2362_/A (sky130_fd_sc_hd__buf_1)
     1    0.001949    0.022996    0.082383    1.024556 v _2362_/X (sky130_fd_sc_hd__buf_1)
                                                         _0371_ (net)
                      0.022996    0.000000    1.024556 v _3835_/D (sky130_fd_sc_hd__dfrtp_2)
                                              1.024556   data arrival time

                      0.000000    0.000000    0.000000   clock clk (rise edge)
                                  0.000000    0.000000   clock network delay (ideal)
                                  0.000000    0.000000   clock reconvergence pessimism
                                              0.000000 ^ _3835_/CLK (sky130_fd_sc_hd__dfrtp_2)
                                 -0.043415   -0.043415   library hold time
                                             -0.043415   data required time
---------------------------------------------------------------------------------------------
                                             -0.043415   data required time
                                             -1.024556   data arrival time
---------------------------------------------------------------------------------------------
                                              1.067971   slack (MET)


Startpoint: _3669_ (rising edge-triggered flip-flop clocked by clk)
Endpoint: _3676_ (rising edge-triggered flip-flop clocked by clk)
Path Group: clk
Path Type: min

Fanout         Cap        Slew       Delay        Time   Description
---------------------------------------------------------------------------------------------
                      0.000000    0.000000    0.000000   clock clk (rise edge)
                                  0.000000    0.000000   clock network delay (ideal)
                      0.000000    0.000000    0.000000 ^ _3669_/CLK (sky130_fd_sc_hd__dfrtp_2)
     6    0.016399    0.098417    0.372040    0.372040 ^ _3669_/Q (sky130_fd_sc_hd__dfrtp_2)
                                                         state[2] (net)
                      0.098417    0.000000    0.372040 ^ _3223_/A (sky130_fd_sc_hd__inv_2)
     2    0.005683    0.030452    0.043361    0.415401 v _3223_/Y (sky130_fd_sc_hd__inv_2)
                                                         _1120_ (net)
                      0.030452    0.000000    0.415401 v _3224_/A (sky130_fd_sc_hd__and3_2)
     1    0.002015    0.032195    0.157023    0.572425 v _3224_/X (sky130_fd_sc_hd__and3_2)
                                                         _1121_ (net)
                      0.032195    0.000000    0.572425 v _3225_/A (sky130_fd_sc_hd__buf_1)
     8    0.021435    0.127525    0.162936    0.735361 v _3225_/X (sky130_fd_sc_hd__buf_1)
                                                         _1122_ (net)
                      0.127525    0.000000    0.735361 v _3226_/A (sky130_fd_sc_hd__buf_1)
    10    0.028768    0.167786    0.235287    0.970647 v _3226_/X (sky130_fd_sc_hd__buf_1)
                                                         addsub_unit.reg1en.d[0] (net)
                      0.167786    0.000000    0.970647 v _3676_/D (sky130_fd_sc_hd__dfrtp_2)
                                              0.970647   data arrival time

                      0.000000    0.000000    0.000000   clock clk (rise edge)
                                  0.000000    0.000000   clock network delay (ideal)
                                  0.000000    0.000000   clock reconvergence pessimism
                                              0.000000 ^ _3676_/CLK (sky130_fd_sc_hd__dfrtp_2)
                                 -0.102395   -0.102395   library hold time
                                             -0.102395   data required time
---------------------------------------------------------------------------------------------
                                             -0.102395   data required time
                                             -0.970647   data arrival time
---------------------------------------------------------------------------------------------
                                              1.073043   slack (MET)


Startpoint: _3669_ (rising edge-triggered flip-flop clocked by clk)
Endpoint: _3672_ (rising edge-triggered flip-flop clocked by clk)
Path Group: clk
Path Type: min

Fanout         Cap        Slew       Delay        Time   Description
---------------------------------------------------------------------------------------------
                      0.000000    0.000000    0.000000   clock clk (rise edge)
                                  0.000000    0.000000   clock network delay (ideal)
                      0.000000    0.000000    0.000000 ^ _3669_/CLK (sky130_fd_sc_hd__dfrtp_2)
     6    0.016399    0.098417    0.372040    0.372040 ^ _3669_/Q (sky130_fd_sc_hd__dfrtp_2)
                                                         state[2] (net)
                      0.098417    0.000000    0.372040 ^ _2299_/A (sky130_fd_sc_hd__or3b_2)
     1    0.002191    0.028927    0.118437    0.490477 ^ _2299_/X (sky130_fd_sc_hd__or3b_2)
                                                         _1693_ (net)
                      0.028927    0.000000    0.490477 ^ _2300_/A (sky130_fd_sc_hd__buf_1)
     6    0.016629    0.203752    0.184488    0.674965 ^ _2300_/X (sky130_fd_sc_hd__buf_1)
                                                         _1694_ (net)
                      0.203752    0.000000    0.674965 ^ _2301_/A (sky130_fd_sc_hd__buf_1)
    10    0.034810    0.412131    0.367635    1.042600 ^ _2301_/X (sky130_fd_sc_hd__buf_1)
                                                         _1695_ (net)
                      0.412131    0.000000    1.042600 ^ _2302_/A (sky130_fd_sc_hd__inv_2)
     1    0.001949    0.055215    0.037563    1.080163 v _2302_/Y (sky130_fd_sc_hd__inv_2)
                                                         mul_unit.reg1en.d[0] (net)
                      0.055215    0.000000    1.080163 v _3672_/D (sky130_fd_sc_hd__dfrtp_2)
                                              1.080163   data arrival time

                      0.000000    0.000000    0.000000   clock clk (rise edge)
                                  0.000000    0.000000   clock network delay (ideal)
                                  0.000000    0.000000   clock reconvergence pessimism
                                              0.000000 ^ _3672_/CLK (sky130_fd_sc_hd__dfrtp_2)
                                 -0.056540   -0.056540   library hold time
                                             -0.056540   data required time
---------------------------------------------------------------------------------------------
                                             -0.056540   data required time
                                             -1.080163   data arrival time
---------------------------------------------------------------------------------------------
                                              1.136703   slack (MET)


Startpoint: rst (input port clocked by clk)
Endpoint: _3667_ (removal check against rising-edge clock clk)
Path Group: asynchronous
Path Type: min

Fanout         Cap        Slew       Delay        Time   Description
---------------------------------------------------------------------------------------------
                      0.000000    0.000000    0.000000   clock clk (rise edge)
                                  0.000000    0.000000   clock network delay (ideal)
                                  2.000000    2.000000 v input external delay
   213    0.910787    0.000000    0.000000    2.000000 v rst (in)
                                                         rst (net)
                      0.000000    0.000000    2.000000 v _1965_/A (sky130_fd_sc_hd__inv_2)
     1    0.003612    0.024105    0.024546    2.024546 ^ _1965_/Y (sky130_fd_sc_hd__inv_2)
                                                         _0000_ (net)
                      0.024105    0.000000    2.024546 ^ _3667_/RESET_B (sky130_fd_sc_hd__dfrtp_2)
                                              2.024546   data arrival time

                      0.000000    0.000000    0.000000   clock clk (rise edge)
                                  0.000000    0.000000   clock network delay (ideal)
                                  0.000000    0.000000   clock reconvergence pessimism
                                              0.000000 ^ _3667_/CLK (sky130_fd_sc_hd__dfrtp_2)
                                  0.302168    0.302168   library removal time
                                              0.302168   data required time
---------------------------------------------------------------------------------------------
                                              0.302168   data required time
                                             -2.024546   data arrival time
---------------------------------------------------------------------------------------------
                                              1.722378   slack (MET)


Startpoint: rst (input port clocked by clk)
Endpoint: _3668_ (removal check against rising-edge clock clk)
Path Group: asynchronous
Path Type: min

Fanout         Cap        Slew       Delay        Time   Description
---------------------------------------------------------------------------------------------
                      0.000000    0.000000    0.000000   clock clk (rise edge)
                                  0.000000    0.000000   clock network delay (ideal)
                                  2.000000    2.000000 v input external delay
   213    0.910787    0.000000    0.000000    2.000000 v rst (in)
                                                         rst (net)
                      0.000000    0.000000    2.000000 v _1966_/A (sky130_fd_sc_hd__inv_2)
     1    0.003612    0.024105    0.024546    2.024546 ^ _1966_/Y (sky130_fd_sc_hd__inv_2)
                                                         _0001_ (net)
                      0.024105    0.000000    2.024546 ^ _3668_/RESET_B (sky130_fd_sc_hd__dfrtp_2)
                                              2.024546   data arrival time

                      0.000000    0.000000    0.000000   clock clk (rise edge)
                                  0.000000    0.000000   clock network delay (ideal)
                                  0.000000    0.000000   clock reconvergence pessimism
                                              0.000000 ^ _3668_/CLK (sky130_fd_sc_hd__dfrtp_2)
                                  0.302168    0.302168   library removal time
                                              0.302168   data required time
---------------------------------------------------------------------------------------------
                                              0.302168   data required time
                                             -2.024546   data arrival time
---------------------------------------------------------------------------------------------
                                              1.722378   slack (MET)


Startpoint: rst (input port clocked by clk)
Endpoint: _3669_ (removal check against rising-edge clock clk)
Path Group: asynchronous
Path Type: min

Fanout         Cap        Slew       Delay        Time   Description
---------------------------------------------------------------------------------------------
                      0.000000    0.000000    0.000000   clock clk (rise edge)
                                  0.000000    0.000000   clock network delay (ideal)
                                  2.000000    2.000000 v input external delay
   213    0.910787    0.000000    0.000000    2.000000 v rst (in)
                                                         rst (net)
                      0.000000    0.000000    2.000000 v _1967_/A (sky130_fd_sc_hd__inv_2)
     1    0.003612    0.024105    0.024546    2.024546 ^ _1967_/Y (sky130_fd_sc_hd__inv_2)
                                                         _0002_ (net)
                      0.024105    0.000000    2.024546 ^ _3669_/RESET_B (sky130_fd_sc_hd__dfrtp_2)
                                              2.024546   data arrival time

                      0.000000    0.000000    0.000000   clock clk (rise edge)
                                  0.000000    0.000000   clock network delay (ideal)
                                  0.000000    0.000000   clock reconvergence pessimism
                                              0.000000 ^ _3669_/CLK (sky130_fd_sc_hd__dfrtp_2)
                                  0.302168    0.302168   library removal time
                                              0.302168   data required time
---------------------------------------------------------------------------------------------
                                              0.302168   data required time
                                             -2.024546   data arrival time
---------------------------------------------------------------------------------------------
                                              1.722378   slack (MET)


Startpoint: rst (input port clocked by clk)
Endpoint: _3670_ (removal check against rising-edge clock clk)
Path Group: asynchronous
Path Type: min

Fanout         Cap        Slew       Delay        Time   Description
---------------------------------------------------------------------------------------------
                      0.000000    0.000000    0.000000   clock clk (rise edge)
                                  0.000000    0.000000   clock network delay (ideal)
                                  2.000000    2.000000 v input external delay
   213    0.910787    0.000000    0.000000    2.000000 v rst (in)
                                                         rst (net)
                      0.000000    0.000000    2.000000 v _1968_/A (sky130_fd_sc_hd__inv_2)
     1    0.003612    0.024105    0.024546    2.024546 ^ _1968_/Y (sky130_fd_sc_hd__inv_2)
                                                         _0003_ (net)
                      0.024105    0.000000    2.024546 ^ _3670_/RESET_B (sky130_fd_sc_hd__dfrtp_2)
                                              2.024546   data arrival time

                      0.000000    0.000000    0.000000   clock clk (rise edge)
                                  0.000000    0.000000   clock network delay (ideal)
                                  0.000000    0.000000   clock reconvergence pessimism
                                              0.000000 ^ _3670_/CLK (sky130_fd_sc_hd__dfrtp_2)
                                  0.302168    0.302168   library removal time
                                              0.302168   data required time
---------------------------------------------------------------------------------------------
                                              0.302168   data required time
                                             -2.024546   data arrival time
---------------------------------------------------------------------------------------------
                                              1.722378   slack (MET)


Startpoint: rst (input port clocked by clk)
Endpoint: _3671_ (removal check against rising-edge clock clk)
Path Group: asynchronous
Path Type: min

Fanout         Cap        Slew       Delay        Time   Description
---------------------------------------------------------------------------------------------
                      0.000000    0.000000    0.000000   clock clk (rise edge)
                                  0.000000    0.000000   clock network delay (ideal)
                                  2.000000    2.000000 v input external delay
   213    0.910787    0.000000    0.000000    2.000000 v rst (in)
                                                         rst (net)
                      0.000000    0.000000    2.000000 v _1969_/A (sky130_fd_sc_hd__inv_2)
     1    0.003612    0.024105    0.024546    2.024546 ^ _1969_/Y (sky130_fd_sc_hd__inv_2)
                                                         _0004_ (net)
                      0.024105    0.000000    2.024546 ^ _3671_/RESET_B (sky130_fd_sc_hd__dfrtp_2)
                                              2.024546   data arrival time

                      0.000000    0.000000    0.000000   clock clk (rise edge)
                                  0.000000    0.000000   clock network delay (ideal)
                                  0.000000    0.000000   clock reconvergence pessimism
                                              0.000000 ^ _3671_/CLK (sky130_fd_sc_hd__dfrtp_2)
                                  0.302168    0.302168   library removal time
                                              0.302168   data required time
---------------------------------------------------------------------------------------------
                                              0.302168   data required time
                                             -2.024546   data arrival time
---------------------------------------------------------------------------------------------
                                              1.722378   slack (MET)


Startpoint: rst (input port clocked by clk)
Endpoint: _3672_ (removal check against rising-edge clock clk)
Path Group: asynchronous
Path Type: min

Fanout         Cap        Slew       Delay        Time   Description
---------------------------------------------------------------------------------------------
                      0.000000    0.000000    0.000000   clock clk (rise edge)
                                  0.000000    0.000000   clock network delay (ideal)
                                  2.000000    2.000000 v input external delay
   213    0.910787    0.000000    0.000000    2.000000 v rst (in)
                                                         rst (net)
                      0.000000    0.000000    2.000000 v _1970_/A (sky130_fd_sc_hd__inv_2)
     1    0.003612    0.024105    0.024546    2.024546 ^ _1970_/Y (sky130_fd_sc_hd__inv_2)
                                                         _0005_ (net)
                      0.024105    0.000000    2.024546 ^ _3672_/RESET_B (sky130_fd_sc_hd__dfrtp_2)
                                              2.024546   data arrival time

                      0.000000    0.000000    0.000000   clock clk (rise edge)
                                  0.000000    0.000000   clock network delay (ideal)
                                  0.000000    0.000000   clock reconvergence pessimism
                                              0.000000 ^ _3672_/CLK (sky130_fd_sc_hd__dfrtp_2)
                                  0.302168    0.302168   library removal time
                                              0.302168   data required time
---------------------------------------------------------------------------------------------
                                              0.302168   data required time
                                             -2.024546   data arrival time
---------------------------------------------------------------------------------------------
                                              1.722378   slack (MET)


Startpoint: rst (input port clocked by clk)
Endpoint: _3673_ (removal check against rising-edge clock clk)
Path Group: asynchronous
Path Type: min

Fanout         Cap        Slew       Delay        Time   Description
---------------------------------------------------------------------------------------------
                      0.000000    0.000000    0.000000   clock clk (rise edge)
                                  0.000000    0.000000   clock network delay (ideal)
                                  2.000000    2.000000 v input external delay
   213    0.910787    0.000000    0.000000    2.000000 v rst (in)
                                                         rst (net)
                      0.000000    0.000000    2.000000 v _1971_/A (sky130_fd_sc_hd__inv_2)
     1    0.003612    0.024105    0.024546    2.024546 ^ _1971_/Y (sky130_fd_sc_hd__inv_2)
                                                         _0006_ (net)
                      0.024105    0.000000    2.024546 ^ _3673_/RESET_B (sky130_fd_sc_hd__dfrtp_2)
                                              2.024546   data arrival time

                      0.000000    0.000000    0.000000   clock clk (rise edge)
                                  0.000000    0.000000   clock network delay (ideal)
                                  0.000000    0.000000   clock reconvergence pessimism
                                              0.000000 ^ _3673_/CLK (sky130_fd_sc_hd__dfrtp_2)
                                  0.302168    0.302168   library removal time
                                              0.302168   data required time
---------------------------------------------------------------------------------------------
                                              0.302168   data required time
                                             -2.024546   data arrival time
---------------------------------------------------------------------------------------------
                                              1.722378   slack (MET)


Startpoint: rst (input port clocked by clk)
Endpoint: _3674_ (removal check against rising-edge clock clk)
Path Group: asynchronous
Path Type: min

Fanout         Cap        Slew       Delay        Time   Description
---------------------------------------------------------------------------------------------
                      0.000000    0.000000    0.000000   clock clk (rise edge)
                                  0.000000    0.000000   clock network delay (ideal)
                                  2.000000    2.000000 v input external delay
   213    0.910787    0.000000    0.000000    2.000000 v rst (in)
                                                         rst (net)
                      0.000000    0.000000    2.000000 v _1972_/A (sky130_fd_sc_hd__inv_2)
     1    0.003612    0.024105    0.024546    2.024546 ^ _1972_/Y (sky130_fd_sc_hd__inv_2)
                                                         _0007_ (net)
                      0.024105    0.000000    2.024546 ^ _3674_/RESET_B (sky130_fd_sc_hd__dfrtp_2)
                                              2.024546   data arrival time

                      0.000000    0.000000    0.000000   clock clk (rise edge)
                                  0.000000    0.000000   clock network delay (ideal)
                                  0.000000    0.000000   clock reconvergence pessimism
                                              0.000000 ^ _3674_/CLK (sky130_fd_sc_hd__dfrtp_2)
                                  0.302168    0.302168   library removal time
                                              0.302168   data required time
---------------------------------------------------------------------------------------------
                                              0.302168   data required time
                                             -2.024546   data arrival time
---------------------------------------------------------------------------------------------
                                              1.722378   slack (MET)


Startpoint: rst (input port clocked by clk)
Endpoint: _3675_ (removal check against rising-edge clock clk)
Path Group: asynchronous
Path Type: min

Fanout         Cap        Slew       Delay        Time   Description
---------------------------------------------------------------------------------------------
                      0.000000    0.000000    0.000000   clock clk (rise edge)
                                  0.000000    0.000000   clock network delay (ideal)
                                  2.000000    2.000000 v input external delay
   213    0.910787    0.000000    0.000000    2.000000 v rst (in)
                                                         rst (net)
                      0.000000    0.000000    2.000000 v _1973_/A (sky130_fd_sc_hd__inv_2)
     1    0.003612    0.024105    0.024546    2.024546 ^ _1973_/Y (sky130_fd_sc_hd__inv_2)
                                                         _0008_ (net)
                      0.024105    0.000000    2.024546 ^ _3675_/RESET_B (sky130_fd_sc_hd__dfrtp_2)
                                              2.024546   data arrival time

                      0.000000    0.000000    0.000000   clock clk (rise edge)
                                  0.000000    0.000000   clock network delay (ideal)
                                  0.000000    0.000000   clock reconvergence pessimism
                                              0.000000 ^ _3675_/CLK (sky130_fd_sc_hd__dfrtp_2)
                                  0.302168    0.302168   library removal time
                                              0.302168   data required time
---------------------------------------------------------------------------------------------
                                              0.302168   data required time
                                             -2.024546   data arrival time
---------------------------------------------------------------------------------------------
                                              1.722378   slack (MET)


Startpoint: rst (input port clocked by clk)
Endpoint: _3676_ (removal check against rising-edge clock clk)
Path Group: asynchronous
Path Type: min

Fanout         Cap        Slew       Delay        Time   Description
---------------------------------------------------------------------------------------------
                      0.000000    0.000000    0.000000   clock clk (rise edge)
                                  0.000000    0.000000   clock network delay (ideal)
                                  2.000000    2.000000 v input external delay
   213    0.910787    0.000000    0.000000    2.000000 v rst (in)
                                                         rst (net)
                      0.000000    0.000000    2.000000 v _1974_/A (sky130_fd_sc_hd__inv_2)
     1    0.003612    0.024105    0.024546    2.024546 ^ _1974_/Y (sky130_fd_sc_hd__inv_2)
                                                         _0009_ (net)
                      0.024105    0.000000    2.024546 ^ _3676_/RESET_B (sky130_fd_sc_hd__dfrtp_2)
                                              2.024546   data arrival time

                      0.000000    0.000000    0.000000   clock clk (rise edge)
                                  0.000000    0.000000   clock network delay (ideal)
                                  0.000000    0.000000   clock reconvergence pessimism
                                              0.000000 ^ _3676_/CLK (sky130_fd_sc_hd__dfrtp_2)
                                  0.302168    0.302168   library removal time
                                              0.302168   data required time
---------------------------------------------------------------------------------------------
                                              0.302168   data required time
                                             -2.024546   data arrival time
---------------------------------------------------------------------------------------------
                                              1.722378   slack (MET)


Startpoint: rst (input port clocked by clk)
Endpoint: _3677_ (removal check against rising-edge clock clk)
Path Group: asynchronous
Path Type: min

Fanout         Cap        Slew       Delay        Time   Description
---------------------------------------------------------------------------------------------
                      0.000000    0.000000    0.000000   clock clk (rise edge)
                                  0.000000    0.000000   clock network delay (ideal)
                                  2.000000    2.000000 v input external delay
   213    0.910787    0.000000    0.000000    2.000000 v rst (in)
                                                         rst (net)
                      0.000000    0.000000    2.000000 v _1975_/A (sky130_fd_sc_hd__inv_2)
     1    0.003612    0.024105    0.024546    2.024546 ^ _1975_/Y (sky130_fd_sc_hd__inv_2)
                                                         _0010_ (net)
                      0.024105    0.000000    2.024546 ^ _3677_/RESET_B (sky130_fd_sc_hd__dfrtp_2)
                                              2.024546   data arrival time

                      0.000000    0.000000    0.000000   clock clk (rise edge)
                                  0.000000    0.000000   clock network delay (ideal)
                                  0.000000    0.000000   clock reconvergence pessimism
                                              0.000000 ^ _3677_/CLK (sky130_fd_sc_hd__dfrtp_2)
                                  0.302168    0.302168   library removal time
                                              0.302168   data required time
---------------------------------------------------------------------------------------------
                                              0.302168   data required time
                                             -2.024546   data arrival time
---------------------------------------------------------------------------------------------
                                              1.722378   slack (MET)


Startpoint: rst (input port clocked by clk)
Endpoint: _3678_ (removal check against rising-edge clock clk)
Path Group: asynchronous
Path Type: min

Fanout         Cap        Slew       Delay        Time   Description
---------------------------------------------------------------------------------------------
                      0.000000    0.000000    0.000000   clock clk (rise edge)
                                  0.000000    0.000000   clock network delay (ideal)
                                  2.000000    2.000000 v input external delay
   213    0.910787    0.000000    0.000000    2.000000 v rst (in)
                                                         rst (net)
                      0.000000    0.000000    2.000000 v _1976_/A (sky130_fd_sc_hd__inv_2)
     1    0.003612    0.024105    0.024546    2.024546 ^ _1976_/Y (sky130_fd_sc_hd__inv_2)
                                                         _0011_ (net)
                      0.024105    0.000000    2.024546 ^ _3678_/RESET_B (sky130_fd_sc_hd__dfrtp_2)
                                              2.024546   data arrival time

                      0.000000    0.000000    0.000000   clock clk (rise edge)
                                  0.000000    0.000000   clock network delay (ideal)
                                  0.000000    0.000000   clock reconvergence pessimism
                                              0.000000 ^ _3678_/CLK (sky130_fd_sc_hd__dfrtp_2)
                                  0.302168    0.302168   library removal time
                                              0.302168   data required time
---------------------------------------------------------------------------------------------
                                              0.302168   data required time
                                             -2.024546   data arrival time
---------------------------------------------------------------------------------------------
                                              1.722378   slack (MET)


Startpoint: rst (input port clocked by clk)
Endpoint: _3679_ (removal check against rising-edge clock clk)
Path Group: asynchronous
Path Type: min

Fanout         Cap        Slew       Delay        Time   Description
---------------------------------------------------------------------------------------------
                      0.000000    0.000000    0.000000   clock clk (rise edge)
                                  0.000000    0.000000   clock network delay (ideal)
                                  2.000000    2.000000 v input external delay
   213    0.910787    0.000000    0.000000    2.000000 v rst (in)
                                                         rst (net)
                      0.000000    0.000000    2.000000 v _1977_/A (sky130_fd_sc_hd__inv_2)
     1    0.003612    0.024105    0.024546    2.024546 ^ _1977_/Y (sky130_fd_sc_hd__inv_2)
                                                         _0012_ (net)
                      0.024105    0.000000    2.024546 ^ _3679_/RESET_B (sky130_fd_sc_hd__dfrtp_2)
                                              2.024546   data arrival time

                      0.000000    0.000000    0.000000   clock clk (rise edge)
                                  0.000000    0.000000   clock network delay (ideal)
                                  0.000000    0.000000   clock reconvergence pessimism
                                              0.000000 ^ _3679_/CLK (sky130_fd_sc_hd__dfrtp_2)
                                  0.302168    0.302168   library removal time
                                              0.302168   data required time
---------------------------------------------------------------------------------------------
                                              0.302168   data required time
                                             -2.024546   data arrival time
---------------------------------------------------------------------------------------------
                                              1.722378   slack (MET)


Startpoint: rst (input port clocked by clk)
Endpoint: _3680_ (removal check against rising-edge clock clk)
Path Group: asynchronous
Path Type: min

Fanout         Cap        Slew       Delay        Time   Description
---------------------------------------------------------------------------------------------
                      0.000000    0.000000    0.000000   clock clk (rise edge)
                                  0.000000    0.000000   clock network delay (ideal)
                                  2.000000    2.000000 v input external delay
   213    0.910787    0.000000    0.000000    2.000000 v rst (in)
                                                         rst (net)
                      0.000000    0.000000    2.000000 v _1978_/A (sky130_fd_sc_hd__inv_2)
     1    0.003612    0.024105    0.024546    2.024546 ^ _1978_/Y (sky130_fd_sc_hd__inv_2)
                                                         _0013_ (net)
                      0.024105    0.000000    2.024546 ^ _3680_/RESET_B (sky130_fd_sc_hd__dfrtp_2)
                                              2.024546   data arrival time

                      0.000000    0.000000    0.000000   clock clk (rise edge)
                                  0.000000    0.000000   clock network delay (ideal)
                                  0.000000    0.000000   clock reconvergence pessimism
                                              0.000000 ^ _3680_/CLK (sky130_fd_sc_hd__dfrtp_2)
                                  0.302168    0.302168   library removal time
                                              0.302168   data required time
---------------------------------------------------------------------------------------------
                                              0.302168   data required time
                                             -2.024546   data arrival time
---------------------------------------------------------------------------------------------
                                              1.722378   slack (MET)


Startpoint: rst (input port clocked by clk)
Endpoint: _3681_ (removal check against rising-edge clock clk)
Path Group: asynchronous
Path Type: min

Fanout         Cap        Slew       Delay        Time   Description
---------------------------------------------------------------------------------------------
                      0.000000    0.000000    0.000000   clock clk (rise edge)
                                  0.000000    0.000000   clock network delay (ideal)
                                  2.000000    2.000000 v input external delay
   213    0.910787    0.000000    0.000000    2.000000 v rst (in)
                                                         rst (net)
                      0.000000    0.000000    2.000000 v _1979_/A (sky130_fd_sc_hd__inv_2)
     1    0.003612    0.024105    0.024546    2.024546 ^ _1979_/Y (sky130_fd_sc_hd__inv_2)
                                                         _0014_ (net)
                      0.024105    0.000000    2.024546 ^ _3681_/RESET_B (sky130_fd_sc_hd__dfrtp_2)
                                              2.024546   data arrival time

                      0.000000    0.000000    0.000000   clock clk (rise edge)
                                  0.000000    0.000000   clock network delay (ideal)
                                  0.000000    0.000000   clock reconvergence pessimism
                                              0.000000 ^ _3681_/CLK (sky130_fd_sc_hd__dfrtp_2)
                                  0.302168    0.302168   library removal time
                                              0.302168   data required time
---------------------------------------------------------------------------------------------
                                              0.302168   data required time
                                             -2.024546   data arrival time
---------------------------------------------------------------------------------------------
                                              1.722378   slack (MET)


Startpoint: rst (input port clocked by clk)
Endpoint: _3682_ (removal check against rising-edge clock clk)
Path Group: asynchronous
Path Type: min

Fanout         Cap        Slew       Delay        Time   Description
---------------------------------------------------------------------------------------------
                      0.000000    0.000000    0.000000   clock clk (rise edge)
                                  0.000000    0.000000   clock network delay (ideal)
                                  2.000000    2.000000 v input external delay
   213    0.910787    0.000000    0.000000    2.000000 v rst (in)
                                                         rst (net)
                      0.000000    0.000000    2.000000 v _1980_/A (sky130_fd_sc_hd__inv_2)
     1    0.003612    0.024105    0.024546    2.024546 ^ _1980_/Y (sky130_fd_sc_hd__inv_2)
                                                         _0015_ (net)
                      0.024105    0.000000    2.024546 ^ _3682_/RESET_B (sky130_fd_sc_hd__dfrtp_2)
                                              2.024546   data arrival time

                      0.000000    0.000000    0.000000   clock clk (rise edge)
                                  0.000000    0.000000   clock network delay (ideal)
                                  0.000000    0.000000   clock reconvergence pessimism
                                              0.000000 ^ _3682_/CLK (sky130_fd_sc_hd__dfrtp_2)
                                  0.302168    0.302168   library removal time
                                              0.302168   data required time
---------------------------------------------------------------------------------------------
                                              0.302168   data required time
                                             -2.024546   data arrival time
---------------------------------------------------------------------------------------------
                                              1.722378   slack (MET)


Startpoint: rst (input port clocked by clk)
Endpoint: _3683_ (removal check against rising-edge clock clk)
Path Group: asynchronous
Path Type: min

Fanout         Cap        Slew       Delay        Time   Description
---------------------------------------------------------------------------------------------
                      0.000000    0.000000    0.000000   clock clk (rise edge)
                                  0.000000    0.000000   clock network delay (ideal)
                                  2.000000    2.000000 v input external delay
   213    0.910787    0.000000    0.000000    2.000000 v rst (in)
                                                         rst (net)
                      0.000000    0.000000    2.000000 v _1981_/A (sky130_fd_sc_hd__inv_2)
     1    0.003612    0.024105    0.024546    2.024546 ^ _1981_/Y (sky130_fd_sc_hd__inv_2)
                                                         _0016_ (net)
                      0.024105    0.000000    2.024546 ^ _3683_/RESET_B (sky130_fd_sc_hd__dfrtp_2)
                                              2.024546   data arrival time

                      0.000000    0.000000    0.000000   clock clk (rise edge)
                                  0.000000    0.000000   clock network delay (ideal)
                                  0.000000    0.000000   clock reconvergence pessimism
                                              0.000000 ^ _3683_/CLK (sky130_fd_sc_hd__dfrtp_2)
                                  0.302168    0.302168   library removal time
                                              0.302168   data required time
---------------------------------------------------------------------------------------------
                                              0.302168   data required time
                                             -2.024546   data arrival time
---------------------------------------------------------------------------------------------
                                              1.722378   slack (MET)


Startpoint: rst (input port clocked by clk)
Endpoint: _3684_ (removal check against rising-edge clock clk)
Path Group: asynchronous
Path Type: min

Fanout         Cap        Slew       Delay        Time   Description
---------------------------------------------------------------------------------------------
                      0.000000    0.000000    0.000000   clock clk (rise edge)
                                  0.000000    0.000000   clock network delay (ideal)
                                  2.000000    2.000000 v input external delay
   213    0.910787    0.000000    0.000000    2.000000 v rst (in)
                                                         rst (net)
                      0.000000    0.000000    2.000000 v _1982_/A (sky130_fd_sc_hd__inv_2)
     1    0.003612    0.024105    0.024546    2.024546 ^ _1982_/Y (sky130_fd_sc_hd__inv_2)
                                                         _0017_ (net)
                      0.024105    0.000000    2.024546 ^ _3684_/RESET_B (sky130_fd_sc_hd__dfrtp_2)
                                              2.024546   data arrival time

                      0.000000    0.000000    0.000000   clock clk (rise edge)
                                  0.000000    0.000000   clock network delay (ideal)
                                  0.000000    0.000000   clock reconvergence pessimism
                                              0.000000 ^ _3684_/CLK (sky130_fd_sc_hd__dfrtp_2)
                                  0.302168    0.302168   library removal time
                                              0.302168   data required time
---------------------------------------------------------------------------------------------
                                              0.302168   data required time
                                             -2.024546   data arrival time
---------------------------------------------------------------------------------------------
                                              1.722378   slack (MET)


Startpoint: rst (input port clocked by clk)
Endpoint: _3685_ (removal check against rising-edge clock clk)
Path Group: asynchronous
Path Type: min

Fanout         Cap        Slew       Delay        Time   Description
---------------------------------------------------------------------------------------------
                      0.000000    0.000000    0.000000   clock clk (rise edge)
                                  0.000000    0.000000   clock network delay (ideal)
                                  2.000000    2.000000 v input external delay
   213    0.910787    0.000000    0.000000    2.000000 v rst (in)
                                                         rst (net)
                      0.000000    0.000000    2.000000 v _1983_/A (sky130_fd_sc_hd__inv_2)
     1    0.003612    0.024105    0.024546    2.024546 ^ _1983_/Y (sky130_fd_sc_hd__inv_2)
                                                         _0018_ (net)
                      0.024105    0.000000    2.024546 ^ _3685_/RESET_B (sky130_fd_sc_hd__dfrtp_2)
                                              2.024546   data arrival time

                      0.000000    0.000000    0.000000   clock clk (rise edge)
                                  0.000000    0.000000   clock network delay (ideal)
                                  0.000000    0.000000   clock reconvergence pessimism
                                              0.000000 ^ _3685_/CLK (sky130_fd_sc_hd__dfrtp_2)
                                  0.302168    0.302168   library removal time
                                              0.302168   data required time
---------------------------------------------------------------------------------------------
                                              0.302168   data required time
                                             -2.024546   data arrival time
---------------------------------------------------------------------------------------------
                                              1.722378   slack (MET)


Startpoint: rst (input port clocked by clk)
Endpoint: _3686_ (removal check against rising-edge clock clk)
Path Group: asynchronous
Path Type: min

Fanout         Cap        Slew       Delay        Time   Description
---------------------------------------------------------------------------------------------
                      0.000000    0.000000    0.000000   clock clk (rise edge)
                                  0.000000    0.000000   clock network delay (ideal)
                                  2.000000    2.000000 v input external delay
   213    0.910787    0.000000    0.000000    2.000000 v rst (in)
                                                         rst (net)
                      0.000000    0.000000    2.000000 v _1984_/A (sky130_fd_sc_hd__inv_2)
     1    0.003612    0.024105    0.024546    2.024546 ^ _1984_/Y (sky130_fd_sc_hd__inv_2)
                                                         _0019_ (net)
                      0.024105    0.000000    2.024546 ^ _3686_/RESET_B (sky130_fd_sc_hd__dfrtp_2)
                                              2.024546   data arrival time

                      0.000000    0.000000    0.000000   clock clk (rise edge)
                                  0.000000    0.000000   clock network delay (ideal)
                                  0.000000    0.000000   clock reconvergence pessimism
                                              0.000000 ^ _3686_/CLK (sky130_fd_sc_hd__dfrtp_2)
                                  0.302168    0.302168   library removal time
                                              0.302168   data required time
---------------------------------------------------------------------------------------------
                                              0.302168   data required time
                                             -2.024546   data arrival time
---------------------------------------------------------------------------------------------
                                              1.722378   slack (MET)


Startpoint: rst (input port clocked by clk)
Endpoint: _3687_ (removal check against rising-edge clock clk)
Path Group: asynchronous
Path Type: min

Fanout         Cap        Slew       Delay        Time   Description
---------------------------------------------------------------------------------------------
                      0.000000    0.000000    0.000000   clock clk (rise edge)
                                  0.000000    0.000000   clock network delay (ideal)
                                  2.000000    2.000000 v input external delay
   213    0.910787    0.000000    0.000000    2.000000 v rst (in)
                                                         rst (net)
                      0.000000    0.000000    2.000000 v _1985_/A (sky130_fd_sc_hd__inv_2)
     1    0.003612    0.024105    0.024546    2.024546 ^ _1985_/Y (sky130_fd_sc_hd__inv_2)
                                                         _0020_ (net)
                      0.024105    0.000000    2.024546 ^ _3687_/RESET_B (sky130_fd_sc_hd__dfrtp_2)
                                              2.024546   data arrival time

                      0.000000    0.000000    0.000000   clock clk (rise edge)
                                  0.000000    0.000000   clock network delay (ideal)
                                  0.000000    0.000000   clock reconvergence pessimism
                                              0.000000 ^ _3687_/CLK (sky130_fd_sc_hd__dfrtp_2)
                                  0.302168    0.302168   library removal time
                                              0.302168   data required time
---------------------------------------------------------------------------------------------
                                              0.302168   data required time
                                             -2.024546   data arrival time
---------------------------------------------------------------------------------------------
                                              1.722378   slack (MET)


Startpoint: rst (input port clocked by clk)
Endpoint: _3688_ (removal check against rising-edge clock clk)
Path Group: asynchronous
Path Type: min

Fanout         Cap        Slew       Delay        Time   Description
---------------------------------------------------------------------------------------------
                      0.000000    0.000000    0.000000   clock clk (rise edge)
                                  0.000000    0.000000   clock network delay (ideal)
                                  2.000000    2.000000 v input external delay
   213    0.910787    0.000000    0.000000    2.000000 v rst (in)
                                                         rst (net)
                      0.000000    0.000000    2.000000 v _1986_/A (sky130_fd_sc_hd__inv_2)
     1    0.003612    0.024105    0.024546    2.024546 ^ _1986_/Y (sky130_fd_sc_hd__inv_2)
                                                         _0021_ (net)
                      0.024105    0.000000    2.024546 ^ _3688_/RESET_B (sky130_fd_sc_hd__dfrtp_2)
                                              2.024546   data arrival time

                      0.000000    0.000000    0.000000   clock clk (rise edge)
                                  0.000000    0.000000   clock network delay (ideal)
                                  0.000000    0.000000   clock reconvergence pessimism
                                              0.000000 ^ _3688_/CLK (sky130_fd_sc_hd__dfrtp_2)
                                  0.302168    0.302168   library removal time
                                              0.302168   data required time
---------------------------------------------------------------------------------------------
                                              0.302168   data required time
                                             -2.024546   data arrival time
---------------------------------------------------------------------------------------------
                                              1.722378   slack (MET)


Startpoint: rst (input port clocked by clk)
Endpoint: _3689_ (removal check against rising-edge clock clk)
Path Group: asynchronous
Path Type: min

Fanout         Cap        Slew       Delay        Time   Description
---------------------------------------------------------------------------------------------
                      0.000000    0.000000    0.000000   clock clk (rise edge)
                                  0.000000    0.000000   clock network delay (ideal)
                                  2.000000    2.000000 v input external delay
   213    0.910787    0.000000    0.000000    2.000000 v rst (in)
                                                         rst (net)
                      0.000000    0.000000    2.000000 v _1987_/A (sky130_fd_sc_hd__inv_2)
     1    0.003612    0.024105    0.024546    2.024546 ^ _1987_/Y (sky130_fd_sc_hd__inv_2)
                                                         _0022_ (net)
                      0.024105    0.000000    2.024546 ^ _3689_/RESET_B (sky130_fd_sc_hd__dfrtp_2)
                                              2.024546   data arrival time

                      0.000000    0.000000    0.000000   clock clk (rise edge)
                                  0.000000    0.000000   clock network delay (ideal)
                                  0.000000    0.000000   clock reconvergence pessimism
                                              0.000000 ^ _3689_/CLK (sky130_fd_sc_hd__dfrtp_2)
                                  0.302168    0.302168   library removal time
                                              0.302168   data required time
---------------------------------------------------------------------------------------------
                                              0.302168   data required time
                                             -2.024546   data arrival time
---------------------------------------------------------------------------------------------
                                              1.722378   slack (MET)


Startpoint: rst (input port clocked by clk)
Endpoint: _3690_ (removal check against rising-edge clock clk)
Path Group: asynchronous
Path Type: min

Fanout         Cap        Slew       Delay        Time   Description
---------------------------------------------------------------------------------------------
                      0.000000    0.000000    0.000000   clock clk (rise edge)
                                  0.000000    0.000000   clock network delay (ideal)
                                  2.000000    2.000000 v input external delay
   213    0.910787    0.000000    0.000000    2.000000 v rst (in)
                                                         rst (net)
                      0.000000    0.000000    2.000000 v _1988_/A (sky130_fd_sc_hd__inv_2)
     1    0.003612    0.024105    0.024546    2.024546 ^ _1988_/Y (sky130_fd_sc_hd__inv_2)
                                                         _0023_ (net)
                      0.024105    0.000000    2.024546 ^ _3690_/RESET_B (sky130_fd_sc_hd__dfrtp_2)
                                              2.024546   data arrival time

                      0.000000    0.000000    0.000000   clock clk (rise edge)
                                  0.000000    0.000000   clock network delay (ideal)
                                  0.000000    0.000000   clock reconvergence pessimism
                                              0.000000 ^ _3690_/CLK (sky130_fd_sc_hd__dfrtp_2)
                                  0.302168    0.302168   library removal time
                                              0.302168   data required time
---------------------------------------------------------------------------------------------
                                              0.302168   data required time
                                             -2.024546   data arrival time
---------------------------------------------------------------------------------------------
                                              1.722378   slack (MET)


Startpoint: rst (input port clocked by clk)
Endpoint: _3691_ (removal check against rising-edge clock clk)
Path Group: asynchronous
Path Type: min

Fanout         Cap        Slew       Delay        Time   Description
---------------------------------------------------------------------------------------------
                      0.000000    0.000000    0.000000   clock clk (rise edge)
                                  0.000000    0.000000   clock network delay (ideal)
                                  2.000000    2.000000 v input external delay
   213    0.910787    0.000000    0.000000    2.000000 v rst (in)
                                                         rst (net)
                      0.000000    0.000000    2.000000 v _1989_/A (sky130_fd_sc_hd__inv_2)
     1    0.003612    0.024105    0.024546    2.024546 ^ _1989_/Y (sky130_fd_sc_hd__inv_2)
                                                         _0024_ (net)
                      0.024105    0.000000    2.024546 ^ _3691_/RESET_B (sky130_fd_sc_hd__dfrtp_2)
                                              2.024546   data arrival time

                      0.000000    0.000000    0.000000   clock clk (rise edge)
                                  0.000000    0.000000   clock network delay (ideal)
                                  0.000000    0.000000   clock reconvergence pessimism
                                              0.000000 ^ _3691_/CLK (sky130_fd_sc_hd__dfrtp_2)
                                  0.302168    0.302168   library removal time
                                              0.302168   data required time
---------------------------------------------------------------------------------------------
                                              0.302168   data required time
                                             -2.024546   data arrival time
---------------------------------------------------------------------------------------------
                                              1.722378   slack (MET)


Startpoint: rst (input port clocked by clk)
Endpoint: _3692_ (removal check against rising-edge clock clk)
Path Group: asynchronous
Path Type: min

Fanout         Cap        Slew       Delay        Time   Description
---------------------------------------------------------------------------------------------
                      0.000000    0.000000    0.000000   clock clk (rise edge)
                                  0.000000    0.000000   clock network delay (ideal)
                                  2.000000    2.000000 v input external delay
   213    0.910787    0.000000    0.000000    2.000000 v rst (in)
                                                         rst (net)
                      0.000000    0.000000    2.000000 v _1990_/A (sky130_fd_sc_hd__inv_2)
     1    0.003612    0.024105    0.024546    2.024546 ^ _1990_/Y (sky130_fd_sc_hd__inv_2)
                                                         _0025_ (net)
                      0.024105    0.000000    2.024546 ^ _3692_/RESET_B (sky130_fd_sc_hd__dfrtp_2)
                                              2.024546   data arrival time

                      0.000000    0.000000    0.000000   clock clk (rise edge)
                                  0.000000    0.000000   clock network delay (ideal)
                                  0.000000    0.000000   clock reconvergence pessimism
                                              0.000000 ^ _3692_/CLK (sky130_fd_sc_hd__dfrtp_2)
                                  0.302168    0.302168   library removal time
                                              0.302168   data required time
---------------------------------------------------------------------------------------------
                                              0.302168   data required time
                                             -2.024546   data arrival time
---------------------------------------------------------------------------------------------
                                              1.722378   slack (MET)


Startpoint: rst (input port clocked by clk)
Endpoint: _3693_ (removal check against rising-edge clock clk)
Path Group: asynchronous
Path Type: min

Fanout         Cap        Slew       Delay        Time   Description
---------------------------------------------------------------------------------------------
                      0.000000    0.000000    0.000000   clock clk (rise edge)
                                  0.000000    0.000000   clock network delay (ideal)
                                  2.000000    2.000000 v input external delay
   213    0.910787    0.000000    0.000000    2.000000 v rst (in)
                                                         rst (net)
                      0.000000    0.000000    2.000000 v _1991_/A (sky130_fd_sc_hd__inv_2)
     1    0.003612    0.024105    0.024546    2.024546 ^ _1991_/Y (sky130_fd_sc_hd__inv_2)
                                                         _0026_ (net)
                      0.024105    0.000000    2.024546 ^ _3693_/RESET_B (sky130_fd_sc_hd__dfrtp_2)
                                              2.024546   data arrival time

                      0.000000    0.000000    0.000000   clock clk (rise edge)
                                  0.000000    0.000000   clock network delay (ideal)
                                  0.000000    0.000000   clock reconvergence pessimism
                                              0.000000 ^ _3693_/CLK (sky130_fd_sc_hd__dfrtp_2)
                                  0.302168    0.302168   library removal time
                                              0.302168   data required time
---------------------------------------------------------------------------------------------
                                              0.302168   data required time
                                             -2.024546   data arrival time
---------------------------------------------------------------------------------------------
                                              1.722378   slack (MET)


Startpoint: rst (input port clocked by clk)
Endpoint: _3694_ (removal check against rising-edge clock clk)
Path Group: asynchronous
Path Type: min

Fanout         Cap        Slew       Delay        Time   Description
---------------------------------------------------------------------------------------------
                      0.000000    0.000000    0.000000   clock clk (rise edge)
                                  0.000000    0.000000   clock network delay (ideal)
                                  2.000000    2.000000 v input external delay
   213    0.910787    0.000000    0.000000    2.000000 v rst (in)
                                                         rst (net)
                      0.000000    0.000000    2.000000 v _1992_/A (sky130_fd_sc_hd__inv_2)
     1    0.003612    0.024105    0.024546    2.024546 ^ _1992_/Y (sky130_fd_sc_hd__inv_2)
                                                         _0027_ (net)
                      0.024105    0.000000    2.024546 ^ _3694_/RESET_B (sky130_fd_sc_hd__dfrtp_2)
                                              2.024546   data arrival time

                      0.000000    0.000000    0.000000   clock clk (rise edge)
                                  0.000000    0.000000   clock network delay (ideal)
                                  0.000000    0.000000   clock reconvergence pessimism
                                              0.000000 ^ _3694_/CLK (sky130_fd_sc_hd__dfrtp_2)
                                  0.302168    0.302168   library removal time
                                              0.302168   data required time
---------------------------------------------------------------------------------------------
                                              0.302168   data required time
                                             -2.024546   data arrival time
---------------------------------------------------------------------------------------------
                                              1.722378   slack (MET)


Startpoint: rst (input port clocked by clk)
Endpoint: _3695_ (removal check against rising-edge clock clk)
Path Group: asynchronous
Path Type: min

Fanout         Cap        Slew       Delay        Time   Description
---------------------------------------------------------------------------------------------
                      0.000000    0.000000    0.000000   clock clk (rise edge)
                                  0.000000    0.000000   clock network delay (ideal)
                                  2.000000    2.000000 v input external delay
   213    0.910787    0.000000    0.000000    2.000000 v rst (in)
                                                         rst (net)
                      0.000000    0.000000    2.000000 v _1993_/A (sky130_fd_sc_hd__inv_2)
     1    0.003612    0.024105    0.024546    2.024546 ^ _1993_/Y (sky130_fd_sc_hd__inv_2)
                                                         _0028_ (net)
                      0.024105    0.000000    2.024546 ^ _3695_/RESET_B (sky130_fd_sc_hd__dfrtp_2)
                                              2.024546   data arrival time

                      0.000000    0.000000    0.000000   clock clk (rise edge)
                                  0.000000    0.000000   clock network delay (ideal)
                                  0.000000    0.000000   clock reconvergence pessimism
                                              0.000000 ^ _3695_/CLK (sky130_fd_sc_hd__dfrtp_2)
                                  0.302168    0.302168   library removal time
                                              0.302168   data required time
---------------------------------------------------------------------------------------------
                                              0.302168   data required time
                                             -2.024546   data arrival time
---------------------------------------------------------------------------------------------
                                              1.722378   slack (MET)


Startpoint: rst (input port clocked by clk)
Endpoint: _3696_ (removal check against rising-edge clock clk)
Path Group: asynchronous
Path Type: min

Fanout         Cap        Slew       Delay        Time   Description
---------------------------------------------------------------------------------------------
                      0.000000    0.000000    0.000000   clock clk (rise edge)
                                  0.000000    0.000000   clock network delay (ideal)
                                  2.000000    2.000000 v input external delay
   213    0.910787    0.000000    0.000000    2.000000 v rst (in)
                                                         rst (net)
                      0.000000    0.000000    2.000000 v _1994_/A (sky130_fd_sc_hd__inv_2)
     1    0.003612    0.024105    0.024546    2.024546 ^ _1994_/Y (sky130_fd_sc_hd__inv_2)
                                                         _0029_ (net)
                      0.024105    0.000000    2.024546 ^ _3696_/RESET_B (sky130_fd_sc_hd__dfrtp_2)
                                              2.024546   data arrival time

                      0.000000    0.000000    0.000000   clock clk (rise edge)
                                  0.000000    0.000000   clock network delay (ideal)
                                  0.000000    0.000000   clock reconvergence pessimism
                                              0.000000 ^ _3696_/CLK (sky130_fd_sc_hd__dfrtp_2)
                                  0.302168    0.302168   library removal time
                                              0.302168   data required time
---------------------------------------------------------------------------------------------
                                              0.302168   data required time
                                             -2.024546   data arrival time
---------------------------------------------------------------------------------------------
                                              1.722378   slack (MET)


Startpoint: rst (input port clocked by clk)
Endpoint: _3697_ (removal check against rising-edge clock clk)
Path Group: asynchronous
Path Type: min

Fanout         Cap        Slew       Delay        Time   Description
---------------------------------------------------------------------------------------------
                      0.000000    0.000000    0.000000   clock clk (rise edge)
                                  0.000000    0.000000   clock network delay (ideal)
                                  2.000000    2.000000 v input external delay
   213    0.910787    0.000000    0.000000    2.000000 v rst (in)
                                                         rst (net)
                      0.000000    0.000000    2.000000 v _1995_/A (sky130_fd_sc_hd__inv_2)
     1    0.003612    0.024105    0.024546    2.024546 ^ _1995_/Y (sky130_fd_sc_hd__inv_2)
                                                         _0030_ (net)
                      0.024105    0.000000    2.024546 ^ _3697_/RESET_B (sky130_fd_sc_hd__dfrtp_2)
                                              2.024546   data arrival time

                      0.000000    0.000000    0.000000   clock clk (rise edge)
                                  0.000000    0.000000   clock network delay (ideal)
                                  0.000000    0.000000   clock reconvergence pessimism
                                              0.000000 ^ _3697_/CLK (sky130_fd_sc_hd__dfrtp_2)
                                  0.302168    0.302168   library removal time
                                              0.302168   data required time
---------------------------------------------------------------------------------------------
                                              0.302168   data required time
                                             -2.024546   data arrival time
---------------------------------------------------------------------------------------------
                                              1.722378   slack (MET)


Startpoint: rst (input port clocked by clk)
Endpoint: _3698_ (removal check against rising-edge clock clk)
Path Group: asynchronous
Path Type: min

Fanout         Cap        Slew       Delay        Time   Description
---------------------------------------------------------------------------------------------
                      0.000000    0.000000    0.000000   clock clk (rise edge)
                                  0.000000    0.000000   clock network delay (ideal)
                                  2.000000    2.000000 v input external delay
   213    0.910787    0.000000    0.000000    2.000000 v rst (in)
                                                         rst (net)
                      0.000000    0.000000    2.000000 v _1996_/A (sky130_fd_sc_hd__inv_2)
     1    0.003612    0.024105    0.024546    2.024546 ^ _1996_/Y (sky130_fd_sc_hd__inv_2)
                                                         _0031_ (net)
                      0.024105    0.000000    2.024546 ^ _3698_/RESET_B (sky130_fd_sc_hd__dfrtp_2)
                                              2.024546   data arrival time

                      0.000000    0.000000    0.000000   clock clk (rise edge)
                                  0.000000    0.000000   clock network delay (ideal)
                                  0.000000    0.000000   clock reconvergence pessimism
                                              0.000000 ^ _3698_/CLK (sky130_fd_sc_hd__dfrtp_2)
                                  0.302168    0.302168   library removal time
                                              0.302168   data required time
---------------------------------------------------------------------------------------------
                                              0.302168   data required time
                                             -2.024546   data arrival time
---------------------------------------------------------------------------------------------
                                              1.722378   slack (MET)


Startpoint: rst (input port clocked by clk)
Endpoint: _3699_ (removal check against rising-edge clock clk)
Path Group: asynchronous
Path Type: min

Fanout         Cap        Slew       Delay        Time   Description
---------------------------------------------------------------------------------------------
                      0.000000    0.000000    0.000000   clock clk (rise edge)
                                  0.000000    0.000000   clock network delay (ideal)
                                  2.000000    2.000000 v input external delay
   213    0.910787    0.000000    0.000000    2.000000 v rst (in)
                                                         rst (net)
                      0.000000    0.000000    2.000000 v _1997_/A (sky130_fd_sc_hd__inv_2)
     1    0.003612    0.024105    0.024546    2.024546 ^ _1997_/Y (sky130_fd_sc_hd__inv_2)
                                                         _0032_ (net)
                      0.024105    0.000000    2.024546 ^ _3699_/RESET_B (sky130_fd_sc_hd__dfrtp_2)
                                              2.024546   data arrival time

                      0.000000    0.000000    0.000000   clock clk (rise edge)
                                  0.000000    0.000000   clock network delay (ideal)
                                  0.000000    0.000000   clock reconvergence pessimism
                                              0.000000 ^ _3699_/CLK (sky130_fd_sc_hd__dfrtp_2)
                                  0.302168    0.302168   library removal time
                                              0.302168   data required time
---------------------------------------------------------------------------------------------
                                              0.302168   data required time
                                             -2.024546   data arrival time
---------------------------------------------------------------------------------------------
                                              1.722378   slack (MET)


Startpoint: rst (input port clocked by clk)
Endpoint: _3700_ (removal check against rising-edge clock clk)
Path Group: asynchronous
Path Type: min

Fanout         Cap        Slew       Delay        Time   Description
---------------------------------------------------------------------------------------------
                      0.000000    0.000000    0.000000   clock clk (rise edge)
                                  0.000000    0.000000   clock network delay (ideal)
                                  2.000000    2.000000 v input external delay
   213    0.910787    0.000000    0.000000    2.000000 v rst (in)
                                                         rst (net)
                      0.000000    0.000000    2.000000 v _1998_/A (sky130_fd_sc_hd__inv_2)
     1    0.003612    0.024105    0.024546    2.024546 ^ _1998_/Y (sky130_fd_sc_hd__inv_2)
                                                         _0033_ (net)
                      0.024105    0.000000    2.024546 ^ _3700_/RESET_B (sky130_fd_sc_hd__dfrtp_2)
                                              2.024546   data arrival time

                      0.000000    0.000000    0.000000   clock clk (rise edge)
                                  0.000000    0.000000   clock network delay (ideal)
                                  0.000000    0.000000   clock reconvergence pessimism
                                              0.000000 ^ _3700_/CLK (sky130_fd_sc_hd__dfrtp_2)
                                  0.302168    0.302168   library removal time
                                              0.302168   data required time
---------------------------------------------------------------------------------------------
                                              0.302168   data required time
                                             -2.024546   data arrival time
---------------------------------------------------------------------------------------------
                                              1.722378   slack (MET)


Startpoint: rst (input port clocked by clk)
Endpoint: _3701_ (removal check against rising-edge clock clk)
Path Group: asynchronous
Path Type: min

Fanout         Cap        Slew       Delay        Time   Description
---------------------------------------------------------------------------------------------
                      0.000000    0.000000    0.000000   clock clk (rise edge)
                                  0.000000    0.000000   clock network delay (ideal)
                                  2.000000    2.000000 v input external delay
   213    0.910787    0.000000    0.000000    2.000000 v rst (in)
                                                         rst (net)
                      0.000000    0.000000    2.000000 v _1999_/A (sky130_fd_sc_hd__inv_2)
     1    0.003612    0.024105    0.024546    2.024546 ^ _1999_/Y (sky130_fd_sc_hd__inv_2)
                                                         _0034_ (net)
                      0.024105    0.000000    2.024546 ^ _3701_/RESET_B (sky130_fd_sc_hd__dfrtp_2)
                                              2.024546   data arrival time

                      0.000000    0.000000    0.000000   clock clk (rise edge)
                                  0.000000    0.000000   clock network delay (ideal)
                                  0.000000    0.000000   clock reconvergence pessimism
                                              0.000000 ^ _3701_/CLK (sky130_fd_sc_hd__dfrtp_2)
                                  0.302168    0.302168   library removal time
                                              0.302168   data required time
---------------------------------------------------------------------------------------------
                                              0.302168   data required time
                                             -2.024546   data arrival time
---------------------------------------------------------------------------------------------
                                              1.722378   slack (MET)


Startpoint: rst (input port clocked by clk)
Endpoint: _3702_ (removal check against rising-edge clock clk)
Path Group: asynchronous
Path Type: min

Fanout         Cap        Slew       Delay        Time   Description
---------------------------------------------------------------------------------------------
                      0.000000    0.000000    0.000000   clock clk (rise edge)
                                  0.000000    0.000000   clock network delay (ideal)
                                  2.000000    2.000000 v input external delay
   213    0.910787    0.000000    0.000000    2.000000 v rst (in)
                                                         rst (net)
                      0.000000    0.000000    2.000000 v _2000_/A (sky130_fd_sc_hd__inv_2)
     1    0.003612    0.024105    0.024546    2.024546 ^ _2000_/Y (sky130_fd_sc_hd__inv_2)
                                                         _0035_ (net)
                      0.024105    0.000000    2.024546 ^ _3702_/RESET_B (sky130_fd_sc_hd__dfrtp_2)
                                              2.024546   data arrival time

                      0.000000    0.000000    0.000000   clock clk (rise edge)
                                  0.000000    0.000000   clock network delay (ideal)
                                  0.000000    0.000000   clock reconvergence pessimism
                                              0.000000 ^ _3702_/CLK (sky130_fd_sc_hd__dfrtp_2)
                                  0.302168    0.302168   library removal time
                                              0.302168   data required time
---------------------------------------------------------------------------------------------
                                              0.302168   data required time
                                             -2.024546   data arrival time
---------------------------------------------------------------------------------------------
                                              1.722378   slack (MET)


Startpoint: rst (input port clocked by clk)
Endpoint: _3703_ (removal check against rising-edge clock clk)
Path Group: asynchronous
Path Type: min

Fanout         Cap        Slew       Delay        Time   Description
---------------------------------------------------------------------------------------------
                      0.000000    0.000000    0.000000   clock clk (rise edge)
                                  0.000000    0.000000   clock network delay (ideal)
                                  2.000000    2.000000 v input external delay
   213    0.910787    0.000000    0.000000    2.000000 v rst (in)
                                                         rst (net)
                      0.000000    0.000000    2.000000 v _2001_/A (sky130_fd_sc_hd__inv_2)
     1    0.003612    0.024105    0.024546    2.024546 ^ _2001_/Y (sky130_fd_sc_hd__inv_2)
                                                         _0036_ (net)
                      0.024105    0.000000    2.024546 ^ _3703_/RESET_B (sky130_fd_sc_hd__dfrtp_2)
                                              2.024546   data arrival time

                      0.000000    0.000000    0.000000   clock clk (rise edge)
                                  0.000000    0.000000   clock network delay (ideal)
                                  0.000000    0.000000   clock reconvergence pessimism
                                              0.000000 ^ _3703_/CLK (sky130_fd_sc_hd__dfrtp_2)
                                  0.302168    0.302168   library removal time
                                              0.302168   data required time
---------------------------------------------------------------------------------------------
                                              0.302168   data required time
                                             -2.024546   data arrival time
---------------------------------------------------------------------------------------------
                                              1.722378   slack (MET)


Startpoint: rst (input port clocked by clk)
Endpoint: _3704_ (removal check against rising-edge clock clk)
Path Group: asynchronous
Path Type: min

Fanout         Cap        Slew       Delay        Time   Description
---------------------------------------------------------------------------------------------
                      0.000000    0.000000    0.000000   clock clk (rise edge)
                                  0.000000    0.000000   clock network delay (ideal)
                                  2.000000    2.000000 v input external delay
   213    0.910787    0.000000    0.000000    2.000000 v rst (in)
                                                         rst (net)
                      0.000000    0.000000    2.000000 v _2002_/A (sky130_fd_sc_hd__inv_2)
     1    0.003612    0.024105    0.024546    2.024546 ^ _2002_/Y (sky130_fd_sc_hd__inv_2)
                                                         _0037_ (net)
                      0.024105    0.000000    2.024546 ^ _3704_/RESET_B (sky130_fd_sc_hd__dfrtp_2)
                                              2.024546   data arrival time

                      0.000000    0.000000    0.000000   clock clk (rise edge)
                                  0.000000    0.000000   clock network delay (ideal)
                                  0.000000    0.000000   clock reconvergence pessimism
                                              0.000000 ^ _3704_/CLK (sky130_fd_sc_hd__dfrtp_2)
                                  0.302168    0.302168   library removal time
                                              0.302168   data required time
---------------------------------------------------------------------------------------------
                                              0.302168   data required time
                                             -2.024546   data arrival time
---------------------------------------------------------------------------------------------
                                              1.722378   slack (MET)


Startpoint: rst (input port clocked by clk)
Endpoint: _3705_ (removal check against rising-edge clock clk)
Path Group: asynchronous
Path Type: min

Fanout         Cap        Slew       Delay        Time   Description
---------------------------------------------------------------------------------------------
                      0.000000    0.000000    0.000000   clock clk (rise edge)
                                  0.000000    0.000000   clock network delay (ideal)
                                  2.000000    2.000000 v input external delay
   213    0.910787    0.000000    0.000000    2.000000 v rst (in)
                                                         rst (net)
                      0.000000    0.000000    2.000000 v _2003_/A (sky130_fd_sc_hd__inv_2)
     1    0.003612    0.024105    0.024546    2.024546 ^ _2003_/Y (sky130_fd_sc_hd__inv_2)
                                                         _0038_ (net)
                      0.024105    0.000000    2.024546 ^ _3705_/RESET_B (sky130_fd_sc_hd__dfrtp_2)
                                              2.024546   data arrival time

                      0.000000    0.000000    0.000000   clock clk (rise edge)
                                  0.000000    0.000000   clock network delay (ideal)
                                  0.000000    0.000000   clock reconvergence pessimism
                                              0.000000 ^ _3705_/CLK (sky130_fd_sc_hd__dfrtp_2)
                                  0.302168    0.302168   library removal time
                                              0.302168   data required time
---------------------------------------------------------------------------------------------
                                              0.302168   data required time
                                             -2.024546   data arrival time
---------------------------------------------------------------------------------------------
                                              1.722378   slack (MET)


Startpoint: rst (input port clocked by clk)
Endpoint: _3706_ (removal check against rising-edge clock clk)
Path Group: asynchronous
Path Type: min

Fanout         Cap        Slew       Delay        Time   Description
---------------------------------------------------------------------------------------------
                      0.000000    0.000000    0.000000   clock clk (rise edge)
                                  0.000000    0.000000   clock network delay (ideal)
                                  2.000000    2.000000 v input external delay
   213    0.910787    0.000000    0.000000    2.000000 v rst (in)
                                                         rst (net)
                      0.000000    0.000000    2.000000 v _2004_/A (sky130_fd_sc_hd__inv_2)
     1    0.003612    0.024105    0.024546    2.024546 ^ _2004_/Y (sky130_fd_sc_hd__inv_2)
                                                         _0039_ (net)
                      0.024105    0.000000    2.024546 ^ _3706_/RESET_B (sky130_fd_sc_hd__dfrtp_2)
                                              2.024546   data arrival time

                      0.000000    0.000000    0.000000   clock clk (rise edge)
                                  0.000000    0.000000   clock network delay (ideal)
                                  0.000000    0.000000   clock reconvergence pessimism
                                              0.000000 ^ _3706_/CLK (sky130_fd_sc_hd__dfrtp_2)
                                  0.302168    0.302168   library removal time
                                              0.302168   data required time
---------------------------------------------------------------------------------------------
                                              0.302168   data required time
                                             -2.024546   data arrival time
---------------------------------------------------------------------------------------------
                                              1.722378   slack (MET)


Startpoint: rst (input port clocked by clk)
Endpoint: _3707_ (removal check against rising-edge clock clk)
Path Group: asynchronous
Path Type: min

Fanout         Cap        Slew       Delay        Time   Description
---------------------------------------------------------------------------------------------
                      0.000000    0.000000    0.000000   clock clk (rise edge)
                                  0.000000    0.000000   clock network delay (ideal)
                                  2.000000    2.000000 v input external delay
   213    0.910787    0.000000    0.000000    2.000000 v rst (in)
                                                         rst (net)
                      0.000000    0.000000    2.000000 v _2005_/A (sky130_fd_sc_hd__inv_2)
     1    0.003612    0.024105    0.024546    2.024546 ^ _2005_/Y (sky130_fd_sc_hd__inv_2)
                                                         _0040_ (net)
                      0.024105    0.000000    2.024546 ^ _3707_/RESET_B (sky130_fd_sc_hd__dfrtp_2)
                                              2.024546   data arrival time

                      0.000000    0.000000    0.000000   clock clk (rise edge)
                                  0.000000    0.000000   clock network delay (ideal)
                                  0.000000    0.000000   clock reconvergence pessimism
                                              0.000000 ^ _3707_/CLK (sky130_fd_sc_hd__dfrtp_2)
                                  0.302168    0.302168   library removal time
                                              0.302168   data required time
---------------------------------------------------------------------------------------------
                                              0.302168   data required time
                                             -2.024546   data arrival time
---------------------------------------------------------------------------------------------
                                              1.722378   slack (MET)


Startpoint: rst (input port clocked by clk)
Endpoint: _3708_ (removal check against rising-edge clock clk)
Path Group: asynchronous
Path Type: min

Fanout         Cap        Slew       Delay        Time   Description
---------------------------------------------------------------------------------------------
                      0.000000    0.000000    0.000000   clock clk (rise edge)
                                  0.000000    0.000000   clock network delay (ideal)
                                  2.000000    2.000000 v input external delay
   213    0.910787    0.000000    0.000000    2.000000 v rst (in)
                                                         rst (net)
                      0.000000    0.000000    2.000000 v _2006_/A (sky130_fd_sc_hd__inv_2)
     1    0.003612    0.024105    0.024546    2.024546 ^ _2006_/Y (sky130_fd_sc_hd__inv_2)
                                                         _0041_ (net)
                      0.024105    0.000000    2.024546 ^ _3708_/RESET_B (sky130_fd_sc_hd__dfrtp_2)
                                              2.024546   data arrival time

                      0.000000    0.000000    0.000000   clock clk (rise edge)
                                  0.000000    0.000000   clock network delay (ideal)
                                  0.000000    0.000000   clock reconvergence pessimism
                                              0.000000 ^ _3708_/CLK (sky130_fd_sc_hd__dfrtp_2)
                                  0.302168    0.302168   library removal time
                                              0.302168   data required time
---------------------------------------------------------------------------------------------
                                              0.302168   data required time
                                             -2.024546   data arrival time
---------------------------------------------------------------------------------------------
                                              1.722378   slack (MET)


Startpoint: rst (input port clocked by clk)
Endpoint: _3709_ (removal check against rising-edge clock clk)
Path Group: asynchronous
Path Type: min

Fanout         Cap        Slew       Delay        Time   Description
---------------------------------------------------------------------------------------------
                      0.000000    0.000000    0.000000   clock clk (rise edge)
                                  0.000000    0.000000   clock network delay (ideal)
                                  2.000000    2.000000 v input external delay
   213    0.910787    0.000000    0.000000    2.000000 v rst (in)
                                                         rst (net)
                      0.000000    0.000000    2.000000 v _2007_/A (sky130_fd_sc_hd__inv_2)
     1    0.003612    0.024105    0.024546    2.024546 ^ _2007_/Y (sky130_fd_sc_hd__inv_2)
                                                         _0042_ (net)
                      0.024105    0.000000    2.024546 ^ _3709_/RESET_B (sky130_fd_sc_hd__dfrtp_2)
                                              2.024546   data arrival time

                      0.000000    0.000000    0.000000   clock clk (rise edge)
                                  0.000000    0.000000   clock network delay (ideal)
                                  0.000000    0.000000   clock reconvergence pessimism
                                              0.000000 ^ _3709_/CLK (sky130_fd_sc_hd__dfrtp_2)
                                  0.302168    0.302168   library removal time
                                              0.302168   data required time
---------------------------------------------------------------------------------------------
                                              0.302168   data required time
                                             -2.024546   data arrival time
---------------------------------------------------------------------------------------------
                                              1.722378   slack (MET)


Startpoint: rst (input port clocked by clk)
Endpoint: _3710_ (removal check against rising-edge clock clk)
Path Group: asynchronous
Path Type: min

Fanout         Cap        Slew       Delay        Time   Description
---------------------------------------------------------------------------------------------
                      0.000000    0.000000    0.000000   clock clk (rise edge)
                                  0.000000    0.000000   clock network delay (ideal)
                                  2.000000    2.000000 v input external delay
   213    0.910787    0.000000    0.000000    2.000000 v rst (in)
                                                         rst (net)
                      0.000000    0.000000    2.000000 v _2008_/A (sky130_fd_sc_hd__inv_2)
     1    0.003612    0.024105    0.024546    2.024546 ^ _2008_/Y (sky130_fd_sc_hd__inv_2)
                                                         _0043_ (net)
                      0.024105    0.000000    2.024546 ^ _3710_/RESET_B (sky130_fd_sc_hd__dfrtp_2)
                                              2.024546   data arrival time

                      0.000000    0.000000    0.000000   clock clk (rise edge)
                                  0.000000    0.000000   clock network delay (ideal)
                                  0.000000    0.000000   clock reconvergence pessimism
                                              0.000000 ^ _3710_/CLK (sky130_fd_sc_hd__dfrtp_2)
                                  0.302168    0.302168   library removal time
                                              0.302168   data required time
---------------------------------------------------------------------------------------------
                                              0.302168   data required time
                                             -2.024546   data arrival time
---------------------------------------------------------------------------------------------
                                              1.722378   slack (MET)


Startpoint: rst (input port clocked by clk)
Endpoint: _3711_ (removal check against rising-edge clock clk)
Path Group: asynchronous
Path Type: min

Fanout         Cap        Slew       Delay        Time   Description
---------------------------------------------------------------------------------------------
                      0.000000    0.000000    0.000000   clock clk (rise edge)
                                  0.000000    0.000000   clock network delay (ideal)
                                  2.000000    2.000000 v input external delay
   213    0.910787    0.000000    0.000000    2.000000 v rst (in)
                                                         rst (net)
                      0.000000    0.000000    2.000000 v _2009_/A (sky130_fd_sc_hd__inv_2)
     1    0.003612    0.024105    0.024546    2.024546 ^ _2009_/Y (sky130_fd_sc_hd__inv_2)
                                                         _0044_ (net)
                      0.024105    0.000000    2.024546 ^ _3711_/RESET_B (sky130_fd_sc_hd__dfrtp_2)
                                              2.024546   data arrival time

                      0.000000    0.000000    0.000000   clock clk (rise edge)
                                  0.000000    0.000000   clock network delay (ideal)
                                  0.000000    0.000000   clock reconvergence pessimism
                                              0.000000 ^ _3711_/CLK (sky130_fd_sc_hd__dfrtp_2)
                                  0.302168    0.302168   library removal time
                                              0.302168   data required time
---------------------------------------------------------------------------------------------
                                              0.302168   data required time
                                             -2.024546   data arrival time
---------------------------------------------------------------------------------------------
                                              1.722378   slack (MET)


Startpoint: rst (input port clocked by clk)
Endpoint: _3712_ (removal check against rising-edge clock clk)
Path Group: asynchronous
Path Type: min

Fanout         Cap        Slew       Delay        Time   Description
---------------------------------------------------------------------------------------------
                      0.000000    0.000000    0.000000   clock clk (rise edge)
                                  0.000000    0.000000   clock network delay (ideal)
                                  2.000000    2.000000 v input external delay
   213    0.910787    0.000000    0.000000    2.000000 v rst (in)
                                                         rst (net)
                      0.000000    0.000000    2.000000 v _2010_/A (sky130_fd_sc_hd__inv_2)
     1    0.003612    0.024105    0.024546    2.024546 ^ _2010_/Y (sky130_fd_sc_hd__inv_2)
                                                         _0045_ (net)
                      0.024105    0.000000    2.024546 ^ _3712_/RESET_B (sky130_fd_sc_hd__dfrtp_2)
                                              2.024546   data arrival time

                      0.000000    0.000000    0.000000   clock clk (rise edge)
                                  0.000000    0.000000   clock network delay (ideal)
                                  0.000000    0.000000   clock reconvergence pessimism
                                              0.000000 ^ _3712_/CLK (sky130_fd_sc_hd__dfrtp_2)
                                  0.302168    0.302168   library removal time
                                              0.302168   data required time
---------------------------------------------------------------------------------------------
                                              0.302168   data required time
                                             -2.024546   data arrival time
---------------------------------------------------------------------------------------------
                                              1.722378   slack (MET)


Startpoint: rst (input port clocked by clk)
Endpoint: _3713_ (removal check against rising-edge clock clk)
Path Group: asynchronous
Path Type: min

Fanout         Cap        Slew       Delay        Time   Description
---------------------------------------------------------------------------------------------
                      0.000000    0.000000    0.000000   clock clk (rise edge)
                                  0.000000    0.000000   clock network delay (ideal)
                                  2.000000    2.000000 v input external delay
   213    0.910787    0.000000    0.000000    2.000000 v rst (in)
                                                         rst (net)
                      0.000000    0.000000    2.000000 v _2011_/A (sky130_fd_sc_hd__inv_2)
     1    0.003612    0.024105    0.024546    2.024546 ^ _2011_/Y (sky130_fd_sc_hd__inv_2)
                                                         _0046_ (net)
                      0.024105    0.000000    2.024546 ^ _3713_/RESET_B (sky130_fd_sc_hd__dfrtp_2)
                                              2.024546   data arrival time

                      0.000000    0.000000    0.000000   clock clk (rise edge)
                                  0.000000    0.000000   clock network delay (ideal)
                                  0.000000    0.000000   clock reconvergence pessimism
                                              0.000000 ^ _3713_/CLK (sky130_fd_sc_hd__dfrtp_2)
                                  0.302168    0.302168   library removal time
                                              0.302168   data required time
---------------------------------------------------------------------------------------------
                                              0.302168   data required time
                                             -2.024546   data arrival time
---------------------------------------------------------------------------------------------
                                              1.722378   slack (MET)


Startpoint: rst (input port clocked by clk)
Endpoint: _3714_ (removal check against rising-edge clock clk)
Path Group: asynchronous
Path Type: min

Fanout         Cap        Slew       Delay        Time   Description
---------------------------------------------------------------------------------------------
                      0.000000    0.000000    0.000000   clock clk (rise edge)
                                  0.000000    0.000000   clock network delay (ideal)
                                  2.000000    2.000000 v input external delay
   213    0.910787    0.000000    0.000000    2.000000 v rst (in)
                                                         rst (net)
                      0.000000    0.000000    2.000000 v _2012_/A (sky130_fd_sc_hd__inv_2)
     1    0.003612    0.024105    0.024546    2.024546 ^ _2012_/Y (sky130_fd_sc_hd__inv_2)
                                                         _0047_ (net)
                      0.024105    0.000000    2.024546 ^ _3714_/RESET_B (sky130_fd_sc_hd__dfrtp_2)
                                              2.024546   data arrival time

                      0.000000    0.000000    0.000000   clock clk (rise edge)
                                  0.000000    0.000000   clock network delay (ideal)
                                  0.000000    0.000000   clock reconvergence pessimism
                                              0.000000 ^ _3714_/CLK (sky130_fd_sc_hd__dfrtp_2)
                                  0.302168    0.302168   library removal time
                                              0.302168   data required time
---------------------------------------------------------------------------------------------
                                              0.302168   data required time
                                             -2.024546   data arrival time
---------------------------------------------------------------------------------------------
                                              1.722378   slack (MET)


Startpoint: rst (input port clocked by clk)
Endpoint: _3715_ (removal check against rising-edge clock clk)
Path Group: asynchronous
Path Type: min

Fanout         Cap        Slew       Delay        Time   Description
---------------------------------------------------------------------------------------------
                      0.000000    0.000000    0.000000   clock clk (rise edge)
                                  0.000000    0.000000   clock network delay (ideal)
                                  2.000000    2.000000 v input external delay
   213    0.910787    0.000000    0.000000    2.000000 v rst (in)
                                                         rst (net)
                      0.000000    0.000000    2.000000 v _2013_/A (sky130_fd_sc_hd__inv_2)
     1    0.003612    0.024105    0.024546    2.024546 ^ _2013_/Y (sky130_fd_sc_hd__inv_2)
                                                         _0048_ (net)
                      0.024105    0.000000    2.024546 ^ _3715_/RESET_B (sky130_fd_sc_hd__dfrtp_2)
                                              2.024546   data arrival time

                      0.000000    0.000000    0.000000   clock clk (rise edge)
                                  0.000000    0.000000   clock network delay (ideal)
                                  0.000000    0.000000   clock reconvergence pessimism
                                              0.000000 ^ _3715_/CLK (sky130_fd_sc_hd__dfrtp_2)
                                  0.302168    0.302168   library removal time
                                              0.302168   data required time
---------------------------------------------------------------------------------------------
                                              0.302168   data required time
                                             -2.024546   data arrival time
---------------------------------------------------------------------------------------------
                                              1.722378   slack (MET)


Startpoint: rst (input port clocked by clk)
Endpoint: _3716_ (removal check against rising-edge clock clk)
Path Group: asynchronous
Path Type: min

Fanout         Cap        Slew       Delay        Time   Description
---------------------------------------------------------------------------------------------
                      0.000000    0.000000    0.000000   clock clk (rise edge)
                                  0.000000    0.000000   clock network delay (ideal)
                                  2.000000    2.000000 v input external delay
   213    0.910787    0.000000    0.000000    2.000000 v rst (in)
                                                         rst (net)
                      0.000000    0.000000    2.000000 v _2014_/A (sky130_fd_sc_hd__inv_2)
     1    0.003612    0.024105    0.024546    2.024546 ^ _2014_/Y (sky130_fd_sc_hd__inv_2)
                                                         _0049_ (net)
                      0.024105    0.000000    2.024546 ^ _3716_/RESET_B (sky130_fd_sc_hd__dfrtp_2)
                                              2.024546   data arrival time

                      0.000000    0.000000    0.000000   clock clk (rise edge)
                                  0.000000    0.000000   clock network delay (ideal)
                                  0.000000    0.000000   clock reconvergence pessimism
                                              0.000000 ^ _3716_/CLK (sky130_fd_sc_hd__dfrtp_2)
                                  0.302168    0.302168   library removal time
                                              0.302168   data required time
---------------------------------------------------------------------------------------------
                                              0.302168   data required time
                                             -2.024546   data arrival time
---------------------------------------------------------------------------------------------
                                              1.722378   slack (MET)


Startpoint: rst (input port clocked by clk)
Endpoint: _3717_ (removal check against rising-edge clock clk)
Path Group: asynchronous
Path Type: min

Fanout         Cap        Slew       Delay        Time   Description
---------------------------------------------------------------------------------------------
                      0.000000    0.000000    0.000000   clock clk (rise edge)
                                  0.000000    0.000000   clock network delay (ideal)
                                  2.000000    2.000000 v input external delay
   213    0.910787    0.000000    0.000000    2.000000 v rst (in)
                                                         rst (net)
                      0.000000    0.000000    2.000000 v _2015_/A (sky130_fd_sc_hd__inv_2)
     1    0.003612    0.024105    0.024546    2.024546 ^ _2015_/Y (sky130_fd_sc_hd__inv_2)
                                                         _0050_ (net)
                      0.024105    0.000000    2.024546 ^ _3717_/RESET_B (sky130_fd_sc_hd__dfrtp_2)
                                              2.024546   data arrival time

                      0.000000    0.000000    0.000000   clock clk (rise edge)
                                  0.000000    0.000000   clock network delay (ideal)
                                  0.000000    0.000000   clock reconvergence pessimism
                                              0.000000 ^ _3717_/CLK (sky130_fd_sc_hd__dfrtp_2)
                                  0.302168    0.302168   library removal time
                                              0.302168   data required time
---------------------------------------------------------------------------------------------
                                              0.302168   data required time
                                             -2.024546   data arrival time
---------------------------------------------------------------------------------------------
                                              1.722378   slack (MET)


Startpoint: rst (input port clocked by clk)
Endpoint: _3718_ (removal check against rising-edge clock clk)
Path Group: asynchronous
Path Type: min

Fanout         Cap        Slew       Delay        Time   Description
---------------------------------------------------------------------------------------------
                      0.000000    0.000000    0.000000   clock clk (rise edge)
                                  0.000000    0.000000   clock network delay (ideal)
                                  2.000000    2.000000 v input external delay
   213    0.910787    0.000000    0.000000    2.000000 v rst (in)
                                                         rst (net)
                      0.000000    0.000000    2.000000 v _2016_/A (sky130_fd_sc_hd__inv_2)
     1    0.003612    0.024105    0.024546    2.024546 ^ _2016_/Y (sky130_fd_sc_hd__inv_2)
                                                         _0051_ (net)
                      0.024105    0.000000    2.024546 ^ _3718_/RESET_B (sky130_fd_sc_hd__dfrtp_2)
                                              2.024546   data arrival time

                      0.000000    0.000000    0.000000   clock clk (rise edge)
                                  0.000000    0.000000   clock network delay (ideal)
                                  0.000000    0.000000   clock reconvergence pessimism
                                              0.000000 ^ _3718_/CLK (sky130_fd_sc_hd__dfrtp_2)
                                  0.302168    0.302168   library removal time
                                              0.302168   data required time
---------------------------------------------------------------------------------------------
                                              0.302168   data required time
                                             -2.024546   data arrival time
---------------------------------------------------------------------------------------------
                                              1.722378   slack (MET)


Startpoint: rst (input port clocked by clk)
Endpoint: _3719_ (removal check against rising-edge clock clk)
Path Group: asynchronous
Path Type: min

Fanout         Cap        Slew       Delay        Time   Description
---------------------------------------------------------------------------------------------
                      0.000000    0.000000    0.000000   clock clk (rise edge)
                                  0.000000    0.000000   clock network delay (ideal)
                                  2.000000    2.000000 v input external delay
   213    0.910787    0.000000    0.000000    2.000000 v rst (in)
                                                         rst (net)
                      0.000000    0.000000    2.000000 v _2017_/A (sky130_fd_sc_hd__inv_2)
     1    0.003612    0.024105    0.024546    2.024546 ^ _2017_/Y (sky130_fd_sc_hd__inv_2)
                                                         _0052_ (net)
                      0.024105    0.000000    2.024546 ^ _3719_/RESET_B (sky130_fd_sc_hd__dfrtp_2)
                                              2.024546   data arrival time

                      0.000000    0.000000    0.000000   clock clk (rise edge)
                                  0.000000    0.000000   clock network delay (ideal)
                                  0.000000    0.000000   clock reconvergence pessimism
                                              0.000000 ^ _3719_/CLK (sky130_fd_sc_hd__dfrtp_2)
                                  0.302168    0.302168   library removal time
                                              0.302168   data required time
---------------------------------------------------------------------------------------------
                                              0.302168   data required time
                                             -2.024546   data arrival time
---------------------------------------------------------------------------------------------
                                              1.722378   slack (MET)


Startpoint: rst (input port clocked by clk)
Endpoint: _3720_ (removal check against rising-edge clock clk)
Path Group: asynchronous
Path Type: min

Fanout         Cap        Slew       Delay        Time   Description
---------------------------------------------------------------------------------------------
                      0.000000    0.000000    0.000000   clock clk (rise edge)
                                  0.000000    0.000000   clock network delay (ideal)
                                  2.000000    2.000000 v input external delay
   213    0.910787    0.000000    0.000000    2.000000 v rst (in)
                                                         rst (net)
                      0.000000    0.000000    2.000000 v _2018_/A (sky130_fd_sc_hd__inv_2)
     1    0.003612    0.024105    0.024546    2.024546 ^ _2018_/Y (sky130_fd_sc_hd__inv_2)
                                                         _0053_ (net)
                      0.024105    0.000000    2.024546 ^ _3720_/RESET_B (sky130_fd_sc_hd__dfrtp_2)
                                              2.024546   data arrival time

                      0.000000    0.000000    0.000000   clock clk (rise edge)
                                  0.000000    0.000000   clock network delay (ideal)
                                  0.000000    0.000000   clock reconvergence pessimism
                                              0.000000 ^ _3720_/CLK (sky130_fd_sc_hd__dfrtp_2)
                                  0.302168    0.302168   library removal time
                                              0.302168   data required time
---------------------------------------------------------------------------------------------
                                              0.302168   data required time
                                             -2.024546   data arrival time
---------------------------------------------------------------------------------------------
                                              1.722378   slack (MET)


Startpoint: rst (input port clocked by clk)
Endpoint: _3721_ (removal check against rising-edge clock clk)
Path Group: asynchronous
Path Type: min

Fanout         Cap        Slew       Delay        Time   Description
---------------------------------------------------------------------------------------------
                      0.000000    0.000000    0.000000   clock clk (rise edge)
                                  0.000000    0.000000   clock network delay (ideal)
                                  2.000000    2.000000 v input external delay
   213    0.910787    0.000000    0.000000    2.000000 v rst (in)
                                                         rst (net)
                      0.000000    0.000000    2.000000 v _2019_/A (sky130_fd_sc_hd__inv_2)
     1    0.003612    0.024105    0.024546    2.024546 ^ _2019_/Y (sky130_fd_sc_hd__inv_2)
                                                         _0054_ (net)
                      0.024105    0.000000    2.024546 ^ _3721_/RESET_B (sky130_fd_sc_hd__dfrtp_2)
                                              2.024546   data arrival time

                      0.000000    0.000000    0.000000   clock clk (rise edge)
                                  0.000000    0.000000   clock network delay (ideal)
                                  0.000000    0.000000   clock reconvergence pessimism
                                              0.000000 ^ _3721_/CLK (sky130_fd_sc_hd__dfrtp_2)
                                  0.302168    0.302168   library removal time
                                              0.302168   data required time
---------------------------------------------------------------------------------------------
                                              0.302168   data required time
                                             -2.024546   data arrival time
---------------------------------------------------------------------------------------------
                                              1.722378   slack (MET)


Startpoint: rst (input port clocked by clk)
Endpoint: _3722_ (removal check against rising-edge clock clk)
Path Group: asynchronous
Path Type: min

Fanout         Cap        Slew       Delay        Time   Description
---------------------------------------------------------------------------------------------
                      0.000000    0.000000    0.000000   clock clk (rise edge)
                                  0.000000    0.000000   clock network delay (ideal)
                                  2.000000    2.000000 v input external delay
   213    0.910787    0.000000    0.000000    2.000000 v rst (in)
                                                         rst (net)
                      0.000000    0.000000    2.000000 v _2020_/A (sky130_fd_sc_hd__inv_2)
     1    0.003612    0.024105    0.024546    2.024546 ^ _2020_/Y (sky130_fd_sc_hd__inv_2)
                                                         _0055_ (net)
                      0.024105    0.000000    2.024546 ^ _3722_/RESET_B (sky130_fd_sc_hd__dfrtp_2)
                                              2.024546   data arrival time

                      0.000000    0.000000    0.000000   clock clk (rise edge)
                                  0.000000    0.000000   clock network delay (ideal)
                                  0.000000    0.000000   clock reconvergence pessimism
                                              0.000000 ^ _3722_/CLK (sky130_fd_sc_hd__dfrtp_2)
                                  0.302168    0.302168   library removal time
                                              0.302168   data required time
---------------------------------------------------------------------------------------------
                                              0.302168   data required time
                                             -2.024546   data arrival time
---------------------------------------------------------------------------------------------
                                              1.722378   slack (MET)


Startpoint: rst (input port clocked by clk)
Endpoint: _3723_ (removal check against rising-edge clock clk)
Path Group: asynchronous
Path Type: min

Fanout         Cap        Slew       Delay        Time   Description
---------------------------------------------------------------------------------------------
                      0.000000    0.000000    0.000000   clock clk (rise edge)
                                  0.000000    0.000000   clock network delay (ideal)
                                  2.000000    2.000000 v input external delay
   213    0.910787    0.000000    0.000000    2.000000 v rst (in)
                                                         rst (net)
                      0.000000    0.000000    2.000000 v _2021_/A (sky130_fd_sc_hd__inv_2)
     1    0.003612    0.024105    0.024546    2.024546 ^ _2021_/Y (sky130_fd_sc_hd__inv_2)
                                                         _0056_ (net)
                      0.024105    0.000000    2.024546 ^ _3723_/RESET_B (sky130_fd_sc_hd__dfrtp_2)
                                              2.024546   data arrival time

                      0.000000    0.000000    0.000000   clock clk (rise edge)
                                  0.000000    0.000000   clock network delay (ideal)
                                  0.000000    0.000000   clock reconvergence pessimism
                                              0.000000 ^ _3723_/CLK (sky130_fd_sc_hd__dfrtp_2)
                                  0.302168    0.302168   library removal time
                                              0.302168   data required time
---------------------------------------------------------------------------------------------
                                              0.302168   data required time
                                             -2.024546   data arrival time
---------------------------------------------------------------------------------------------
                                              1.722378   slack (MET)


Startpoint: rst (input port clocked by clk)
Endpoint: _3724_ (removal check against rising-edge clock clk)
Path Group: asynchronous
Path Type: min

Fanout         Cap        Slew       Delay        Time   Description
---------------------------------------------------------------------------------------------
                      0.000000    0.000000    0.000000   clock clk (rise edge)
                                  0.000000    0.000000   clock network delay (ideal)
                                  2.000000    2.000000 v input external delay
   213    0.910787    0.000000    0.000000    2.000000 v rst (in)
                                                         rst (net)
                      0.000000    0.000000    2.000000 v _2022_/A (sky130_fd_sc_hd__inv_2)
     1    0.003612    0.024105    0.024546    2.024546 ^ _2022_/Y (sky130_fd_sc_hd__inv_2)
                                                         _0057_ (net)
                      0.024105    0.000000    2.024546 ^ _3724_/RESET_B (sky130_fd_sc_hd__dfrtp_2)
                                              2.024546   data arrival time

                      0.000000    0.000000    0.000000   clock clk (rise edge)
                                  0.000000    0.000000   clock network delay (ideal)
                                  0.000000    0.000000   clock reconvergence pessimism
                                              0.000000 ^ _3724_/CLK (sky130_fd_sc_hd__dfrtp_2)
                                  0.302168    0.302168   library removal time
                                              0.302168   data required time
---------------------------------------------------------------------------------------------
                                              0.302168   data required time
                                             -2.024546   data arrival time
---------------------------------------------------------------------------------------------
                                              1.722378   slack (MET)


Startpoint: rst (input port clocked by clk)
Endpoint: _3725_ (removal check against rising-edge clock clk)
Path Group: asynchronous
Path Type: min

Fanout         Cap        Slew       Delay        Time   Description
---------------------------------------------------------------------------------------------
                      0.000000    0.000000    0.000000   clock clk (rise edge)
                                  0.000000    0.000000   clock network delay (ideal)
                                  2.000000    2.000000 v input external delay
   213    0.910787    0.000000    0.000000    2.000000 v rst (in)
                                                         rst (net)
                      0.000000    0.000000    2.000000 v _2023_/A (sky130_fd_sc_hd__inv_2)
     1    0.003612    0.024105    0.024546    2.024546 ^ _2023_/Y (sky130_fd_sc_hd__inv_2)
                                                         _0058_ (net)
                      0.024105    0.000000    2.024546 ^ _3725_/RESET_B (sky130_fd_sc_hd__dfrtp_2)
                                              2.024546   data arrival time

                      0.000000    0.000000    0.000000   clock clk (rise edge)
                                  0.000000    0.000000   clock network delay (ideal)
                                  0.000000    0.000000   clock reconvergence pessimism
                                              0.000000 ^ _3725_/CLK (sky130_fd_sc_hd__dfrtp_2)
                                  0.302168    0.302168   library removal time
                                              0.302168   data required time
---------------------------------------------------------------------------------------------
                                              0.302168   data required time
                                             -2.024546   data arrival time
---------------------------------------------------------------------------------------------
                                              1.722378   slack (MET)


Startpoint: rst (input port clocked by clk)
Endpoint: _3726_ (removal check against rising-edge clock clk)
Path Group: asynchronous
Path Type: min

Fanout         Cap        Slew       Delay        Time   Description
---------------------------------------------------------------------------------------------
                      0.000000    0.000000    0.000000   clock clk (rise edge)
                                  0.000000    0.000000   clock network delay (ideal)
                                  2.000000    2.000000 v input external delay
   213    0.910787    0.000000    0.000000    2.000000 v rst (in)
                                                         rst (net)
                      0.000000    0.000000    2.000000 v _2024_/A (sky130_fd_sc_hd__inv_2)
     1    0.003612    0.024105    0.024546    2.024546 ^ _2024_/Y (sky130_fd_sc_hd__inv_2)
                                                         _0059_ (net)
                      0.024105    0.000000    2.024546 ^ _3726_/RESET_B (sky130_fd_sc_hd__dfrtp_2)
                                              2.024546   data arrival time

                      0.000000    0.000000    0.000000   clock clk (rise edge)
                                  0.000000    0.000000   clock network delay (ideal)
                                  0.000000    0.000000   clock reconvergence pessimism
                                              0.000000 ^ _3726_/CLK (sky130_fd_sc_hd__dfrtp_2)
                                  0.302168    0.302168   library removal time
                                              0.302168   data required time
---------------------------------------------------------------------------------------------
                                              0.302168   data required time
                                             -2.024546   data arrival time
---------------------------------------------------------------------------------------------
                                              1.722378   slack (MET)


Startpoint: rst (input port clocked by clk)
Endpoint: _3727_ (removal check against rising-edge clock clk)
Path Group: asynchronous
Path Type: min

Fanout         Cap        Slew       Delay        Time   Description
---------------------------------------------------------------------------------------------
                      0.000000    0.000000    0.000000   clock clk (rise edge)
                                  0.000000    0.000000   clock network delay (ideal)
                                  2.000000    2.000000 v input external delay
   213    0.910787    0.000000    0.000000    2.000000 v rst (in)
                                                         rst (net)
                      0.000000    0.000000    2.000000 v _2025_/A (sky130_fd_sc_hd__inv_2)
     1    0.003612    0.024105    0.024546    2.024546 ^ _2025_/Y (sky130_fd_sc_hd__inv_2)
                                                         _0060_ (net)
                      0.024105    0.000000    2.024546 ^ _3727_/RESET_B (sky130_fd_sc_hd__dfrtp_2)
                                              2.024546   data arrival time

                      0.000000    0.000000    0.000000   clock clk (rise edge)
                                  0.000000    0.000000   clock network delay (ideal)
                                  0.000000    0.000000   clock reconvergence pessimism
                                              0.000000 ^ _3727_/CLK (sky130_fd_sc_hd__dfrtp_2)
                                  0.302168    0.302168   library removal time
                                              0.302168   data required time
---------------------------------------------------------------------------------------------
                                              0.302168   data required time
                                             -2.024546   data arrival time
---------------------------------------------------------------------------------------------
                                              1.722378   slack (MET)


Startpoint: rst (input port clocked by clk)
Endpoint: _3728_ (removal check against rising-edge clock clk)
Path Group: asynchronous
Path Type: min

Fanout         Cap        Slew       Delay        Time   Description
---------------------------------------------------------------------------------------------
                      0.000000    0.000000    0.000000   clock clk (rise edge)
                                  0.000000    0.000000   clock network delay (ideal)
                                  2.000000    2.000000 v input external delay
   213    0.910787    0.000000    0.000000    2.000000 v rst (in)
                                                         rst (net)
                      0.000000    0.000000    2.000000 v _2026_/A (sky130_fd_sc_hd__inv_2)
     1    0.003612    0.024105    0.024546    2.024546 ^ _2026_/Y (sky130_fd_sc_hd__inv_2)
                                                         _0061_ (net)
                      0.024105    0.000000    2.024546 ^ _3728_/RESET_B (sky130_fd_sc_hd__dfrtp_2)
                                              2.024546   data arrival time

                      0.000000    0.000000    0.000000   clock clk (rise edge)
                                  0.000000    0.000000   clock network delay (ideal)
                                  0.000000    0.000000   clock reconvergence pessimism
                                              0.000000 ^ _3728_/CLK (sky130_fd_sc_hd__dfrtp_2)
                                  0.302168    0.302168   library removal time
                                              0.302168   data required time
---------------------------------------------------------------------------------------------
                                              0.302168   data required time
                                             -2.024546   data arrival time
---------------------------------------------------------------------------------------------
                                              1.722378   slack (MET)


Startpoint: rst (input port clocked by clk)
Endpoint: _3729_ (removal check against rising-edge clock clk)
Path Group: asynchronous
Path Type: min

Fanout         Cap        Slew       Delay        Time   Description
---------------------------------------------------------------------------------------------
                      0.000000    0.000000    0.000000   clock clk (rise edge)
                                  0.000000    0.000000   clock network delay (ideal)
                                  2.000000    2.000000 v input external delay
   213    0.910787    0.000000    0.000000    2.000000 v rst (in)
                                                         rst (net)
                      0.000000    0.000000    2.000000 v _2027_/A (sky130_fd_sc_hd__inv_2)
     1    0.003612    0.024105    0.024546    2.024546 ^ _2027_/Y (sky130_fd_sc_hd__inv_2)
                                                         _0062_ (net)
                      0.024105    0.000000    2.024546 ^ _3729_/RESET_B (sky130_fd_sc_hd__dfrtp_2)
                                              2.024546   data arrival time

                      0.000000    0.000000    0.000000   clock clk (rise edge)
                                  0.000000    0.000000   clock network delay (ideal)
                                  0.000000    0.000000   clock reconvergence pessimism
                                              0.000000 ^ _3729_/CLK (sky130_fd_sc_hd__dfrtp_2)
                                  0.302168    0.302168   library removal time
                                              0.302168   data required time
---------------------------------------------------------------------------------------------
                                              0.302168   data required time
                                             -2.024546   data arrival time
---------------------------------------------------------------------------------------------
                                              1.722378   slack (MET)


Startpoint: rst (input port clocked by clk)
Endpoint: _3730_ (removal check against rising-edge clock clk)
Path Group: asynchronous
Path Type: min

Fanout         Cap        Slew       Delay        Time   Description
---------------------------------------------------------------------------------------------
                      0.000000    0.000000    0.000000   clock clk (rise edge)
                                  0.000000    0.000000   clock network delay (ideal)
                                  2.000000    2.000000 v input external delay
   213    0.910787    0.000000    0.000000    2.000000 v rst (in)
                                                         rst (net)
                      0.000000    0.000000    2.000000 v _2028_/A (sky130_fd_sc_hd__inv_2)
     1    0.003612    0.024105    0.024546    2.024546 ^ _2028_/Y (sky130_fd_sc_hd__inv_2)
                                                         _0063_ (net)
                      0.024105    0.000000    2.024546 ^ _3730_/RESET_B (sky130_fd_sc_hd__dfrtp_2)
                                              2.024546   data arrival time

                      0.000000    0.000000    0.000000   clock clk (rise edge)
                                  0.000000    0.000000   clock network delay (ideal)
                                  0.000000    0.000000   clock reconvergence pessimism
                                              0.000000 ^ _3730_/CLK (sky130_fd_sc_hd__dfrtp_2)
                                  0.302168    0.302168   library removal time
                                              0.302168   data required time
---------------------------------------------------------------------------------------------
                                              0.302168   data required time
                                             -2.024546   data arrival time
---------------------------------------------------------------------------------------------
                                              1.722378   slack (MET)


Startpoint: rst (input port clocked by clk)
Endpoint: _3731_ (removal check against rising-edge clock clk)
Path Group: asynchronous
Path Type: min

Fanout         Cap        Slew       Delay        Time   Description
---------------------------------------------------------------------------------------------
                      0.000000    0.000000    0.000000   clock clk (rise edge)
                                  0.000000    0.000000   clock network delay (ideal)
                                  2.000000    2.000000 v input external delay
   213    0.910787    0.000000    0.000000    2.000000 v rst (in)
                                                         rst (net)
                      0.000000    0.000000    2.000000 v _2029_/A (sky130_fd_sc_hd__inv_2)
     1    0.003612    0.024105    0.024546    2.024546 ^ _2029_/Y (sky130_fd_sc_hd__inv_2)
                                                         _0064_ (net)
                      0.024105    0.000000    2.024546 ^ _3731_/RESET_B (sky130_fd_sc_hd__dfrtp_2)
                                              2.024546   data arrival time

                      0.000000    0.000000    0.000000   clock clk (rise edge)
                                  0.000000    0.000000   clock network delay (ideal)
                                  0.000000    0.000000   clock reconvergence pessimism
                                              0.000000 ^ _3731_/CLK (sky130_fd_sc_hd__dfrtp_2)
                                  0.302168    0.302168   library removal time
                                              0.302168   data required time
---------------------------------------------------------------------------------------------
                                              0.302168   data required time
                                             -2.024546   data arrival time
---------------------------------------------------------------------------------------------
                                              1.722378   slack (MET)


Startpoint: rst (input port clocked by clk)
Endpoint: _3732_ (removal check against rising-edge clock clk)
Path Group: asynchronous
Path Type: min

Fanout         Cap        Slew       Delay        Time   Description
---------------------------------------------------------------------------------------------
                      0.000000    0.000000    0.000000   clock clk (rise edge)
                                  0.000000    0.000000   clock network delay (ideal)
                                  2.000000    2.000000 v input external delay
   213    0.910787    0.000000    0.000000    2.000000 v rst (in)
                                                         rst (net)
                      0.000000    0.000000    2.000000 v _2030_/A (sky130_fd_sc_hd__inv_2)
     1    0.003612    0.024105    0.024546    2.024546 ^ _2030_/Y (sky130_fd_sc_hd__inv_2)
                                                         _0065_ (net)
                      0.024105    0.000000    2.024546 ^ _3732_/RESET_B (sky130_fd_sc_hd__dfrtp_2)
                                              2.024546   data arrival time

                      0.000000    0.000000    0.000000   clock clk (rise edge)
                                  0.000000    0.000000   clock network delay (ideal)
                                  0.000000    0.000000   clock reconvergence pessimism
                                              0.000000 ^ _3732_/CLK (sky130_fd_sc_hd__dfrtp_2)
                                  0.302168    0.302168   library removal time
                                              0.302168   data required time
---------------------------------------------------------------------------------------------
                                              0.302168   data required time
                                             -2.024546   data arrival time
---------------------------------------------------------------------------------------------
                                              1.722378   slack (MET)


Startpoint: rst (input port clocked by clk)
Endpoint: _3733_ (removal check against rising-edge clock clk)
Path Group: asynchronous
Path Type: min

Fanout         Cap        Slew       Delay        Time   Description
---------------------------------------------------------------------------------------------
                      0.000000    0.000000    0.000000   clock clk (rise edge)
                                  0.000000    0.000000   clock network delay (ideal)
                                  2.000000    2.000000 v input external delay
   213    0.910787    0.000000    0.000000    2.000000 v rst (in)
                                                         rst (net)
                      0.000000    0.000000    2.000000 v _2031_/A (sky130_fd_sc_hd__inv_2)
     1    0.003612    0.024105    0.024546    2.024546 ^ _2031_/Y (sky130_fd_sc_hd__inv_2)
                                                         _0066_ (net)
                      0.024105    0.000000    2.024546 ^ _3733_/RESET_B (sky130_fd_sc_hd__dfrtp_2)
                                              2.024546   data arrival time

                      0.000000    0.000000    0.000000   clock clk (rise edge)
                                  0.000000    0.000000   clock network delay (ideal)
                                  0.000000    0.000000   clock reconvergence pessimism
                                              0.000000 ^ _3733_/CLK (sky130_fd_sc_hd__dfrtp_2)
                                  0.302168    0.302168   library removal time
                                              0.302168   data required time
---------------------------------------------------------------------------------------------
                                              0.302168   data required time
                                             -2.024546   data arrival time
---------------------------------------------------------------------------------------------
                                              1.722378   slack (MET)


Startpoint: rst (input port clocked by clk)
Endpoint: _3734_ (removal check against rising-edge clock clk)
Path Group: asynchronous
Path Type: min

Fanout         Cap        Slew       Delay        Time   Description
---------------------------------------------------------------------------------------------
                      0.000000    0.000000    0.000000   clock clk (rise edge)
                                  0.000000    0.000000   clock network delay (ideal)
                                  2.000000    2.000000 v input external delay
   213    0.910787    0.000000    0.000000    2.000000 v rst (in)
                                                         rst (net)
                      0.000000    0.000000    2.000000 v _2032_/A (sky130_fd_sc_hd__inv_2)
     1    0.003612    0.024105    0.024546    2.024546 ^ _2032_/Y (sky130_fd_sc_hd__inv_2)
                                                         _0067_ (net)
                      0.024105    0.000000    2.024546 ^ _3734_/RESET_B (sky130_fd_sc_hd__dfrtp_2)
                                              2.024546   data arrival time

                      0.000000    0.000000    0.000000   clock clk (rise edge)
                                  0.000000    0.000000   clock network delay (ideal)
                                  0.000000    0.000000   clock reconvergence pessimism
                                              0.000000 ^ _3734_/CLK (sky130_fd_sc_hd__dfrtp_2)
                                  0.302168    0.302168   library removal time
                                              0.302168   data required time
---------------------------------------------------------------------------------------------
                                              0.302168   data required time
                                             -2.024546   data arrival time
---------------------------------------------------------------------------------------------
                                              1.722378   slack (MET)


Startpoint: rst (input port clocked by clk)
Endpoint: _3735_ (removal check against rising-edge clock clk)
Path Group: asynchronous
Path Type: min

Fanout         Cap        Slew       Delay        Time   Description
---------------------------------------------------------------------------------------------
                      0.000000    0.000000    0.000000   clock clk (rise edge)
                                  0.000000    0.000000   clock network delay (ideal)
                                  2.000000    2.000000 v input external delay
   213    0.910787    0.000000    0.000000    2.000000 v rst (in)
                                                         rst (net)
                      0.000000    0.000000    2.000000 v _2033_/A (sky130_fd_sc_hd__inv_2)
     1    0.003612    0.024105    0.024546    2.024546 ^ _2033_/Y (sky130_fd_sc_hd__inv_2)
                                                         _0068_ (net)
                      0.024105    0.000000    2.024546 ^ _3735_/RESET_B (sky130_fd_sc_hd__dfrtp_2)
                                              2.024546   data arrival time

                      0.000000    0.000000    0.000000   clock clk (rise edge)
                                  0.000000    0.000000   clock network delay (ideal)
                                  0.000000    0.000000   clock reconvergence pessimism
                                              0.000000 ^ _3735_/CLK (sky130_fd_sc_hd__dfrtp_2)
                                  0.302168    0.302168   library removal time
                                              0.302168   data required time
---------------------------------------------------------------------------------------------
                                              0.302168   data required time
                                             -2.024546   data arrival time
---------------------------------------------------------------------------------------------
                                              1.722378   slack (MET)


Startpoint: rst (input port clocked by clk)
Endpoint: _3736_ (removal check against rising-edge clock clk)
Path Group: asynchronous
Path Type: min

Fanout         Cap        Slew       Delay        Time   Description
---------------------------------------------------------------------------------------------
                      0.000000    0.000000    0.000000   clock clk (rise edge)
                                  0.000000    0.000000   clock network delay (ideal)
                                  2.000000    2.000000 v input external delay
   213    0.910787    0.000000    0.000000    2.000000 v rst (in)
                                                         rst (net)
                      0.000000    0.000000    2.000000 v _2034_/A (sky130_fd_sc_hd__inv_2)
     1    0.003612    0.024105    0.024546    2.024546 ^ _2034_/Y (sky130_fd_sc_hd__inv_2)
                                                         _0069_ (net)
                      0.024105    0.000000    2.024546 ^ _3736_/RESET_B (sky130_fd_sc_hd__dfrtp_2)
                                              2.024546   data arrival time

                      0.000000    0.000000    0.000000   clock clk (rise edge)
                                  0.000000    0.000000   clock network delay (ideal)
                                  0.000000    0.000000   clock reconvergence pessimism
                                              0.000000 ^ _3736_/CLK (sky130_fd_sc_hd__dfrtp_2)
                                  0.302168    0.302168   library removal time
                                              0.302168   data required time
---------------------------------------------------------------------------------------------
                                              0.302168   data required time
                                             -2.024546   data arrival time
---------------------------------------------------------------------------------------------
                                              1.722378   slack (MET)


Startpoint: rst (input port clocked by clk)
Endpoint: _3737_ (removal check against rising-edge clock clk)
Path Group: asynchronous
Path Type: min

Fanout         Cap        Slew       Delay        Time   Description
---------------------------------------------------------------------------------------------
                      0.000000    0.000000    0.000000   clock clk (rise edge)
                                  0.000000    0.000000   clock network delay (ideal)
                                  2.000000    2.000000 v input external delay
   213    0.910787    0.000000    0.000000    2.000000 v rst (in)
                                                         rst (net)
                      0.000000    0.000000    2.000000 v _2035_/A (sky130_fd_sc_hd__inv_2)
     1    0.003612    0.024105    0.024546    2.024546 ^ _2035_/Y (sky130_fd_sc_hd__inv_2)
                                                         _0070_ (net)
                      0.024105    0.000000    2.024546 ^ _3737_/RESET_B (sky130_fd_sc_hd__dfrtp_2)
                                              2.024546   data arrival time

                      0.000000    0.000000    0.000000   clock clk (rise edge)
                                  0.000000    0.000000   clock network delay (ideal)
                                  0.000000    0.000000   clock reconvergence pessimism
                                              0.000000 ^ _3737_/CLK (sky130_fd_sc_hd__dfrtp_2)
                                  0.302168    0.302168   library removal time
                                              0.302168   data required time
---------------------------------------------------------------------------------------------
                                              0.302168   data required time
                                             -2.024546   data arrival time
---------------------------------------------------------------------------------------------
                                              1.722378   slack (MET)


Startpoint: rst (input port clocked by clk)
Endpoint: _3738_ (removal check against rising-edge clock clk)
Path Group: asynchronous
Path Type: min

Fanout         Cap        Slew       Delay        Time   Description
---------------------------------------------------------------------------------------------
                      0.000000    0.000000    0.000000   clock clk (rise edge)
                                  0.000000    0.000000   clock network delay (ideal)
                                  2.000000    2.000000 v input external delay
   213    0.910787    0.000000    0.000000    2.000000 v rst (in)
                                                         rst (net)
                      0.000000    0.000000    2.000000 v _2036_/A (sky130_fd_sc_hd__inv_2)
     1    0.003612    0.024105    0.024546    2.024546 ^ _2036_/Y (sky130_fd_sc_hd__inv_2)
                                                         _0071_ (net)
                      0.024105    0.000000    2.024546 ^ _3738_/RESET_B (sky130_fd_sc_hd__dfrtp_2)
                                              2.024546   data arrival time

                      0.000000    0.000000    0.000000   clock clk (rise edge)
                                  0.000000    0.000000   clock network delay (ideal)
                                  0.000000    0.000000   clock reconvergence pessimism
                                              0.000000 ^ _3738_/CLK (sky130_fd_sc_hd__dfrtp_2)
                                  0.302168    0.302168   library removal time
                                              0.302168   data required time
---------------------------------------------------------------------------------------------
                                              0.302168   data required time
                                             -2.024546   data arrival time
---------------------------------------------------------------------------------------------
                                              1.722378   slack (MET)


Startpoint: rst (input port clocked by clk)
Endpoint: _3739_ (removal check against rising-edge clock clk)
Path Group: asynchronous
Path Type: min

Fanout         Cap        Slew       Delay        Time   Description
---------------------------------------------------------------------------------------------
                      0.000000    0.000000    0.000000   clock clk (rise edge)
                                  0.000000    0.000000   clock network delay (ideal)
                                  2.000000    2.000000 v input external delay
   213    0.910787    0.000000    0.000000    2.000000 v rst (in)
                                                         rst (net)
                      0.000000    0.000000    2.000000 v _2037_/A (sky130_fd_sc_hd__inv_2)
     1    0.003612    0.024105    0.024546    2.024546 ^ _2037_/Y (sky130_fd_sc_hd__inv_2)
                                                         _0072_ (net)
                      0.024105    0.000000    2.024546 ^ _3739_/RESET_B (sky130_fd_sc_hd__dfrtp_2)
                                              2.024546   data arrival time

                      0.000000    0.000000    0.000000   clock clk (rise edge)
                                  0.000000    0.000000   clock network delay (ideal)
                                  0.000000    0.000000   clock reconvergence pessimism
                                              0.000000 ^ _3739_/CLK (sky130_fd_sc_hd__dfrtp_2)
                                  0.302168    0.302168   library removal time
                                              0.302168   data required time
---------------------------------------------------------------------------------------------
                                              0.302168   data required time
                                             -2.024546   data arrival time
---------------------------------------------------------------------------------------------
                                              1.722378   slack (MET)


Startpoint: rst (input port clocked by clk)
Endpoint: _3740_ (removal check against rising-edge clock clk)
Path Group: asynchronous
Path Type: min

Fanout         Cap        Slew       Delay        Time   Description
---------------------------------------------------------------------------------------------
                      0.000000    0.000000    0.000000   clock clk (rise edge)
                                  0.000000    0.000000   clock network delay (ideal)
                                  2.000000    2.000000 v input external delay
   213    0.910787    0.000000    0.000000    2.000000 v rst (in)
                                                         rst (net)
                      0.000000    0.000000    2.000000 v _2038_/A (sky130_fd_sc_hd__inv_2)
     1    0.003612    0.024105    0.024546    2.024546 ^ _2038_/Y (sky130_fd_sc_hd__inv_2)
                                                         _0073_ (net)
                      0.024105    0.000000    2.024546 ^ _3740_/RESET_B (sky130_fd_sc_hd__dfrtp_2)
                                              2.024546   data arrival time

                      0.000000    0.000000    0.000000   clock clk (rise edge)
                                  0.000000    0.000000   clock network delay (ideal)
                                  0.000000    0.000000   clock reconvergence pessimism
                                              0.000000 ^ _3740_/CLK (sky130_fd_sc_hd__dfrtp_2)
                                  0.302168    0.302168   library removal time
                                              0.302168   data required time
---------------------------------------------------------------------------------------------
                                              0.302168   data required time
                                             -2.024546   data arrival time
---------------------------------------------------------------------------------------------
                                              1.722378   slack (MET)


Startpoint: rst (input port clocked by clk)
Endpoint: _3741_ (removal check against rising-edge clock clk)
Path Group: asynchronous
Path Type: min

Fanout         Cap        Slew       Delay        Time   Description
---------------------------------------------------------------------------------------------
                      0.000000    0.000000    0.000000   clock clk (rise edge)
                                  0.000000    0.000000   clock network delay (ideal)
                                  2.000000    2.000000 v input external delay
   213    0.910787    0.000000    0.000000    2.000000 v rst (in)
                                                         rst (net)
                      0.000000    0.000000    2.000000 v _2039_/A (sky130_fd_sc_hd__inv_2)
     1    0.003612    0.024105    0.024546    2.024546 ^ _2039_/Y (sky130_fd_sc_hd__inv_2)
                                                         _0074_ (net)
                      0.024105    0.000000    2.024546 ^ _3741_/RESET_B (sky130_fd_sc_hd__dfrtp_2)
                                              2.024546   data arrival time

                      0.000000    0.000000    0.000000   clock clk (rise edge)
                                  0.000000    0.000000   clock network delay (ideal)
                                  0.000000    0.000000   clock reconvergence pessimism
                                              0.000000 ^ _3741_/CLK (sky130_fd_sc_hd__dfrtp_2)
                                  0.302168    0.302168   library removal time
                                              0.302168   data required time
---------------------------------------------------------------------------------------------
                                              0.302168   data required time
                                             -2.024546   data arrival time
---------------------------------------------------------------------------------------------
                                              1.722378   slack (MET)


Startpoint: rst (input port clocked by clk)
Endpoint: _3742_ (removal check against rising-edge clock clk)
Path Group: asynchronous
Path Type: min

Fanout         Cap        Slew       Delay        Time   Description
---------------------------------------------------------------------------------------------
                      0.000000    0.000000    0.000000   clock clk (rise edge)
                                  0.000000    0.000000   clock network delay (ideal)
                                  2.000000    2.000000 v input external delay
   213    0.910787    0.000000    0.000000    2.000000 v rst (in)
                                                         rst (net)
                      0.000000    0.000000    2.000000 v _2040_/A (sky130_fd_sc_hd__inv_2)
     1    0.003612    0.024105    0.024546    2.024546 ^ _2040_/Y (sky130_fd_sc_hd__inv_2)
                                                         _0075_ (net)
                      0.024105    0.000000    2.024546 ^ _3742_/RESET_B (sky130_fd_sc_hd__dfrtp_2)
                                              2.024546   data arrival time

                      0.000000    0.000000    0.000000   clock clk (rise edge)
                                  0.000000    0.000000   clock network delay (ideal)
                                  0.000000    0.000000   clock reconvergence pessimism
                                              0.000000 ^ _3742_/CLK (sky130_fd_sc_hd__dfrtp_2)
                                  0.302168    0.302168   library removal time
                                              0.302168   data required time
---------------------------------------------------------------------------------------------
                                              0.302168   data required time
                                             -2.024546   data arrival time
---------------------------------------------------------------------------------------------
                                              1.722378   slack (MET)


Startpoint: rst (input port clocked by clk)
Endpoint: _3743_ (removal check against rising-edge clock clk)
Path Group: asynchronous
Path Type: min

Fanout         Cap        Slew       Delay        Time   Description
---------------------------------------------------------------------------------------------
                      0.000000    0.000000    0.000000   clock clk (rise edge)
                                  0.000000    0.000000   clock network delay (ideal)
                                  2.000000    2.000000 v input external delay
   213    0.910787    0.000000    0.000000    2.000000 v rst (in)
                                                         rst (net)
                      0.000000    0.000000    2.000000 v _2041_/A (sky130_fd_sc_hd__inv_2)
     1    0.003612    0.024105    0.024546    2.024546 ^ _2041_/Y (sky130_fd_sc_hd__inv_2)
                                                         _0076_ (net)
                      0.024105    0.000000    2.024546 ^ _3743_/RESET_B (sky130_fd_sc_hd__dfrtp_2)
                                              2.024546   data arrival time

                      0.000000    0.000000    0.000000   clock clk (rise edge)
                                  0.000000    0.000000   clock network delay (ideal)
                                  0.000000    0.000000   clock reconvergence pessimism
                                              0.000000 ^ _3743_/CLK (sky130_fd_sc_hd__dfrtp_2)
                                  0.302168    0.302168   library removal time
                                              0.302168   data required time
---------------------------------------------------------------------------------------------
                                              0.302168   data required time
                                             -2.024546   data arrival time
---------------------------------------------------------------------------------------------
                                              1.722378   slack (MET)


Startpoint: rst (input port clocked by clk)
Endpoint: _3744_ (removal check against rising-edge clock clk)
Path Group: asynchronous
Path Type: min

Fanout         Cap        Slew       Delay        Time   Description
---------------------------------------------------------------------------------------------
                      0.000000    0.000000    0.000000   clock clk (rise edge)
                                  0.000000    0.000000   clock network delay (ideal)
                                  2.000000    2.000000 v input external delay
   213    0.910787    0.000000    0.000000    2.000000 v rst (in)
                                                         rst (net)
                      0.000000    0.000000    2.000000 v _2042_/A (sky130_fd_sc_hd__inv_2)
     1    0.003612    0.024105    0.024546    2.024546 ^ _2042_/Y (sky130_fd_sc_hd__inv_2)
                                                         _0077_ (net)
                      0.024105    0.000000    2.024546 ^ _3744_/RESET_B (sky130_fd_sc_hd__dfrtp_2)
                                              2.024546   data arrival time

                      0.000000    0.000000    0.000000   clock clk (rise edge)
                                  0.000000    0.000000   clock network delay (ideal)
                                  0.000000    0.000000   clock reconvergence pessimism
                                              0.000000 ^ _3744_/CLK (sky130_fd_sc_hd__dfrtp_2)
                                  0.302168    0.302168   library removal time
                                              0.302168   data required time
---------------------------------------------------------------------------------------------
                                              0.302168   data required time
                                             -2.024546   data arrival time
---------------------------------------------------------------------------------------------
                                              1.722378   slack (MET)


Startpoint: rst (input port clocked by clk)
Endpoint: _3745_ (removal check against rising-edge clock clk)
Path Group: asynchronous
Path Type: min

Fanout         Cap        Slew       Delay        Time   Description
---------------------------------------------------------------------------------------------
                      0.000000    0.000000    0.000000   clock clk (rise edge)
                                  0.000000    0.000000   clock network delay (ideal)
                                  2.000000    2.000000 v input external delay
   213    0.910787    0.000000    0.000000    2.000000 v rst (in)
                                                         rst (net)
                      0.000000    0.000000    2.000000 v _2043_/A (sky130_fd_sc_hd__inv_2)
     1    0.003612    0.024105    0.024546    2.024546 ^ _2043_/Y (sky130_fd_sc_hd__inv_2)
                                                         _0078_ (net)
                      0.024105    0.000000    2.024546 ^ _3745_/RESET_B (sky130_fd_sc_hd__dfrtp_2)
                                              2.024546   data arrival time

                      0.000000    0.000000    0.000000   clock clk (rise edge)
                                  0.000000    0.000000   clock network delay (ideal)
                                  0.000000    0.000000   clock reconvergence pessimism
                                              0.000000 ^ _3745_/CLK (sky130_fd_sc_hd__dfrtp_2)
                                  0.302168    0.302168   library removal time
                                              0.302168   data required time
---------------------------------------------------------------------------------------------
                                              0.302168   data required time
                                             -2.024546   data arrival time
---------------------------------------------------------------------------------------------
                                              1.722378   slack (MET)


Startpoint: rst (input port clocked by clk)
Endpoint: _3746_ (removal check against rising-edge clock clk)
Path Group: asynchronous
Path Type: min

Fanout         Cap        Slew       Delay        Time   Description
---------------------------------------------------------------------------------------------
                      0.000000    0.000000    0.000000   clock clk (rise edge)
                                  0.000000    0.000000   clock network delay (ideal)
                                  2.000000    2.000000 v input external delay
   213    0.910787    0.000000    0.000000    2.000000 v rst (in)
                                                         rst (net)
                      0.000000    0.000000    2.000000 v _2044_/A (sky130_fd_sc_hd__inv_2)
     1    0.003612    0.024105    0.024546    2.024546 ^ _2044_/Y (sky130_fd_sc_hd__inv_2)
                                                         _0079_ (net)
                      0.024105    0.000000    2.024546 ^ _3746_/RESET_B (sky130_fd_sc_hd__dfrtp_2)
                                              2.024546   data arrival time

                      0.000000    0.000000    0.000000   clock clk (rise edge)
                                  0.000000    0.000000   clock network delay (ideal)
                                  0.000000    0.000000   clock reconvergence pessimism
                                              0.000000 ^ _3746_/CLK (sky130_fd_sc_hd__dfrtp_2)
                                  0.302168    0.302168   library removal time
                                              0.302168   data required time
---------------------------------------------------------------------------------------------
                                              0.302168   data required time
                                             -2.024546   data arrival time
---------------------------------------------------------------------------------------------
                                              1.722378   slack (MET)


Startpoint: rst (input port clocked by clk)
Endpoint: _3747_ (removal check against rising-edge clock clk)
Path Group: asynchronous
Path Type: min

Fanout         Cap        Slew       Delay        Time   Description
---------------------------------------------------------------------------------------------
                      0.000000    0.000000    0.000000   clock clk (rise edge)
                                  0.000000    0.000000   clock network delay (ideal)
                                  2.000000    2.000000 v input external delay
   213    0.910787    0.000000    0.000000    2.000000 v rst (in)
                                                         rst (net)
                      0.000000    0.000000    2.000000 v _2045_/A (sky130_fd_sc_hd__inv_2)
     1    0.003612    0.024105    0.024546    2.024546 ^ _2045_/Y (sky130_fd_sc_hd__inv_2)
                                                         _0080_ (net)
                      0.024105    0.000000    2.024546 ^ _3747_/RESET_B (sky130_fd_sc_hd__dfrtp_2)
                                              2.024546   data arrival time

                      0.000000    0.000000    0.000000   clock clk (rise edge)
                                  0.000000    0.000000   clock network delay (ideal)
                                  0.000000    0.000000   clock reconvergence pessimism
                                              0.000000 ^ _3747_/CLK (sky130_fd_sc_hd__dfrtp_2)
                                  0.302168    0.302168   library removal time
                                              0.302168   data required time
---------------------------------------------------------------------------------------------
                                              0.302168   data required time
                                             -2.024546   data arrival time
---------------------------------------------------------------------------------------------
                                              1.722378   slack (MET)


Startpoint: rst (input port clocked by clk)
Endpoint: _3748_ (removal check against rising-edge clock clk)
Path Group: asynchronous
Path Type: min

Fanout         Cap        Slew       Delay        Time   Description
---------------------------------------------------------------------------------------------
                      0.000000    0.000000    0.000000   clock clk (rise edge)
                                  0.000000    0.000000   clock network delay (ideal)
                                  2.000000    2.000000 v input external delay
   213    0.910787    0.000000    0.000000    2.000000 v rst (in)
                                                         rst (net)
                      0.000000    0.000000    2.000000 v _2046_/A (sky130_fd_sc_hd__inv_2)
     1    0.003612    0.024105    0.024546    2.024546 ^ _2046_/Y (sky130_fd_sc_hd__inv_2)
                                                         _0081_ (net)
                      0.024105    0.000000    2.024546 ^ _3748_/RESET_B (sky130_fd_sc_hd__dfrtp_2)
                                              2.024546   data arrival time

                      0.000000    0.000000    0.000000   clock clk (rise edge)
                                  0.000000    0.000000   clock network delay (ideal)
                                  0.000000    0.000000   clock reconvergence pessimism
                                              0.000000 ^ _3748_/CLK (sky130_fd_sc_hd__dfrtp_2)
                                  0.302168    0.302168   library removal time
                                              0.302168   data required time
---------------------------------------------------------------------------------------------
                                              0.302168   data required time
                                             -2.024546   data arrival time
---------------------------------------------------------------------------------------------
                                              1.722378   slack (MET)


Startpoint: rst (input port clocked by clk)
Endpoint: _3749_ (removal check against rising-edge clock clk)
Path Group: asynchronous
Path Type: min

Fanout         Cap        Slew       Delay        Time   Description
---------------------------------------------------------------------------------------------
                      0.000000    0.000000    0.000000   clock clk (rise edge)
                                  0.000000    0.000000   clock network delay (ideal)
                                  2.000000    2.000000 v input external delay
   213    0.910787    0.000000    0.000000    2.000000 v rst (in)
                                                         rst (net)
                      0.000000    0.000000    2.000000 v _2047_/A (sky130_fd_sc_hd__inv_2)
     1    0.003612    0.024105    0.024546    2.024546 ^ _2047_/Y (sky130_fd_sc_hd__inv_2)
                                                         _0082_ (net)
                      0.024105    0.000000    2.024546 ^ _3749_/RESET_B (sky130_fd_sc_hd__dfrtp_2)
                                              2.024546   data arrival time

                      0.000000    0.000000    0.000000   clock clk (rise edge)
                                  0.000000    0.000000   clock network delay (ideal)
                                  0.000000    0.000000   clock reconvergence pessimism
                                              0.000000 ^ _3749_/CLK (sky130_fd_sc_hd__dfrtp_2)
                                  0.302168    0.302168   library removal time
                                              0.302168   data required time
---------------------------------------------------------------------------------------------
                                              0.302168   data required time
                                             -2.024546   data arrival time
---------------------------------------------------------------------------------------------
                                              1.722378   slack (MET)


Startpoint: rst (input port clocked by clk)
Endpoint: _3750_ (removal check against rising-edge clock clk)
Path Group: asynchronous
Path Type: min

Fanout         Cap        Slew       Delay        Time   Description
---------------------------------------------------------------------------------------------
                      0.000000    0.000000    0.000000   clock clk (rise edge)
                                  0.000000    0.000000   clock network delay (ideal)
                                  2.000000    2.000000 v input external delay
   213    0.910787    0.000000    0.000000    2.000000 v rst (in)
                                                         rst (net)
                      0.000000    0.000000    2.000000 v _2048_/A (sky130_fd_sc_hd__inv_2)
     1    0.003612    0.024105    0.024546    2.024546 ^ _2048_/Y (sky130_fd_sc_hd__inv_2)
                                                         _0083_ (net)
                      0.024105    0.000000    2.024546 ^ _3750_/RESET_B (sky130_fd_sc_hd__dfrtp_2)
                                              2.024546   data arrival time

                      0.000000    0.000000    0.000000   clock clk (rise edge)
                                  0.000000    0.000000   clock network delay (ideal)
                                  0.000000    0.000000   clock reconvergence pessimism
                                              0.000000 ^ _3750_/CLK (sky130_fd_sc_hd__dfrtp_2)
                                  0.302168    0.302168   library removal time
                                              0.302168   data required time
---------------------------------------------------------------------------------------------
                                              0.302168   data required time
                                             -2.024546   data arrival time
---------------------------------------------------------------------------------------------
                                              1.722378   slack (MET)


Startpoint: rst (input port clocked by clk)
Endpoint: _3751_ (removal check against rising-edge clock clk)
Path Group: asynchronous
Path Type: min

Fanout         Cap        Slew       Delay        Time   Description
---------------------------------------------------------------------------------------------
                      0.000000    0.000000    0.000000   clock clk (rise edge)
                                  0.000000    0.000000   clock network delay (ideal)
                                  2.000000    2.000000 v input external delay
   213    0.910787    0.000000    0.000000    2.000000 v rst (in)
                                                         rst (net)
                      0.000000    0.000000    2.000000 v _2049_/A (sky130_fd_sc_hd__inv_2)
     1    0.003612    0.024105    0.024546    2.024546 ^ _2049_/Y (sky130_fd_sc_hd__inv_2)
                                                         _0084_ (net)
                      0.024105    0.000000    2.024546 ^ _3751_/RESET_B (sky130_fd_sc_hd__dfrtp_2)
                                              2.024546   data arrival time

                      0.000000    0.000000    0.000000   clock clk (rise edge)
                                  0.000000    0.000000   clock network delay (ideal)
                                  0.000000    0.000000   clock reconvergence pessimism
                                              0.000000 ^ _3751_/CLK (sky130_fd_sc_hd__dfrtp_2)
                                  0.302168    0.302168   library removal time
                                              0.302168   data required time
---------------------------------------------------------------------------------------------
                                              0.302168   data required time
                                             -2.024546   data arrival time
---------------------------------------------------------------------------------------------
                                              1.722378   slack (MET)


Startpoint: rst (input port clocked by clk)
Endpoint: _3752_ (removal check against rising-edge clock clk)
Path Group: asynchronous
Path Type: min

Fanout         Cap        Slew       Delay        Time   Description
---------------------------------------------------------------------------------------------
                      0.000000    0.000000    0.000000   clock clk (rise edge)
                                  0.000000    0.000000   clock network delay (ideal)
                                  2.000000    2.000000 v input external delay
   213    0.910787    0.000000    0.000000    2.000000 v rst (in)
                                                         rst (net)
                      0.000000    0.000000    2.000000 v _2050_/A (sky130_fd_sc_hd__inv_2)
     1    0.003612    0.024105    0.024546    2.024546 ^ _2050_/Y (sky130_fd_sc_hd__inv_2)
                                                         _0085_ (net)
                      0.024105    0.000000    2.024546 ^ _3752_/RESET_B (sky130_fd_sc_hd__dfrtp_2)
                                              2.024546   data arrival time

                      0.000000    0.000000    0.000000   clock clk (rise edge)
                                  0.000000    0.000000   clock network delay (ideal)
                                  0.000000    0.000000   clock reconvergence pessimism
                                              0.000000 ^ _3752_/CLK (sky130_fd_sc_hd__dfrtp_2)
                                  0.302168    0.302168   library removal time
                                              0.302168   data required time
---------------------------------------------------------------------------------------------
                                              0.302168   data required time
                                             -2.024546   data arrival time
---------------------------------------------------------------------------------------------
                                              1.722378   slack (MET)


Startpoint: rst (input port clocked by clk)
Endpoint: _3753_ (removal check against rising-edge clock clk)
Path Group: asynchronous
Path Type: min

Fanout         Cap        Slew       Delay        Time   Description
---------------------------------------------------------------------------------------------
                      0.000000    0.000000    0.000000   clock clk (rise edge)
                                  0.000000    0.000000   clock network delay (ideal)
                                  2.000000    2.000000 v input external delay
   213    0.910787    0.000000    0.000000    2.000000 v rst (in)
                                                         rst (net)
                      0.000000    0.000000    2.000000 v _2051_/A (sky130_fd_sc_hd__inv_2)
     1    0.003612    0.024105    0.024546    2.024546 ^ _2051_/Y (sky130_fd_sc_hd__inv_2)
                                                         _0086_ (net)
                      0.024105    0.000000    2.024546 ^ _3753_/RESET_B (sky130_fd_sc_hd__dfrtp_2)
                                              2.024546   data arrival time

                      0.000000    0.000000    0.000000   clock clk (rise edge)
                                  0.000000    0.000000   clock network delay (ideal)
                                  0.000000    0.000000   clock reconvergence pessimism
                                              0.000000 ^ _3753_/CLK (sky130_fd_sc_hd__dfrtp_2)
                                  0.302168    0.302168   library removal time
                                              0.302168   data required time
---------------------------------------------------------------------------------------------
                                              0.302168   data required time
                                             -2.024546   data arrival time
---------------------------------------------------------------------------------------------
                                              1.722378   slack (MET)


Startpoint: rst (input port clocked by clk)
Endpoint: _3754_ (removal check against rising-edge clock clk)
Path Group: asynchronous
Path Type: min

Fanout         Cap        Slew       Delay        Time   Description
---------------------------------------------------------------------------------------------
                      0.000000    0.000000    0.000000   clock clk (rise edge)
                                  0.000000    0.000000   clock network delay (ideal)
                                  2.000000    2.000000 v input external delay
   213    0.910787    0.000000    0.000000    2.000000 v rst (in)
                                                         rst (net)
                      0.000000    0.000000    2.000000 v _2052_/A (sky130_fd_sc_hd__inv_2)
     1    0.003612    0.024105    0.024546    2.024546 ^ _2052_/Y (sky130_fd_sc_hd__inv_2)
                                                         _0087_ (net)
                      0.024105    0.000000    2.024546 ^ _3754_/RESET_B (sky130_fd_sc_hd__dfrtp_2)
                                              2.024546   data arrival time

                      0.000000    0.000000    0.000000   clock clk (rise edge)
                                  0.000000    0.000000   clock network delay (ideal)
                                  0.000000    0.000000   clock reconvergence pessimism
                                              0.000000 ^ _3754_/CLK (sky130_fd_sc_hd__dfrtp_2)
                                  0.302168    0.302168   library removal time
                                              0.302168   data required time
---------------------------------------------------------------------------------------------
                                              0.302168   data required time
                                             -2.024546   data arrival time
---------------------------------------------------------------------------------------------
                                              1.722378   slack (MET)


Startpoint: rst (input port clocked by clk)
Endpoint: _3755_ (removal check against rising-edge clock clk)
Path Group: asynchronous
Path Type: min

Fanout         Cap        Slew       Delay        Time   Description
---------------------------------------------------------------------------------------------
                      0.000000    0.000000    0.000000   clock clk (rise edge)
                                  0.000000    0.000000   clock network delay (ideal)
                                  2.000000    2.000000 v input external delay
   213    0.910787    0.000000    0.000000    2.000000 v rst (in)
                                                         rst (net)
                      0.000000    0.000000    2.000000 v _2053_/A (sky130_fd_sc_hd__inv_2)
     1    0.003612    0.024105    0.024546    2.024546 ^ _2053_/Y (sky130_fd_sc_hd__inv_2)
                                                         _0088_ (net)
                      0.024105    0.000000    2.024546 ^ _3755_/RESET_B (sky130_fd_sc_hd__dfrtp_2)
                                              2.024546   data arrival time

                      0.000000    0.000000    0.000000   clock clk (rise edge)
                                  0.000000    0.000000   clock network delay (ideal)
                                  0.000000    0.000000   clock reconvergence pessimism
                                              0.000000 ^ _3755_/CLK (sky130_fd_sc_hd__dfrtp_2)
                                  0.302168    0.302168   library removal time
                                              0.302168   data required time
---------------------------------------------------------------------------------------------
                                              0.302168   data required time
                                             -2.024546   data arrival time
---------------------------------------------------------------------------------------------
                                              1.722378   slack (MET)


Startpoint: rst (input port clocked by clk)
Endpoint: _3756_ (removal check against rising-edge clock clk)
Path Group: asynchronous
Path Type: min

Fanout         Cap        Slew       Delay        Time   Description
---------------------------------------------------------------------------------------------
                      0.000000    0.000000    0.000000   clock clk (rise edge)
                                  0.000000    0.000000   clock network delay (ideal)
                                  2.000000    2.000000 v input external delay
   213    0.910787    0.000000    0.000000    2.000000 v rst (in)
                                                         rst (net)
                      0.000000    0.000000    2.000000 v _2054_/A (sky130_fd_sc_hd__inv_2)
     1    0.003612    0.024105    0.024546    2.024546 ^ _2054_/Y (sky130_fd_sc_hd__inv_2)
                                                         _0089_ (net)
                      0.024105    0.000000    2.024546 ^ _3756_/RESET_B (sky130_fd_sc_hd__dfrtp_2)
                                              2.024546   data arrival time

                      0.000000    0.000000    0.000000   clock clk (rise edge)
                                  0.000000    0.000000   clock network delay (ideal)
                                  0.000000    0.000000   clock reconvergence pessimism
                                              0.000000 ^ _3756_/CLK (sky130_fd_sc_hd__dfrtp_2)
                                  0.302168    0.302168   library removal time
                                              0.302168   data required time
---------------------------------------------------------------------------------------------
                                              0.302168   data required time
                                             -2.024546   data arrival time
---------------------------------------------------------------------------------------------
                                              1.722378   slack (MET)


Startpoint: rst (input port clocked by clk)
Endpoint: _3757_ (removal check against rising-edge clock clk)
Path Group: asynchronous
Path Type: min

Fanout         Cap        Slew       Delay        Time   Description
---------------------------------------------------------------------------------------------
                      0.000000    0.000000    0.000000   clock clk (rise edge)
                                  0.000000    0.000000   clock network delay (ideal)
                                  2.000000    2.000000 v input external delay
   213    0.910787    0.000000    0.000000    2.000000 v rst (in)
                                                         rst (net)
                      0.000000    0.000000    2.000000 v _2055_/A (sky130_fd_sc_hd__inv_2)
     1    0.003612    0.024105    0.024546    2.024546 ^ _2055_/Y (sky130_fd_sc_hd__inv_2)
                                                         _0090_ (net)
                      0.024105    0.000000    2.024546 ^ _3757_/RESET_B (sky130_fd_sc_hd__dfrtp_2)
                                              2.024546   data arrival time

                      0.000000    0.000000    0.000000   clock clk (rise edge)
                                  0.000000    0.000000   clock network delay (ideal)
                                  0.000000    0.000000   clock reconvergence pessimism
                                              0.000000 ^ _3757_/CLK (sky130_fd_sc_hd__dfrtp_2)
                                  0.302168    0.302168   library removal time
                                              0.302168   data required time
---------------------------------------------------------------------------------------------
                                              0.302168   data required time
                                             -2.024546   data arrival time
---------------------------------------------------------------------------------------------
                                              1.722378   slack (MET)


Startpoint: rst (input port clocked by clk)
Endpoint: _3758_ (removal check against rising-edge clock clk)
Path Group: asynchronous
Path Type: min

Fanout         Cap        Slew       Delay        Time   Description
---------------------------------------------------------------------------------------------
                      0.000000    0.000000    0.000000   clock clk (rise edge)
                                  0.000000    0.000000   clock network delay (ideal)
                                  2.000000    2.000000 v input external delay
   213    0.910787    0.000000    0.000000    2.000000 v rst (in)
                                                         rst (net)
                      0.000000    0.000000    2.000000 v _2056_/A (sky130_fd_sc_hd__inv_2)
     1    0.003612    0.024105    0.024546    2.024546 ^ _2056_/Y (sky130_fd_sc_hd__inv_2)
                                                         _0091_ (net)
                      0.024105    0.000000    2.024546 ^ _3758_/RESET_B (sky130_fd_sc_hd__dfrtp_2)
                                              2.024546   data arrival time

                      0.000000    0.000000    0.000000   clock clk (rise edge)
                                  0.000000    0.000000   clock network delay (ideal)
                                  0.000000    0.000000   clock reconvergence pessimism
                                              0.000000 ^ _3758_/CLK (sky130_fd_sc_hd__dfrtp_2)
                                  0.302168    0.302168   library removal time
                                              0.302168   data required time
---------------------------------------------------------------------------------------------
                                              0.302168   data required time
                                             -2.024546   data arrival time
---------------------------------------------------------------------------------------------
                                              1.722378   slack (MET)


Startpoint: rst (input port clocked by clk)
Endpoint: _3759_ (removal check against rising-edge clock clk)
Path Group: asynchronous
Path Type: min

Fanout         Cap        Slew       Delay        Time   Description
---------------------------------------------------------------------------------------------
                      0.000000    0.000000    0.000000   clock clk (rise edge)
                                  0.000000    0.000000   clock network delay (ideal)
                                  2.000000    2.000000 v input external delay
   213    0.910787    0.000000    0.000000    2.000000 v rst (in)
                                                         rst (net)
                      0.000000    0.000000    2.000000 v _2057_/A (sky130_fd_sc_hd__inv_2)
     1    0.003612    0.024105    0.024546    2.024546 ^ _2057_/Y (sky130_fd_sc_hd__inv_2)
                                                         _0092_ (net)
                      0.024105    0.000000    2.024546 ^ _3759_/RESET_B (sky130_fd_sc_hd__dfrtp_2)
                                              2.024546   data arrival time

                      0.000000    0.000000    0.000000   clock clk (rise edge)
                                  0.000000    0.000000   clock network delay (ideal)
                                  0.000000    0.000000   clock reconvergence pessimism
                                              0.000000 ^ _3759_/CLK (sky130_fd_sc_hd__dfrtp_2)
                                  0.302168    0.302168   library removal time
                                              0.302168   data required time
---------------------------------------------------------------------------------------------
                                              0.302168   data required time
                                             -2.024546   data arrival time
---------------------------------------------------------------------------------------------
                                              1.722378   slack (MET)


Startpoint: rst (input port clocked by clk)
Endpoint: _3760_ (removal check against rising-edge clock clk)
Path Group: asynchronous
Path Type: min

Fanout         Cap        Slew       Delay        Time   Description
---------------------------------------------------------------------------------------------
                      0.000000    0.000000    0.000000   clock clk (rise edge)
                                  0.000000    0.000000   clock network delay (ideal)
                                  2.000000    2.000000 v input external delay
   213    0.910787    0.000000    0.000000    2.000000 v rst (in)
                                                         rst (net)
                      0.000000    0.000000    2.000000 v _2058_/A (sky130_fd_sc_hd__inv_2)
     1    0.003612    0.024105    0.024546    2.024546 ^ _2058_/Y (sky130_fd_sc_hd__inv_2)
                                                         _0093_ (net)
                      0.024105    0.000000    2.024546 ^ _3760_/RESET_B (sky130_fd_sc_hd__dfrtp_2)
                                              2.024546   data arrival time

                      0.000000    0.000000    0.000000   clock clk (rise edge)
                                  0.000000    0.000000   clock network delay (ideal)
                                  0.000000    0.000000   clock reconvergence pessimism
                                              0.000000 ^ _3760_/CLK (sky130_fd_sc_hd__dfrtp_2)
                                  0.302168    0.302168   library removal time
                                              0.302168   data required time
---------------------------------------------------------------------------------------------
                                              0.302168   data required time
                                             -2.024546   data arrival time
---------------------------------------------------------------------------------------------
                                              1.722378   slack (MET)


Startpoint: rst (input port clocked by clk)
Endpoint: _3761_ (removal check against rising-edge clock clk)
Path Group: asynchronous
Path Type: min

Fanout         Cap        Slew       Delay        Time   Description
---------------------------------------------------------------------------------------------
                      0.000000    0.000000    0.000000   clock clk (rise edge)
                                  0.000000    0.000000   clock network delay (ideal)
                                  2.000000    2.000000 v input external delay
   213    0.910787    0.000000    0.000000    2.000000 v rst (in)
                                                         rst (net)
                      0.000000    0.000000    2.000000 v _2059_/A (sky130_fd_sc_hd__inv_2)
     1    0.003612    0.024105    0.024546    2.024546 ^ _2059_/Y (sky130_fd_sc_hd__inv_2)
                                                         _0094_ (net)
                      0.024105    0.000000    2.024546 ^ _3761_/RESET_B (sky130_fd_sc_hd__dfrtp_2)
                                              2.024546   data arrival time

                      0.000000    0.000000    0.000000   clock clk (rise edge)
                                  0.000000    0.000000   clock network delay (ideal)
                                  0.000000    0.000000   clock reconvergence pessimism
                                              0.000000 ^ _3761_/CLK (sky130_fd_sc_hd__dfrtp_2)
                                  0.302168    0.302168   library removal time
                                              0.302168   data required time
---------------------------------------------------------------------------------------------
                                              0.302168   data required time
                                             -2.024546   data arrival time
---------------------------------------------------------------------------------------------
                                              1.722378   slack (MET)


Startpoint: rst (input port clocked by clk)
Endpoint: _3762_ (removal check against rising-edge clock clk)
Path Group: asynchronous
Path Type: min

Fanout         Cap        Slew       Delay        Time   Description
---------------------------------------------------------------------------------------------
                      0.000000    0.000000    0.000000   clock clk (rise edge)
                                  0.000000    0.000000   clock network delay (ideal)
                                  2.000000    2.000000 v input external delay
   213    0.910787    0.000000    0.000000    2.000000 v rst (in)
                                                         rst (net)
                      0.000000    0.000000    2.000000 v _2060_/A (sky130_fd_sc_hd__inv_2)
     1    0.003612    0.024105    0.024546    2.024546 ^ _2060_/Y (sky130_fd_sc_hd__inv_2)
                                                         _0095_ (net)
                      0.024105    0.000000    2.024546 ^ _3762_/RESET_B (sky130_fd_sc_hd__dfrtp_2)
                                              2.024546   data arrival time

                      0.000000    0.000000    0.000000   clock clk (rise edge)
                                  0.000000    0.000000   clock network delay (ideal)
                                  0.000000    0.000000   clock reconvergence pessimism
                                              0.000000 ^ _3762_/CLK (sky130_fd_sc_hd__dfrtp_2)
                                  0.302168    0.302168   library removal time
                                              0.302168   data required time
---------------------------------------------------------------------------------------------
                                              0.302168   data required time
                                             -2.024546   data arrival time
---------------------------------------------------------------------------------------------
                                              1.722378   slack (MET)


Startpoint: rst (input port clocked by clk)
Endpoint: _3763_ (removal check against rising-edge clock clk)
Path Group: asynchronous
Path Type: min

Fanout         Cap        Slew       Delay        Time   Description
---------------------------------------------------------------------------------------------
                      0.000000    0.000000    0.000000   clock clk (rise edge)
                                  0.000000    0.000000   clock network delay (ideal)
                                  2.000000    2.000000 v input external delay
   213    0.910787    0.000000    0.000000    2.000000 v rst (in)
                                                         rst (net)
                      0.000000    0.000000    2.000000 v _2061_/A (sky130_fd_sc_hd__inv_2)
     1    0.003612    0.024105    0.024546    2.024546 ^ _2061_/Y (sky130_fd_sc_hd__inv_2)
                                                         _0096_ (net)
                      0.024105    0.000000    2.024546 ^ _3763_/RESET_B (sky130_fd_sc_hd__dfrtp_2)
                                              2.024546   data arrival time

                      0.000000    0.000000    0.000000   clock clk (rise edge)
                                  0.000000    0.000000   clock network delay (ideal)
                                  0.000000    0.000000   clock reconvergence pessimism
                                              0.000000 ^ _3763_/CLK (sky130_fd_sc_hd__dfrtp_2)
                                  0.302168    0.302168   library removal time
                                              0.302168   data required time
---------------------------------------------------------------------------------------------
                                              0.302168   data required time
                                             -2.024546   data arrival time
---------------------------------------------------------------------------------------------
                                              1.722378   slack (MET)


Startpoint: rst (input port clocked by clk)
Endpoint: _3764_ (removal check against rising-edge clock clk)
Path Group: asynchronous
Path Type: min

Fanout         Cap        Slew       Delay        Time   Description
---------------------------------------------------------------------------------------------
                      0.000000    0.000000    0.000000   clock clk (rise edge)
                                  0.000000    0.000000   clock network delay (ideal)
                                  2.000000    2.000000 v input external delay
   213    0.910787    0.000000    0.000000    2.000000 v rst (in)
                                                         rst (net)
                      0.000000    0.000000    2.000000 v _2062_/A (sky130_fd_sc_hd__inv_2)
     1    0.003612    0.024105    0.024546    2.024546 ^ _2062_/Y (sky130_fd_sc_hd__inv_2)
                                                         _0097_ (net)
                      0.024105    0.000000    2.024546 ^ _3764_/RESET_B (sky130_fd_sc_hd__dfrtp_2)
                                              2.024546   data arrival time

                      0.000000    0.000000    0.000000   clock clk (rise edge)
                                  0.000000    0.000000   clock network delay (ideal)
                                  0.000000    0.000000   clock reconvergence pessimism
                                              0.000000 ^ _3764_/CLK (sky130_fd_sc_hd__dfrtp_2)
                                  0.302168    0.302168   library removal time
                                              0.302168   data required time
---------------------------------------------------------------------------------------------
                                              0.302168   data required time
                                             -2.024546   data arrival time
---------------------------------------------------------------------------------------------
                                              1.722378   slack (MET)


Startpoint: rst (input port clocked by clk)
Endpoint: _3765_ (removal check against rising-edge clock clk)
Path Group: asynchronous
Path Type: min

Fanout         Cap        Slew       Delay        Time   Description
---------------------------------------------------------------------------------------------
                      0.000000    0.000000    0.000000   clock clk (rise edge)
                                  0.000000    0.000000   clock network delay (ideal)
                                  2.000000    2.000000 v input external delay
   213    0.910787    0.000000    0.000000    2.000000 v rst (in)
                                                         rst (net)
                      0.000000    0.000000    2.000000 v _2063_/A (sky130_fd_sc_hd__inv_2)
     1    0.003612    0.024105    0.024546    2.024546 ^ _2063_/Y (sky130_fd_sc_hd__inv_2)
                                                         _0098_ (net)
                      0.024105    0.000000    2.024546 ^ _3765_/RESET_B (sky130_fd_sc_hd__dfrtp_2)
                                              2.024546   data arrival time

                      0.000000    0.000000    0.000000   clock clk (rise edge)
                                  0.000000    0.000000   clock network delay (ideal)
                                  0.000000    0.000000   clock reconvergence pessimism
                                              0.000000 ^ _3765_/CLK (sky130_fd_sc_hd__dfrtp_2)
                                  0.302168    0.302168   library removal time
                                              0.302168   data required time
---------------------------------------------------------------------------------------------
                                              0.302168   data required time
                                             -2.024546   data arrival time
---------------------------------------------------------------------------------------------
                                              1.722378   slack (MET)


Startpoint: rst (input port clocked by clk)
Endpoint: _3766_ (removal check against rising-edge clock clk)
Path Group: asynchronous
Path Type: min

Fanout         Cap        Slew       Delay        Time   Description
---------------------------------------------------------------------------------------------
                      0.000000    0.000000    0.000000   clock clk (rise edge)
                                  0.000000    0.000000   clock network delay (ideal)
                                  2.000000    2.000000 v input external delay
   213    0.910787    0.000000    0.000000    2.000000 v rst (in)
                                                         rst (net)
                      0.000000    0.000000    2.000000 v _2064_/A (sky130_fd_sc_hd__inv_2)
     1    0.003612    0.024105    0.024546    2.024546 ^ _2064_/Y (sky130_fd_sc_hd__inv_2)
                                                         _0099_ (net)
                      0.024105    0.000000    2.024546 ^ _3766_/RESET_B (sky130_fd_sc_hd__dfrtp_2)
                                              2.024546   data arrival time

                      0.000000    0.000000    0.000000   clock clk (rise edge)
                                  0.000000    0.000000   clock network delay (ideal)
                                  0.000000    0.000000   clock reconvergence pessimism
                                              0.000000 ^ _3766_/CLK (sky130_fd_sc_hd__dfrtp_2)
                                  0.302168    0.302168   library removal time
                                              0.302168   data required time
---------------------------------------------------------------------------------------------
                                              0.302168   data required time
                                             -2.024546   data arrival time
---------------------------------------------------------------------------------------------
                                              1.722378   slack (MET)


Startpoint: rst (input port clocked by clk)
Endpoint: _3767_ (removal check against rising-edge clock clk)
Path Group: asynchronous
Path Type: min

Fanout         Cap        Slew       Delay        Time   Description
---------------------------------------------------------------------------------------------
                      0.000000    0.000000    0.000000   clock clk (rise edge)
                                  0.000000    0.000000   clock network delay (ideal)
                                  2.000000    2.000000 v input external delay
   213    0.910787    0.000000    0.000000    2.000000 v rst (in)
                                                         rst (net)
                      0.000000    0.000000    2.000000 v _2065_/A (sky130_fd_sc_hd__inv_2)
     1    0.003612    0.024105    0.024546    2.024546 ^ _2065_/Y (sky130_fd_sc_hd__inv_2)
                                                         _0100_ (net)
                      0.024105    0.000000    2.024546 ^ _3767_/RESET_B (sky130_fd_sc_hd__dfrtp_2)
                                              2.024546   data arrival time

                      0.000000    0.000000    0.000000   clock clk (rise edge)
                                  0.000000    0.000000   clock network delay (ideal)
                                  0.000000    0.000000   clock reconvergence pessimism
                                              0.000000 ^ _3767_/CLK (sky130_fd_sc_hd__dfrtp_2)
                                  0.302168    0.302168   library removal time
                                              0.302168   data required time
---------------------------------------------------------------------------------------------
                                              0.302168   data required time
                                             -2.024546   data arrival time
---------------------------------------------------------------------------------------------
                                              1.722378   slack (MET)


Startpoint: rst (input port clocked by clk)
Endpoint: _3768_ (removal check against rising-edge clock clk)
Path Group: asynchronous
Path Type: min

Fanout         Cap        Slew       Delay        Time   Description
---------------------------------------------------------------------------------------------
                      0.000000    0.000000    0.000000   clock clk (rise edge)
                                  0.000000    0.000000   clock network delay (ideal)
                                  2.000000    2.000000 v input external delay
   213    0.910787    0.000000    0.000000    2.000000 v rst (in)
                                                         rst (net)
                      0.000000    0.000000    2.000000 v _2066_/A (sky130_fd_sc_hd__inv_2)
     1    0.003612    0.024105    0.024546    2.024546 ^ _2066_/Y (sky130_fd_sc_hd__inv_2)
                                                         _0101_ (net)
                      0.024105    0.000000    2.024546 ^ _3768_/RESET_B (sky130_fd_sc_hd__dfrtp_2)
                                              2.024546   data arrival time

                      0.000000    0.000000    0.000000   clock clk (rise edge)
                                  0.000000    0.000000   clock network delay (ideal)
                                  0.000000    0.000000   clock reconvergence pessimism
                                              0.000000 ^ _3768_/CLK (sky130_fd_sc_hd__dfrtp_2)
                                  0.302168    0.302168   library removal time
                                              0.302168   data required time
---------------------------------------------------------------------------------------------
                                              0.302168   data required time
                                             -2.024546   data arrival time
---------------------------------------------------------------------------------------------
                                              1.722378   slack (MET)


Startpoint: rst (input port clocked by clk)
Endpoint: _3769_ (removal check against rising-edge clock clk)
Path Group: asynchronous
Path Type: min

Fanout         Cap        Slew       Delay        Time   Description
---------------------------------------------------------------------------------------------
                      0.000000    0.000000    0.000000   clock clk (rise edge)
                                  0.000000    0.000000   clock network delay (ideal)
                                  2.000000    2.000000 v input external delay
   213    0.910787    0.000000    0.000000    2.000000 v rst (in)
                                                         rst (net)
                      0.000000    0.000000    2.000000 v _2067_/A (sky130_fd_sc_hd__inv_2)
     1    0.003612    0.024105    0.024546    2.024546 ^ _2067_/Y (sky130_fd_sc_hd__inv_2)
                                                         _0102_ (net)
                      0.024105    0.000000    2.024546 ^ _3769_/RESET_B (sky130_fd_sc_hd__dfrtp_2)
                                              2.024546   data arrival time

                      0.000000    0.000000    0.000000   clock clk (rise edge)
                                  0.000000    0.000000   clock network delay (ideal)
                                  0.000000    0.000000   clock reconvergence pessimism
                                              0.000000 ^ _3769_/CLK (sky130_fd_sc_hd__dfrtp_2)
                                  0.302168    0.302168   library removal time
                                              0.302168   data required time
---------------------------------------------------------------------------------------------
                                              0.302168   data required time
                                             -2.024546   data arrival time
---------------------------------------------------------------------------------------------
                                              1.722378   slack (MET)


Startpoint: rst (input port clocked by clk)
Endpoint: _3770_ (removal check against rising-edge clock clk)
Path Group: asynchronous
Path Type: min

Fanout         Cap        Slew       Delay        Time   Description
---------------------------------------------------------------------------------------------
                      0.000000    0.000000    0.000000   clock clk (rise edge)
                                  0.000000    0.000000   clock network delay (ideal)
                                  2.000000    2.000000 v input external delay
   213    0.910787    0.000000    0.000000    2.000000 v rst (in)
                                                         rst (net)
                      0.000000    0.000000    2.000000 v _2068_/A (sky130_fd_sc_hd__inv_2)
     1    0.003612    0.024105    0.024546    2.024546 ^ _2068_/Y (sky130_fd_sc_hd__inv_2)
                                                         _0103_ (net)
                      0.024105    0.000000    2.024546 ^ _3770_/RESET_B (sky130_fd_sc_hd__dfrtp_2)
                                              2.024546   data arrival time

                      0.000000    0.000000    0.000000   clock clk (rise edge)
                                  0.000000    0.000000   clock network delay (ideal)
                                  0.000000    0.000000   clock reconvergence pessimism
                                              0.000000 ^ _3770_/CLK (sky130_fd_sc_hd__dfrtp_2)
                                  0.302168    0.302168   library removal time
                                              0.302168   data required time
---------------------------------------------------------------------------------------------
                                              0.302168   data required time
                                             -2.024546   data arrival time
---------------------------------------------------------------------------------------------
                                              1.722378   slack (MET)


Startpoint: rst (input port clocked by clk)
Endpoint: _3771_ (removal check against rising-edge clock clk)
Path Group: asynchronous
Path Type: min

Fanout         Cap        Slew       Delay        Time   Description
---------------------------------------------------------------------------------------------
                      0.000000    0.000000    0.000000   clock clk (rise edge)
                                  0.000000    0.000000   clock network delay (ideal)
                                  2.000000    2.000000 v input external delay
   213    0.910787    0.000000    0.000000    2.000000 v rst (in)
                                                         rst (net)
                      0.000000    0.000000    2.000000 v _2069_/A (sky130_fd_sc_hd__inv_2)
     1    0.003612    0.024105    0.024546    2.024546 ^ _2069_/Y (sky130_fd_sc_hd__inv_2)
                                                         _0104_ (net)
                      0.024105    0.000000    2.024546 ^ _3771_/RESET_B (sky130_fd_sc_hd__dfrtp_2)
                                              2.024546   data arrival time

                      0.000000    0.000000    0.000000   clock clk (rise edge)
                                  0.000000    0.000000   clock network delay (ideal)
                                  0.000000    0.000000   clock reconvergence pessimism
                                              0.000000 ^ _3771_/CLK (sky130_fd_sc_hd__dfrtp_2)
                                  0.302168    0.302168   library removal time
                                              0.302168   data required time
---------------------------------------------------------------------------------------------
                                              0.302168   data required time
                                             -2.024546   data arrival time
---------------------------------------------------------------------------------------------
                                              1.722378   slack (MET)


Startpoint: rst (input port clocked by clk)
Endpoint: _3772_ (removal check against rising-edge clock clk)
Path Group: asynchronous
Path Type: min

Fanout         Cap        Slew       Delay        Time   Description
---------------------------------------------------------------------------------------------
                      0.000000    0.000000    0.000000   clock clk (rise edge)
                                  0.000000    0.000000   clock network delay (ideal)
                                  2.000000    2.000000 v input external delay
   213    0.910787    0.000000    0.000000    2.000000 v rst (in)
                                                         rst (net)
                      0.000000    0.000000    2.000000 v _2070_/A (sky130_fd_sc_hd__inv_2)
     1    0.003612    0.024105    0.024546    2.024546 ^ _2070_/Y (sky130_fd_sc_hd__inv_2)
                                                         _0105_ (net)
                      0.024105    0.000000    2.024546 ^ _3772_/RESET_B (sky130_fd_sc_hd__dfrtp_2)
                                              2.024546   data arrival time

                      0.000000    0.000000    0.000000   clock clk (rise edge)
                                  0.000000    0.000000   clock network delay (ideal)
                                  0.000000    0.000000   clock reconvergence pessimism
                                              0.000000 ^ _3772_/CLK (sky130_fd_sc_hd__dfrtp_2)
                                  0.302168    0.302168   library removal time
                                              0.302168   data required time
---------------------------------------------------------------------------------------------
                                              0.302168   data required time
                                             -2.024546   data arrival time
---------------------------------------------------------------------------------------------
                                              1.722378   slack (MET)


Startpoint: rst (input port clocked by clk)
Endpoint: _3773_ (removal check against rising-edge clock clk)
Path Group: asynchronous
Path Type: min

Fanout         Cap        Slew       Delay        Time   Description
---------------------------------------------------------------------------------------------
                      0.000000    0.000000    0.000000   clock clk (rise edge)
                                  0.000000    0.000000   clock network delay (ideal)
                                  2.000000    2.000000 v input external delay
   213    0.910787    0.000000    0.000000    2.000000 v rst (in)
                                                         rst (net)
                      0.000000    0.000000    2.000000 v _2071_/A (sky130_fd_sc_hd__inv_2)
     1    0.003612    0.024105    0.024546    2.024546 ^ _2071_/Y (sky130_fd_sc_hd__inv_2)
                                                         _0106_ (net)
                      0.024105    0.000000    2.024546 ^ _3773_/RESET_B (sky130_fd_sc_hd__dfrtp_2)
                                              2.024546   data arrival time

                      0.000000    0.000000    0.000000   clock clk (rise edge)
                                  0.000000    0.000000   clock network delay (ideal)
                                  0.000000    0.000000   clock reconvergence pessimism
                                              0.000000 ^ _3773_/CLK (sky130_fd_sc_hd__dfrtp_2)
                                  0.302168    0.302168   library removal time
                                              0.302168   data required time
---------------------------------------------------------------------------------------------
                                              0.302168   data required time
                                             -2.024546   data arrival time
---------------------------------------------------------------------------------------------
                                              1.722378   slack (MET)


Startpoint: rst (input port clocked by clk)
Endpoint: _3774_ (removal check against rising-edge clock clk)
Path Group: asynchronous
Path Type: min

Fanout         Cap        Slew       Delay        Time   Description
---------------------------------------------------------------------------------------------
                      0.000000    0.000000    0.000000   clock clk (rise edge)
                                  0.000000    0.000000   clock network delay (ideal)
                                  2.000000    2.000000 v input external delay
   213    0.910787    0.000000    0.000000    2.000000 v rst (in)
                                                         rst (net)
                      0.000000    0.000000    2.000000 v _2072_/A (sky130_fd_sc_hd__inv_2)
     1    0.003612    0.024105    0.024546    2.024546 ^ _2072_/Y (sky130_fd_sc_hd__inv_2)
                                                         _0107_ (net)
                      0.024105    0.000000    2.024546 ^ _3774_/RESET_B (sky130_fd_sc_hd__dfrtp_2)
                                              2.024546   data arrival time

                      0.000000    0.000000    0.000000   clock clk (rise edge)
                                  0.000000    0.000000   clock network delay (ideal)
                                  0.000000    0.000000   clock reconvergence pessimism
                                              0.000000 ^ _3774_/CLK (sky130_fd_sc_hd__dfrtp_2)
                                  0.302168    0.302168   library removal time
                                              0.302168   data required time
---------------------------------------------------------------------------------------------
                                              0.302168   data required time
                                             -2.024546   data arrival time
---------------------------------------------------------------------------------------------
                                              1.722378   slack (MET)


Startpoint: rst (input port clocked by clk)
Endpoint: _3775_ (removal check against rising-edge clock clk)
Path Group: asynchronous
Path Type: min

Fanout         Cap        Slew       Delay        Time   Description
---------------------------------------------------------------------------------------------
                      0.000000    0.000000    0.000000   clock clk (rise edge)
                                  0.000000    0.000000   clock network delay (ideal)
                                  2.000000    2.000000 v input external delay
   213    0.910787    0.000000    0.000000    2.000000 v rst (in)
                                                         rst (net)
                      0.000000    0.000000    2.000000 v _2073_/A (sky130_fd_sc_hd__inv_2)
     1    0.003612    0.024105    0.024546    2.024546 ^ _2073_/Y (sky130_fd_sc_hd__inv_2)
                                                         _0108_ (net)
                      0.024105    0.000000    2.024546 ^ _3775_/RESET_B (sky130_fd_sc_hd__dfrtp_2)
                                              2.024546   data arrival time

                      0.000000    0.000000    0.000000   clock clk (rise edge)
                                  0.000000    0.000000   clock network delay (ideal)
                                  0.000000    0.000000   clock reconvergence pessimism
                                              0.000000 ^ _3775_/CLK (sky130_fd_sc_hd__dfrtp_2)
                                  0.302168    0.302168   library removal time
                                              0.302168   data required time
---------------------------------------------------------------------------------------------
                                              0.302168   data required time
                                             -2.024546   data arrival time
---------------------------------------------------------------------------------------------
                                              1.722378   slack (MET)


Startpoint: rst (input port clocked by clk)
Endpoint: _3776_ (removal check against rising-edge clock clk)
Path Group: asynchronous
Path Type: min

Fanout         Cap        Slew       Delay        Time   Description
---------------------------------------------------------------------------------------------
                      0.000000    0.000000    0.000000   clock clk (rise edge)
                                  0.000000    0.000000   clock network delay (ideal)
                                  2.000000    2.000000 v input external delay
   213    0.910787    0.000000    0.000000    2.000000 v rst (in)
                                                         rst (net)
                      0.000000    0.000000    2.000000 v _2074_/A (sky130_fd_sc_hd__inv_2)
     1    0.003612    0.024105    0.024546    2.024546 ^ _2074_/Y (sky130_fd_sc_hd__inv_2)
                                                         _0109_ (net)
                      0.024105    0.000000    2.024546 ^ _3776_/RESET_B (sky130_fd_sc_hd__dfrtp_2)
                                              2.024546   data arrival time

                      0.000000    0.000000    0.000000   clock clk (rise edge)
                                  0.000000    0.000000   clock network delay (ideal)
                                  0.000000    0.000000   clock reconvergence pessimism
                                              0.000000 ^ _3776_/CLK (sky130_fd_sc_hd__dfrtp_2)
                                  0.302168    0.302168   library removal time
                                              0.302168   data required time
---------------------------------------------------------------------------------------------
                                              0.302168   data required time
                                             -2.024546   data arrival time
---------------------------------------------------------------------------------------------
                                              1.722378   slack (MET)


Startpoint: rst (input port clocked by clk)
Endpoint: _3777_ (removal check against rising-edge clock clk)
Path Group: asynchronous
Path Type: min

Fanout         Cap        Slew       Delay        Time   Description
---------------------------------------------------------------------------------------------
                      0.000000    0.000000    0.000000   clock clk (rise edge)
                                  0.000000    0.000000   clock network delay (ideal)
                                  2.000000    2.000000 v input external delay
   213    0.910787    0.000000    0.000000    2.000000 v rst (in)
                                                         rst (net)
                      0.000000    0.000000    2.000000 v _2075_/A (sky130_fd_sc_hd__inv_2)
     1    0.003612    0.024105    0.024546    2.024546 ^ _2075_/Y (sky130_fd_sc_hd__inv_2)
                                                         _0110_ (net)
                      0.024105    0.000000    2.024546 ^ _3777_/RESET_B (sky130_fd_sc_hd__dfrtp_2)
                                              2.024546   data arrival time

                      0.000000    0.000000    0.000000   clock clk (rise edge)
                                  0.000000    0.000000   clock network delay (ideal)
                                  0.000000    0.000000   clock reconvergence pessimism
                                              0.000000 ^ _3777_/CLK (sky130_fd_sc_hd__dfrtp_2)
                                  0.302168    0.302168   library removal time
                                              0.302168   data required time
---------------------------------------------------------------------------------------------
                                              0.302168   data required time
                                             -2.024546   data arrival time
---------------------------------------------------------------------------------------------
                                              1.722378   slack (MET)


Startpoint: rst (input port clocked by clk)
Endpoint: _3778_ (removal check against rising-edge clock clk)
Path Group: asynchronous
Path Type: min

Fanout         Cap        Slew       Delay        Time   Description
---------------------------------------------------------------------------------------------
                      0.000000    0.000000    0.000000   clock clk (rise edge)
                                  0.000000    0.000000   clock network delay (ideal)
                                  2.000000    2.000000 v input external delay
   213    0.910787    0.000000    0.000000    2.000000 v rst (in)
                                                         rst (net)
                      0.000000    0.000000    2.000000 v _2076_/A (sky130_fd_sc_hd__inv_2)
     1    0.003612    0.024105    0.024546    2.024546 ^ _2076_/Y (sky130_fd_sc_hd__inv_2)
                                                         _0111_ (net)
                      0.024105    0.000000    2.024546 ^ _3778_/RESET_B (sky130_fd_sc_hd__dfrtp_2)
                                              2.024546   data arrival time

                      0.000000    0.000000    0.000000   clock clk (rise edge)
                                  0.000000    0.000000   clock network delay (ideal)
                                  0.000000    0.000000   clock reconvergence pessimism
                                              0.000000 ^ _3778_/CLK (sky130_fd_sc_hd__dfrtp_2)
                                  0.302168    0.302168   library removal time
                                              0.302168   data required time
---------------------------------------------------------------------------------------------
                                              0.302168   data required time
                                             -2.024546   data arrival time
---------------------------------------------------------------------------------------------
                                              1.722378   slack (MET)


Startpoint: rst (input port clocked by clk)
Endpoint: _3779_ (removal check against rising-edge clock clk)
Path Group: asynchronous
Path Type: min

Fanout         Cap        Slew       Delay        Time   Description
---------------------------------------------------------------------------------------------
                      0.000000    0.000000    0.000000   clock clk (rise edge)
                                  0.000000    0.000000   clock network delay (ideal)
                                  2.000000    2.000000 v input external delay
   213    0.910787    0.000000    0.000000    2.000000 v rst (in)
                                                         rst (net)
                      0.000000    0.000000    2.000000 v _2077_/A (sky130_fd_sc_hd__inv_2)
     1    0.003612    0.024105    0.024546    2.024546 ^ _2077_/Y (sky130_fd_sc_hd__inv_2)
                                                         _0112_ (net)
                      0.024105    0.000000    2.024546 ^ _3779_/RESET_B (sky130_fd_sc_hd__dfrtp_2)
                                              2.024546   data arrival time

                      0.000000    0.000000    0.000000   clock clk (rise edge)
                                  0.000000    0.000000   clock network delay (ideal)
                                  0.000000    0.000000   clock reconvergence pessimism
                                              0.000000 ^ _3779_/CLK (sky130_fd_sc_hd__dfrtp_2)
                                  0.302168    0.302168   library removal time
                                              0.302168   data required time
---------------------------------------------------------------------------------------------
                                              0.302168   data required time
                                             -2.024546   data arrival time
---------------------------------------------------------------------------------------------
                                              1.722378   slack (MET)


Startpoint: rst (input port clocked by clk)
Endpoint: _3780_ (removal check against rising-edge clock clk)
Path Group: asynchronous
Path Type: min

Fanout         Cap        Slew       Delay        Time   Description
---------------------------------------------------------------------------------------------
                      0.000000    0.000000    0.000000   clock clk (rise edge)
                                  0.000000    0.000000   clock network delay (ideal)
                                  2.000000    2.000000 v input external delay
   213    0.910787    0.000000    0.000000    2.000000 v rst (in)
                                                         rst (net)
                      0.000000    0.000000    2.000000 v _2078_/A (sky130_fd_sc_hd__inv_2)
     1    0.003612    0.024105    0.024546    2.024546 ^ _2078_/Y (sky130_fd_sc_hd__inv_2)
                                                         _0113_ (net)
                      0.024105    0.000000    2.024546 ^ _3780_/RESET_B (sky130_fd_sc_hd__dfrtp_2)
                                              2.024546   data arrival time

                      0.000000    0.000000    0.000000   clock clk (rise edge)
                                  0.000000    0.000000   clock network delay (ideal)
                                  0.000000    0.000000   clock reconvergence pessimism
                                              0.000000 ^ _3780_/CLK (sky130_fd_sc_hd__dfrtp_2)
                                  0.302168    0.302168   library removal time
                                              0.302168   data required time
---------------------------------------------------------------------------------------------
                                              0.302168   data required time
                                             -2.024546   data arrival time
---------------------------------------------------------------------------------------------
                                              1.722378   slack (MET)


Startpoint: rst (input port clocked by clk)
Endpoint: _3781_ (removal check against rising-edge clock clk)
Path Group: asynchronous
Path Type: min

Fanout         Cap        Slew       Delay        Time   Description
---------------------------------------------------------------------------------------------
                      0.000000    0.000000    0.000000   clock clk (rise edge)
                                  0.000000    0.000000   clock network delay (ideal)
                                  2.000000    2.000000 v input external delay
   213    0.910787    0.000000    0.000000    2.000000 v rst (in)
                                                         rst (net)
                      0.000000    0.000000    2.000000 v _2079_/A (sky130_fd_sc_hd__inv_2)
     1    0.003612    0.024105    0.024546    2.024546 ^ _2079_/Y (sky130_fd_sc_hd__inv_2)
                                                         _0114_ (net)
                      0.024105    0.000000    2.024546 ^ _3781_/RESET_B (sky130_fd_sc_hd__dfrtp_2)
                                              2.024546   data arrival time

                      0.000000    0.000000    0.000000   clock clk (rise edge)
                                  0.000000    0.000000   clock network delay (ideal)
                                  0.000000    0.000000   clock reconvergence pessimism
                                              0.000000 ^ _3781_/CLK (sky130_fd_sc_hd__dfrtp_2)
                                  0.302168    0.302168   library removal time
                                              0.302168   data required time
---------------------------------------------------------------------------------------------
                                              0.302168   data required time
                                             -2.024546   data arrival time
---------------------------------------------------------------------------------------------
                                              1.722378   slack (MET)


Startpoint: rst (input port clocked by clk)
Endpoint: _3782_ (removal check against rising-edge clock clk)
Path Group: asynchronous
Path Type: min

Fanout         Cap        Slew       Delay        Time   Description
---------------------------------------------------------------------------------------------
                      0.000000    0.000000    0.000000   clock clk (rise edge)
                                  0.000000    0.000000   clock network delay (ideal)
                                  2.000000    2.000000 v input external delay
   213    0.910787    0.000000    0.000000    2.000000 v rst (in)
                                                         rst (net)
                      0.000000    0.000000    2.000000 v _2080_/A (sky130_fd_sc_hd__inv_2)
     1    0.003612    0.024105    0.024546    2.024546 ^ _2080_/Y (sky130_fd_sc_hd__inv_2)
                                                         _0115_ (net)
                      0.024105    0.000000    2.024546 ^ _3782_/RESET_B (sky130_fd_sc_hd__dfrtp_2)
                                              2.024546   data arrival time

                      0.000000    0.000000    0.000000   clock clk (rise edge)
                                  0.000000    0.000000   clock network delay (ideal)
                                  0.000000    0.000000   clock reconvergence pessimism
                                              0.000000 ^ _3782_/CLK (sky130_fd_sc_hd__dfrtp_2)
                                  0.302168    0.302168   library removal time
                                              0.302168   data required time
---------------------------------------------------------------------------------------------
                                              0.302168   data required time
                                             -2.024546   data arrival time
---------------------------------------------------------------------------------------------
                                              1.722378   slack (MET)


Startpoint: rst (input port clocked by clk)
Endpoint: _3783_ (removal check against rising-edge clock clk)
Path Group: asynchronous
Path Type: min

Fanout         Cap        Slew       Delay        Time   Description
---------------------------------------------------------------------------------------------
                      0.000000    0.000000    0.000000   clock clk (rise edge)
                                  0.000000    0.000000   clock network delay (ideal)
                                  2.000000    2.000000 v input external delay
   213    0.910787    0.000000    0.000000    2.000000 v rst (in)
                                                         rst (net)
                      0.000000    0.000000    2.000000 v _2081_/A (sky130_fd_sc_hd__inv_2)
     1    0.003612    0.024105    0.024546    2.024546 ^ _2081_/Y (sky130_fd_sc_hd__inv_2)
                                                         _0116_ (net)
                      0.024105    0.000000    2.024546 ^ _3783_/RESET_B (sky130_fd_sc_hd__dfrtp_2)
                                              2.024546   data arrival time

                      0.000000    0.000000    0.000000   clock clk (rise edge)
                                  0.000000    0.000000   clock network delay (ideal)
                                  0.000000    0.000000   clock reconvergence pessimism
                                              0.000000 ^ _3783_/CLK (sky130_fd_sc_hd__dfrtp_2)
                                  0.302168    0.302168   library removal time
                                              0.302168   data required time
---------------------------------------------------------------------------------------------
                                              0.302168   data required time
                                             -2.024546   data arrival time
---------------------------------------------------------------------------------------------
                                              1.722378   slack (MET)


Startpoint: rst (input port clocked by clk)
Endpoint: _3784_ (removal check against rising-edge clock clk)
Path Group: asynchronous
Path Type: min

Fanout         Cap        Slew       Delay        Time   Description
---------------------------------------------------------------------------------------------
                      0.000000    0.000000    0.000000   clock clk (rise edge)
                                  0.000000    0.000000   clock network delay (ideal)
                                  2.000000    2.000000 v input external delay
   213    0.910787    0.000000    0.000000    2.000000 v rst (in)
                                                         rst (net)
                      0.000000    0.000000    2.000000 v _2082_/A (sky130_fd_sc_hd__inv_2)
     1    0.003612    0.024105    0.024546    2.024546 ^ _2082_/Y (sky130_fd_sc_hd__inv_2)
                                                         _0117_ (net)
                      0.024105    0.000000    2.024546 ^ _3784_/RESET_B (sky130_fd_sc_hd__dfrtp_2)
                                              2.024546   data arrival time

                      0.000000    0.000000    0.000000   clock clk (rise edge)
                                  0.000000    0.000000   clock network delay (ideal)
                                  0.000000    0.000000   clock reconvergence pessimism
                                              0.000000 ^ _3784_/CLK (sky130_fd_sc_hd__dfrtp_2)
                                  0.302168    0.302168   library removal time
                                              0.302168   data required time
---------------------------------------------------------------------------------------------
                                              0.302168   data required time
                                             -2.024546   data arrival time
---------------------------------------------------------------------------------------------
                                              1.722378   slack (MET)


Startpoint: rst (input port clocked by clk)
Endpoint: _3785_ (removal check against rising-edge clock clk)
Path Group: asynchronous
Path Type: min

Fanout         Cap        Slew       Delay        Time   Description
---------------------------------------------------------------------------------------------
                      0.000000    0.000000    0.000000   clock clk (rise edge)
                                  0.000000    0.000000   clock network delay (ideal)
                                  2.000000    2.000000 v input external delay
   213    0.910787    0.000000    0.000000    2.000000 v rst (in)
                                                         rst (net)
                      0.000000    0.000000    2.000000 v _2083_/A (sky130_fd_sc_hd__inv_2)
     1    0.003612    0.024105    0.024546    2.024546 ^ _2083_/Y (sky130_fd_sc_hd__inv_2)
                                                         _0118_ (net)
                      0.024105    0.000000    2.024546 ^ _3785_/RESET_B (sky130_fd_sc_hd__dfrtp_2)
                                              2.024546   data arrival time

                      0.000000    0.000000    0.000000   clock clk (rise edge)
                                  0.000000    0.000000   clock network delay (ideal)
                                  0.000000    0.000000   clock reconvergence pessimism
                                              0.000000 ^ _3785_/CLK (sky130_fd_sc_hd__dfrtp_2)
                                  0.302168    0.302168   library removal time
                                              0.302168   data required time
---------------------------------------------------------------------------------------------
                                              0.302168   data required time
                                             -2.024546   data arrival time
---------------------------------------------------------------------------------------------
                                              1.722378   slack (MET)


Startpoint: rst (input port clocked by clk)
Endpoint: _3786_ (removal check against rising-edge clock clk)
Path Group: asynchronous
Path Type: min

Fanout         Cap        Slew       Delay        Time   Description
---------------------------------------------------------------------------------------------
                      0.000000    0.000000    0.000000   clock clk (rise edge)
                                  0.000000    0.000000   clock network delay (ideal)
                                  2.000000    2.000000 v input external delay
   213    0.910787    0.000000    0.000000    2.000000 v rst (in)
                                                         rst (net)
                      0.000000    0.000000    2.000000 v _2084_/A (sky130_fd_sc_hd__inv_2)
     1    0.003612    0.024105    0.024546    2.024546 ^ _2084_/Y (sky130_fd_sc_hd__inv_2)
                                                         _0119_ (net)
                      0.024105    0.000000    2.024546 ^ _3786_/RESET_B (sky130_fd_sc_hd__dfrtp_2)
                                              2.024546   data arrival time

                      0.000000    0.000000    0.000000   clock clk (rise edge)
                                  0.000000    0.000000   clock network delay (ideal)
                                  0.000000    0.000000   clock reconvergence pessimism
                                              0.000000 ^ _3786_/CLK (sky130_fd_sc_hd__dfrtp_2)
                                  0.302168    0.302168   library removal time
                                              0.302168   data required time
---------------------------------------------------------------------------------------------
                                              0.302168   data required time
                                             -2.024546   data arrival time
---------------------------------------------------------------------------------------------
                                              1.722378   slack (MET)


Startpoint: rst (input port clocked by clk)
Endpoint: _3787_ (removal check against rising-edge clock clk)
Path Group: asynchronous
Path Type: min

Fanout         Cap        Slew       Delay        Time   Description
---------------------------------------------------------------------------------------------
                      0.000000    0.000000    0.000000   clock clk (rise edge)
                                  0.000000    0.000000   clock network delay (ideal)
                                  2.000000    2.000000 v input external delay
   213    0.910787    0.000000    0.000000    2.000000 v rst (in)
                                                         rst (net)
                      0.000000    0.000000    2.000000 v _2085_/A (sky130_fd_sc_hd__inv_2)
     1    0.003612    0.024105    0.024546    2.024546 ^ _2085_/Y (sky130_fd_sc_hd__inv_2)
                                                         _0120_ (net)
                      0.024105    0.000000    2.024546 ^ _3787_/RESET_B (sky130_fd_sc_hd__dfrtp_2)
                                              2.024546   data arrival time

                      0.000000    0.000000    0.000000   clock clk (rise edge)
                                  0.000000    0.000000   clock network delay (ideal)
                                  0.000000    0.000000   clock reconvergence pessimism
                                              0.000000 ^ _3787_/CLK (sky130_fd_sc_hd__dfrtp_2)
                                  0.302168    0.302168   library removal time
                                              0.302168   data required time
---------------------------------------------------------------------------------------------
                                              0.302168   data required time
                                             -2.024546   data arrival time
---------------------------------------------------------------------------------------------
                                              1.722378   slack (MET)


Startpoint: rst (input port clocked by clk)
Endpoint: _3788_ (removal check against rising-edge clock clk)
Path Group: asynchronous
Path Type: min

Fanout         Cap        Slew       Delay        Time   Description
---------------------------------------------------------------------------------------------
                      0.000000    0.000000    0.000000   clock clk (rise edge)
                                  0.000000    0.000000   clock network delay (ideal)
                                  2.000000    2.000000 v input external delay
   213    0.910787    0.000000    0.000000    2.000000 v rst (in)
                                                         rst (net)
                      0.000000    0.000000    2.000000 v _2086_/A (sky130_fd_sc_hd__inv_2)
     1    0.003612    0.024105    0.024546    2.024546 ^ _2086_/Y (sky130_fd_sc_hd__inv_2)
                                                         _0121_ (net)
                      0.024105    0.000000    2.024546 ^ _3788_/RESET_B (sky130_fd_sc_hd__dfrtp_2)
                                              2.024546   data arrival time

                      0.000000    0.000000    0.000000   clock clk (rise edge)
                                  0.000000    0.000000   clock network delay (ideal)
                                  0.000000    0.000000   clock reconvergence pessimism
                                              0.000000 ^ _3788_/CLK (sky130_fd_sc_hd__dfrtp_2)
                                  0.302168    0.302168   library removal time
                                              0.302168   data required time
---------------------------------------------------------------------------------------------
                                              0.302168   data required time
                                             -2.024546   data arrival time
---------------------------------------------------------------------------------------------
                                              1.722378   slack (MET)


Startpoint: rst (input port clocked by clk)
Endpoint: _3789_ (removal check against rising-edge clock clk)
Path Group: asynchronous
Path Type: min

Fanout         Cap        Slew       Delay        Time   Description
---------------------------------------------------------------------------------------------
                      0.000000    0.000000    0.000000   clock clk (rise edge)
                                  0.000000    0.000000   clock network delay (ideal)
                                  2.000000    2.000000 v input external delay
   213    0.910787    0.000000    0.000000    2.000000 v rst (in)
                                                         rst (net)
                      0.000000    0.000000    2.000000 v _2087_/A (sky130_fd_sc_hd__inv_2)
     1    0.003612    0.024105    0.024546    2.024546 ^ _2087_/Y (sky130_fd_sc_hd__inv_2)
                                                         _0122_ (net)
                      0.024105    0.000000    2.024546 ^ _3789_/RESET_B (sky130_fd_sc_hd__dfrtp_2)
                                              2.024546   data arrival time

                      0.000000    0.000000    0.000000   clock clk (rise edge)
                                  0.000000    0.000000   clock network delay (ideal)
                                  0.000000    0.000000   clock reconvergence pessimism
                                              0.000000 ^ _3789_/CLK (sky130_fd_sc_hd__dfrtp_2)
                                  0.302168    0.302168   library removal time
                                              0.302168   data required time
---------------------------------------------------------------------------------------------
                                              0.302168   data required time
                                             -2.024546   data arrival time
---------------------------------------------------------------------------------------------
                                              1.722378   slack (MET)


Startpoint: rst (input port clocked by clk)
Endpoint: _3790_ (removal check against rising-edge clock clk)
Path Group: asynchronous
Path Type: min

Fanout         Cap        Slew       Delay        Time   Description
---------------------------------------------------------------------------------------------
                      0.000000    0.000000    0.000000   clock clk (rise edge)
                                  0.000000    0.000000   clock network delay (ideal)
                                  2.000000    2.000000 v input external delay
   213    0.910787    0.000000    0.000000    2.000000 v rst (in)
                                                         rst (net)
                      0.000000    0.000000    2.000000 v _2088_/A (sky130_fd_sc_hd__inv_2)
     1    0.003612    0.024105    0.024546    2.024546 ^ _2088_/Y (sky130_fd_sc_hd__inv_2)
                                                         _0123_ (net)
                      0.024105    0.000000    2.024546 ^ _3790_/RESET_B (sky130_fd_sc_hd__dfrtp_2)
                                              2.024546   data arrival time

                      0.000000    0.000000    0.000000   clock clk (rise edge)
                                  0.000000    0.000000   clock network delay (ideal)
                                  0.000000    0.000000   clock reconvergence pessimism
                                              0.000000 ^ _3790_/CLK (sky130_fd_sc_hd__dfrtp_2)
                                  0.302168    0.302168   library removal time
                                              0.302168   data required time
---------------------------------------------------------------------------------------------
                                              0.302168   data required time
                                             -2.024546   data arrival time
---------------------------------------------------------------------------------------------
                                              1.722378   slack (MET)


Startpoint: rst (input port clocked by clk)
Endpoint: _3791_ (removal check against rising-edge clock clk)
Path Group: asynchronous
Path Type: min

Fanout         Cap        Slew       Delay        Time   Description
---------------------------------------------------------------------------------------------
                      0.000000    0.000000    0.000000   clock clk (rise edge)
                                  0.000000    0.000000   clock network delay (ideal)
                                  2.000000    2.000000 v input external delay
   213    0.910787    0.000000    0.000000    2.000000 v rst (in)
                                                         rst (net)
                      0.000000    0.000000    2.000000 v _2089_/A (sky130_fd_sc_hd__inv_2)
     1    0.003612    0.024105    0.024546    2.024546 ^ _2089_/Y (sky130_fd_sc_hd__inv_2)
                                                         _0124_ (net)
                      0.024105    0.000000    2.024546 ^ _3791_/RESET_B (sky130_fd_sc_hd__dfrtp_2)
                                              2.024546   data arrival time

                      0.000000    0.000000    0.000000   clock clk (rise edge)
                                  0.000000    0.000000   clock network delay (ideal)
                                  0.000000    0.000000   clock reconvergence pessimism
                                              0.000000 ^ _3791_/CLK (sky130_fd_sc_hd__dfrtp_2)
                                  0.302168    0.302168   library removal time
                                              0.302168   data required time
---------------------------------------------------------------------------------------------
                                              0.302168   data required time
                                             -2.024546   data arrival time
---------------------------------------------------------------------------------------------
                                              1.722378   slack (MET)


Startpoint: rst (input port clocked by clk)
Endpoint: _3792_ (removal check against rising-edge clock clk)
Path Group: asynchronous
Path Type: min

Fanout         Cap        Slew       Delay        Time   Description
---------------------------------------------------------------------------------------------
                      0.000000    0.000000    0.000000   clock clk (rise edge)
                                  0.000000    0.000000   clock network delay (ideal)
                                  2.000000    2.000000 v input external delay
   213    0.910787    0.000000    0.000000    2.000000 v rst (in)
                                                         rst (net)
                      0.000000    0.000000    2.000000 v _2090_/A (sky130_fd_sc_hd__inv_2)
     1    0.003612    0.024105    0.024546    2.024546 ^ _2090_/Y (sky130_fd_sc_hd__inv_2)
                                                         _0125_ (net)
                      0.024105    0.000000    2.024546 ^ _3792_/RESET_B (sky130_fd_sc_hd__dfrtp_2)
                                              2.024546   data arrival time

                      0.000000    0.000000    0.000000   clock clk (rise edge)
                                  0.000000    0.000000   clock network delay (ideal)
                                  0.000000    0.000000   clock reconvergence pessimism
                                              0.000000 ^ _3792_/CLK (sky130_fd_sc_hd__dfrtp_2)
                                  0.302168    0.302168   library removal time
                                              0.302168   data required time
---------------------------------------------------------------------------------------------
                                              0.302168   data required time
                                             -2.024546   data arrival time
---------------------------------------------------------------------------------------------
                                              1.722378   slack (MET)


Startpoint: rst (input port clocked by clk)
Endpoint: _3793_ (removal check against rising-edge clock clk)
Path Group: asynchronous
Path Type: min

Fanout         Cap        Slew       Delay        Time   Description
---------------------------------------------------------------------------------------------
                      0.000000    0.000000    0.000000   clock clk (rise edge)
                                  0.000000    0.000000   clock network delay (ideal)
                                  2.000000    2.000000 v input external delay
   213    0.910787    0.000000    0.000000    2.000000 v rst (in)
                                                         rst (net)
                      0.000000    0.000000    2.000000 v _2091_/A (sky130_fd_sc_hd__inv_2)
     1    0.003612    0.024105    0.024546    2.024546 ^ _2091_/Y (sky130_fd_sc_hd__inv_2)
                                                         _0126_ (net)
                      0.024105    0.000000    2.024546 ^ _3793_/RESET_B (sky130_fd_sc_hd__dfrtp_2)
                                              2.024546   data arrival time

                      0.000000    0.000000    0.000000   clock clk (rise edge)
                                  0.000000    0.000000   clock network delay (ideal)
                                  0.000000    0.000000   clock reconvergence pessimism
                                              0.000000 ^ _3793_/CLK (sky130_fd_sc_hd__dfrtp_2)
                                  0.302168    0.302168   library removal time
                                              0.302168   data required time
---------------------------------------------------------------------------------------------
                                              0.302168   data required time
                                             -2.024546   data arrival time
---------------------------------------------------------------------------------------------
                                              1.722378   slack (MET)


Startpoint: rst (input port clocked by clk)
Endpoint: _3794_ (removal check against rising-edge clock clk)
Path Group: asynchronous
Path Type: min

Fanout         Cap        Slew       Delay        Time   Description
---------------------------------------------------------------------------------------------
                      0.000000    0.000000    0.000000   clock clk (rise edge)
                                  0.000000    0.000000   clock network delay (ideal)
                                  2.000000    2.000000 v input external delay
   213    0.910787    0.000000    0.000000    2.000000 v rst (in)
                                                         rst (net)
                      0.000000    0.000000    2.000000 v _2092_/A (sky130_fd_sc_hd__inv_2)
     1    0.003612    0.024105    0.024546    2.024546 ^ _2092_/Y (sky130_fd_sc_hd__inv_2)
                                                         _0127_ (net)
                      0.024105    0.000000    2.024546 ^ _3794_/RESET_B (sky130_fd_sc_hd__dfrtp_2)
                                              2.024546   data arrival time

                      0.000000    0.000000    0.000000   clock clk (rise edge)
                                  0.000000    0.000000   clock network delay (ideal)
                                  0.000000    0.000000   clock reconvergence pessimism
                                              0.000000 ^ _3794_/CLK (sky130_fd_sc_hd__dfrtp_2)
                                  0.302168    0.302168   library removal time
                                              0.302168   data required time
---------------------------------------------------------------------------------------------
                                              0.302168   data required time
                                             -2.024546   data arrival time
---------------------------------------------------------------------------------------------
                                              1.722378   slack (MET)


Startpoint: rst (input port clocked by clk)
Endpoint: _3795_ (removal check against rising-edge clock clk)
Path Group: asynchronous
Path Type: min

Fanout         Cap        Slew       Delay        Time   Description
---------------------------------------------------------------------------------------------
                      0.000000    0.000000    0.000000   clock clk (rise edge)
                                  0.000000    0.000000   clock network delay (ideal)
                                  2.000000    2.000000 v input external delay
   213    0.910787    0.000000    0.000000    2.000000 v rst (in)
                                                         rst (net)
                      0.000000    0.000000    2.000000 v _2093_/A (sky130_fd_sc_hd__inv_2)
     1    0.003612    0.024105    0.024546    2.024546 ^ _2093_/Y (sky130_fd_sc_hd__inv_2)
                                                         _0128_ (net)
                      0.024105    0.000000    2.024546 ^ _3795_/RESET_B (sky130_fd_sc_hd__dfrtp_2)
                                              2.024546   data arrival time

                      0.000000    0.000000    0.000000   clock clk (rise edge)
                                  0.000000    0.000000   clock network delay (ideal)
                                  0.000000    0.000000   clock reconvergence pessimism
                                              0.000000 ^ _3795_/CLK (sky130_fd_sc_hd__dfrtp_2)
                                  0.302168    0.302168   library removal time
                                              0.302168   data required time
---------------------------------------------------------------------------------------------
                                              0.302168   data required time
                                             -2.024546   data arrival time
---------------------------------------------------------------------------------------------
                                              1.722378   slack (MET)


Startpoint: rst (input port clocked by clk)
Endpoint: _3796_ (removal check against rising-edge clock clk)
Path Group: asynchronous
Path Type: min

Fanout         Cap        Slew       Delay        Time   Description
---------------------------------------------------------------------------------------------
                      0.000000    0.000000    0.000000   clock clk (rise edge)
                                  0.000000    0.000000   clock network delay (ideal)
                                  2.000000    2.000000 v input external delay
   213    0.910787    0.000000    0.000000    2.000000 v rst (in)
                                                         rst (net)
                      0.000000    0.000000    2.000000 v _2094_/A (sky130_fd_sc_hd__inv_2)
     1    0.003612    0.024105    0.024546    2.024546 ^ _2094_/Y (sky130_fd_sc_hd__inv_2)
                                                         _0129_ (net)
                      0.024105    0.000000    2.024546 ^ _3796_/RESET_B (sky130_fd_sc_hd__dfrtp_2)
                                              2.024546   data arrival time

                      0.000000    0.000000    0.000000   clock clk (rise edge)
                                  0.000000    0.000000   clock network delay (ideal)
                                  0.000000    0.000000   clock reconvergence pessimism
                                              0.000000 ^ _3796_/CLK (sky130_fd_sc_hd__dfrtp_2)
                                  0.302168    0.302168   library removal time
                                              0.302168   data required time
---------------------------------------------------------------------------------------------
                                              0.302168   data required time
                                             -2.024546   data arrival time
---------------------------------------------------------------------------------------------
                                              1.722378   slack (MET)


Startpoint: rst (input port clocked by clk)
Endpoint: _3797_ (removal check against rising-edge clock clk)
Path Group: asynchronous
Path Type: min

Fanout         Cap        Slew       Delay        Time   Description
---------------------------------------------------------------------------------------------
                      0.000000    0.000000    0.000000   clock clk (rise edge)
                                  0.000000    0.000000   clock network delay (ideal)
                                  2.000000    2.000000 v input external delay
   213    0.910787    0.000000    0.000000    2.000000 v rst (in)
                                                         rst (net)
                      0.000000    0.000000    2.000000 v _2095_/A (sky130_fd_sc_hd__inv_2)
     1    0.003612    0.024105    0.024546    2.024546 ^ _2095_/Y (sky130_fd_sc_hd__inv_2)
                                                         _0130_ (net)
                      0.024105    0.000000    2.024546 ^ _3797_/RESET_B (sky130_fd_sc_hd__dfrtp_2)
                                              2.024546   data arrival time

                      0.000000    0.000000    0.000000   clock clk (rise edge)
                                  0.000000    0.000000   clock network delay (ideal)
                                  0.000000    0.000000   clock reconvergence pessimism
                                              0.000000 ^ _3797_/CLK (sky130_fd_sc_hd__dfrtp_2)
                                  0.302168    0.302168   library removal time
                                              0.302168   data required time
---------------------------------------------------------------------------------------------
                                              0.302168   data required time
                                             -2.024546   data arrival time
---------------------------------------------------------------------------------------------
                                              1.722378   slack (MET)


Startpoint: rst (input port clocked by clk)
Endpoint: _3798_ (removal check against rising-edge clock clk)
Path Group: asynchronous
Path Type: min

Fanout         Cap        Slew       Delay        Time   Description
---------------------------------------------------------------------------------------------
                      0.000000    0.000000    0.000000   clock clk (rise edge)
                                  0.000000    0.000000   clock network delay (ideal)
                                  2.000000    2.000000 v input external delay
   213    0.910787    0.000000    0.000000    2.000000 v rst (in)
                                                         rst (net)
                      0.000000    0.000000    2.000000 v _2096_/A (sky130_fd_sc_hd__inv_2)
     1    0.003612    0.024105    0.024546    2.024546 ^ _2096_/Y (sky130_fd_sc_hd__inv_2)
                                                         _0131_ (net)
                      0.024105    0.000000    2.024546 ^ _3798_/RESET_B (sky130_fd_sc_hd__dfrtp_2)
                                              2.024546   data arrival time

                      0.000000    0.000000    0.000000   clock clk (rise edge)
                                  0.000000    0.000000   clock network delay (ideal)
                                  0.000000    0.000000   clock reconvergence pessimism
                                              0.000000 ^ _3798_/CLK (sky130_fd_sc_hd__dfrtp_2)
                                  0.302168    0.302168   library removal time
                                              0.302168   data required time
---------------------------------------------------------------------------------------------
                                              0.302168   data required time
                                             -2.024546   data arrival time
---------------------------------------------------------------------------------------------
                                              1.722378   slack (MET)


Startpoint: rst (input port clocked by clk)
Endpoint: _3799_ (removal check against rising-edge clock clk)
Path Group: asynchronous
Path Type: min

Fanout         Cap        Slew       Delay        Time   Description
---------------------------------------------------------------------------------------------
                      0.000000    0.000000    0.000000   clock clk (rise edge)
                                  0.000000    0.000000   clock network delay (ideal)
                                  2.000000    2.000000 v input external delay
   213    0.910787    0.000000    0.000000    2.000000 v rst (in)
                                                         rst (net)
                      0.000000    0.000000    2.000000 v _2097_/A (sky130_fd_sc_hd__inv_2)
     1    0.003612    0.024105    0.024546    2.024546 ^ _2097_/Y (sky130_fd_sc_hd__inv_2)
                                                         _0132_ (net)
                      0.024105    0.000000    2.024546 ^ _3799_/RESET_B (sky130_fd_sc_hd__dfrtp_2)
                                              2.024546   data arrival time

                      0.000000    0.000000    0.000000   clock clk (rise edge)
                                  0.000000    0.000000   clock network delay (ideal)
                                  0.000000    0.000000   clock reconvergence pessimism
                                              0.000000 ^ _3799_/CLK (sky130_fd_sc_hd__dfrtp_2)
                                  0.302168    0.302168   library removal time
                                              0.302168   data required time
---------------------------------------------------------------------------------------------
                                              0.302168   data required time
                                             -2.024546   data arrival time
---------------------------------------------------------------------------------------------
                                              1.722378   slack (MET)


Startpoint: rst (input port clocked by clk)
Endpoint: _3800_ (removal check against rising-edge clock clk)
Path Group: asynchronous
Path Type: min

Fanout         Cap        Slew       Delay        Time   Description
---------------------------------------------------------------------------------------------
                      0.000000    0.000000    0.000000   clock clk (rise edge)
                                  0.000000    0.000000   clock network delay (ideal)
                                  2.000000    2.000000 v input external delay
   213    0.910787    0.000000    0.000000    2.000000 v rst (in)
                                                         rst (net)
                      0.000000    0.000000    2.000000 v _2098_/A (sky130_fd_sc_hd__inv_2)
     1    0.003612    0.024105    0.024546    2.024546 ^ _2098_/Y (sky130_fd_sc_hd__inv_2)
                                                         _0133_ (net)
                      0.024105    0.000000    2.024546 ^ _3800_/RESET_B (sky130_fd_sc_hd__dfrtp_2)
                                              2.024546   data arrival time

                      0.000000    0.000000    0.000000   clock clk (rise edge)
                                  0.000000    0.000000   clock network delay (ideal)
                                  0.000000    0.000000   clock reconvergence pessimism
                                              0.000000 ^ _3800_/CLK (sky130_fd_sc_hd__dfrtp_2)
                                  0.302168    0.302168   library removal time
                                              0.302168   data required time
---------------------------------------------------------------------------------------------
                                              0.302168   data required time
                                             -2.024546   data arrival time
---------------------------------------------------------------------------------------------
                                              1.722378   slack (MET)


Startpoint: rst (input port clocked by clk)
Endpoint: _3801_ (removal check against rising-edge clock clk)
Path Group: asynchronous
Path Type: min

Fanout         Cap        Slew       Delay        Time   Description
---------------------------------------------------------------------------------------------
                      0.000000    0.000000    0.000000   clock clk (rise edge)
                                  0.000000    0.000000   clock network delay (ideal)
                                  2.000000    2.000000 v input external delay
   213    0.910787    0.000000    0.000000    2.000000 v rst (in)
                                                         rst (net)
                      0.000000    0.000000    2.000000 v _2099_/A (sky130_fd_sc_hd__inv_2)
     1    0.003612    0.024105    0.024546    2.024546 ^ _2099_/Y (sky130_fd_sc_hd__inv_2)
                                                         _0134_ (net)
                      0.024105    0.000000    2.024546 ^ _3801_/RESET_B (sky130_fd_sc_hd__dfrtp_2)
                                              2.024546   data arrival time

                      0.000000    0.000000    0.000000   clock clk (rise edge)
                                  0.000000    0.000000   clock network delay (ideal)
                                  0.000000    0.000000   clock reconvergence pessimism
                                              0.000000 ^ _3801_/CLK (sky130_fd_sc_hd__dfrtp_2)
                                  0.302168    0.302168   library removal time
                                              0.302168   data required time
---------------------------------------------------------------------------------------------
                                              0.302168   data required time
                                             -2.024546   data arrival time
---------------------------------------------------------------------------------------------
                                              1.722378   slack (MET)


Startpoint: rst (input port clocked by clk)
Endpoint: _3802_ (removal check against rising-edge clock clk)
Path Group: asynchronous
Path Type: min

Fanout         Cap        Slew       Delay        Time   Description
---------------------------------------------------------------------------------------------
                      0.000000    0.000000    0.000000   clock clk (rise edge)
                                  0.000000    0.000000   clock network delay (ideal)
                                  2.000000    2.000000 v input external delay
   213    0.910787    0.000000    0.000000    2.000000 v rst (in)
                                                         rst (net)
                      0.000000    0.000000    2.000000 v _2100_/A (sky130_fd_sc_hd__inv_2)
     1    0.003612    0.024105    0.024546    2.024546 ^ _2100_/Y (sky130_fd_sc_hd__inv_2)
                                                         _0135_ (net)
                      0.024105    0.000000    2.024546 ^ _3802_/RESET_B (sky130_fd_sc_hd__dfrtp_2)
                                              2.024546   data arrival time

                      0.000000    0.000000    0.000000   clock clk (rise edge)
                                  0.000000    0.000000   clock network delay (ideal)
                                  0.000000    0.000000   clock reconvergence pessimism
                                              0.000000 ^ _3802_/CLK (sky130_fd_sc_hd__dfrtp_2)
                                  0.302168    0.302168   library removal time
                                              0.302168   data required time
---------------------------------------------------------------------------------------------
                                              0.302168   data required time
                                             -2.024546   data arrival time
---------------------------------------------------------------------------------------------
                                              1.722378   slack (MET)


Startpoint: rst (input port clocked by clk)
Endpoint: _3803_ (removal check against rising-edge clock clk)
Path Group: asynchronous
Path Type: min

Fanout         Cap        Slew       Delay        Time   Description
---------------------------------------------------------------------------------------------
                      0.000000    0.000000    0.000000   clock clk (rise edge)
                                  0.000000    0.000000   clock network delay (ideal)
                                  2.000000    2.000000 v input external delay
   213    0.910787    0.000000    0.000000    2.000000 v rst (in)
                                                         rst (net)
                      0.000000    0.000000    2.000000 v _2101_/A (sky130_fd_sc_hd__inv_2)
     1    0.003612    0.024105    0.024546    2.024546 ^ _2101_/Y (sky130_fd_sc_hd__inv_2)
                                                         _0136_ (net)
                      0.024105    0.000000    2.024546 ^ _3803_/RESET_B (sky130_fd_sc_hd__dfrtp_2)
                                              2.024546   data arrival time

                      0.000000    0.000000    0.000000   clock clk (rise edge)
                                  0.000000    0.000000   clock network delay (ideal)
                                  0.000000    0.000000   clock reconvergence pessimism
                                              0.000000 ^ _3803_/CLK (sky130_fd_sc_hd__dfrtp_2)
                                  0.302168    0.302168   library removal time
                                              0.302168   data required time
---------------------------------------------------------------------------------------------
                                              0.302168   data required time
                                             -2.024546   data arrival time
---------------------------------------------------------------------------------------------
                                              1.722378   slack (MET)


Startpoint: rst (input port clocked by clk)
Endpoint: _3804_ (removal check against rising-edge clock clk)
Path Group: asynchronous
Path Type: min

Fanout         Cap        Slew       Delay        Time   Description
---------------------------------------------------------------------------------------------
                      0.000000    0.000000    0.000000   clock clk (rise edge)
                                  0.000000    0.000000   clock network delay (ideal)
                                  2.000000    2.000000 v input external delay
   213    0.910787    0.000000    0.000000    2.000000 v rst (in)
                                                         rst (net)
                      0.000000    0.000000    2.000000 v _2102_/A (sky130_fd_sc_hd__inv_2)
     1    0.003612    0.024105    0.024546    2.024546 ^ _2102_/Y (sky130_fd_sc_hd__inv_2)
                                                         _0137_ (net)
                      0.024105    0.000000    2.024546 ^ _3804_/RESET_B (sky130_fd_sc_hd__dfrtp_2)
                                              2.024546   data arrival time

                      0.000000    0.000000    0.000000   clock clk (rise edge)
                                  0.000000    0.000000   clock network delay (ideal)
                                  0.000000    0.000000   clock reconvergence pessimism
                                              0.000000 ^ _3804_/CLK (sky130_fd_sc_hd__dfrtp_2)
                                  0.302168    0.302168   library removal time
                                              0.302168   data required time
---------------------------------------------------------------------------------------------
                                              0.302168   data required time
                                             -2.024546   data arrival time
---------------------------------------------------------------------------------------------
                                              1.722378   slack (MET)


Startpoint: rst (input port clocked by clk)
Endpoint: _3805_ (removal check against rising-edge clock clk)
Path Group: asynchronous
Path Type: min

Fanout         Cap        Slew       Delay        Time   Description
---------------------------------------------------------------------------------------------
                      0.000000    0.000000    0.000000   clock clk (rise edge)
                                  0.000000    0.000000   clock network delay (ideal)
                                  2.000000    2.000000 v input external delay
   213    0.910787    0.000000    0.000000    2.000000 v rst (in)
                                                         rst (net)
                      0.000000    0.000000    2.000000 v _2103_/A (sky130_fd_sc_hd__inv_2)
     1    0.003612    0.024105    0.024546    2.024546 ^ _2103_/Y (sky130_fd_sc_hd__inv_2)
                                                         _0138_ (net)
                      0.024105    0.000000    2.024546 ^ _3805_/RESET_B (sky130_fd_sc_hd__dfrtp_2)
                                              2.024546   data arrival time

                      0.000000    0.000000    0.000000   clock clk (rise edge)
                                  0.000000    0.000000   clock network delay (ideal)
                                  0.000000    0.000000   clock reconvergence pessimism
                                              0.000000 ^ _3805_/CLK (sky130_fd_sc_hd__dfrtp_2)
                                  0.302168    0.302168   library removal time
                                              0.302168   data required time
---------------------------------------------------------------------------------------------
                                              0.302168   data required time
                                             -2.024546   data arrival time
---------------------------------------------------------------------------------------------
                                              1.722378   slack (MET)


Startpoint: rst (input port clocked by clk)
Endpoint: _3806_ (removal check against rising-edge clock clk)
Path Group: asynchronous
Path Type: min

Fanout         Cap        Slew       Delay        Time   Description
---------------------------------------------------------------------------------------------
                      0.000000    0.000000    0.000000   clock clk (rise edge)
                                  0.000000    0.000000   clock network delay (ideal)
                                  2.000000    2.000000 v input external delay
   213    0.910787    0.000000    0.000000    2.000000 v rst (in)
                                                         rst (net)
                      0.000000    0.000000    2.000000 v _2104_/A (sky130_fd_sc_hd__inv_2)
     1    0.003612    0.024105    0.024546    2.024546 ^ _2104_/Y (sky130_fd_sc_hd__inv_2)
                                                         _0139_ (net)
                      0.024105    0.000000    2.024546 ^ _3806_/RESET_B (sky130_fd_sc_hd__dfrtp_2)
                                              2.024546   data arrival time

                      0.000000    0.000000    0.000000   clock clk (rise edge)
                                  0.000000    0.000000   clock network delay (ideal)
                                  0.000000    0.000000   clock reconvergence pessimism
                                              0.000000 ^ _3806_/CLK (sky130_fd_sc_hd__dfrtp_2)
                                  0.302168    0.302168   library removal time
                                              0.302168   data required time
---------------------------------------------------------------------------------------------
                                              0.302168   data required time
                                             -2.024546   data arrival time
---------------------------------------------------------------------------------------------
                                              1.722378   slack (MET)


Startpoint: rst (input port clocked by clk)
Endpoint: _3807_ (removal check against rising-edge clock clk)
Path Group: asynchronous
Path Type: min

Fanout         Cap        Slew       Delay        Time   Description
---------------------------------------------------------------------------------------------
                      0.000000    0.000000    0.000000   clock clk (rise edge)
                                  0.000000    0.000000   clock network delay (ideal)
                                  2.000000    2.000000 v input external delay
   213    0.910787    0.000000    0.000000    2.000000 v rst (in)
                                                         rst (net)
                      0.000000    0.000000    2.000000 v _2105_/A (sky130_fd_sc_hd__inv_2)
     1    0.003612    0.024105    0.024546    2.024546 ^ _2105_/Y (sky130_fd_sc_hd__inv_2)
                                                         _0140_ (net)
                      0.024105    0.000000    2.024546 ^ _3807_/RESET_B (sky130_fd_sc_hd__dfrtp_2)
                                              2.024546   data arrival time

                      0.000000    0.000000    0.000000   clock clk (rise edge)
                                  0.000000    0.000000   clock network delay (ideal)
                                  0.000000    0.000000   clock reconvergence pessimism
                                              0.000000 ^ _3807_/CLK (sky130_fd_sc_hd__dfrtp_2)
                                  0.302168    0.302168   library removal time
                                              0.302168   data required time
---------------------------------------------------------------------------------------------
                                              0.302168   data required time
                                             -2.024546   data arrival time
---------------------------------------------------------------------------------------------
                                              1.722378   slack (MET)


Startpoint: rst (input port clocked by clk)
Endpoint: _3808_ (removal check against rising-edge clock clk)
Path Group: asynchronous
Path Type: min

Fanout         Cap        Slew       Delay        Time   Description
---------------------------------------------------------------------------------------------
                      0.000000    0.000000    0.000000   clock clk (rise edge)
                                  0.000000    0.000000   clock network delay (ideal)
                                  2.000000    2.000000 v input external delay
   213    0.910787    0.000000    0.000000    2.000000 v rst (in)
                                                         rst (net)
                      0.000000    0.000000    2.000000 v _2106_/A (sky130_fd_sc_hd__inv_2)
     1    0.003612    0.024105    0.024546    2.024546 ^ _2106_/Y (sky130_fd_sc_hd__inv_2)
                                                         _0141_ (net)
                      0.024105    0.000000    2.024546 ^ _3808_/RESET_B (sky130_fd_sc_hd__dfrtp_2)
                                              2.024546   data arrival time

                      0.000000    0.000000    0.000000   clock clk (rise edge)
                                  0.000000    0.000000   clock network delay (ideal)
                                  0.000000    0.000000   clock reconvergence pessimism
                                              0.000000 ^ _3808_/CLK (sky130_fd_sc_hd__dfrtp_2)
                                  0.302168    0.302168   library removal time
                                              0.302168   data required time
---------------------------------------------------------------------------------------------
                                              0.302168   data required time
                                             -2.024546   data arrival time
---------------------------------------------------------------------------------------------
                                              1.722378   slack (MET)


Startpoint: rst (input port clocked by clk)
Endpoint: _3809_ (removal check against rising-edge clock clk)
Path Group: asynchronous
Path Type: min

Fanout         Cap        Slew       Delay        Time   Description
---------------------------------------------------------------------------------------------
                      0.000000    0.000000    0.000000   clock clk (rise edge)
                                  0.000000    0.000000   clock network delay (ideal)
                                  2.000000    2.000000 v input external delay
   213    0.910787    0.000000    0.000000    2.000000 v rst (in)
                                                         rst (net)
                      0.000000    0.000000    2.000000 v _2107_/A (sky130_fd_sc_hd__inv_2)
     1    0.003612    0.024105    0.024546    2.024546 ^ _2107_/Y (sky130_fd_sc_hd__inv_2)
                                                         _0142_ (net)
                      0.024105    0.000000    2.024546 ^ _3809_/RESET_B (sky130_fd_sc_hd__dfrtp_2)
                                              2.024546   data arrival time

                      0.000000    0.000000    0.000000   clock clk (rise edge)
                                  0.000000    0.000000   clock network delay (ideal)
                                  0.000000    0.000000   clock reconvergence pessimism
                                              0.000000 ^ _3809_/CLK (sky130_fd_sc_hd__dfrtp_2)
                                  0.302168    0.302168   library removal time
                                              0.302168   data required time
---------------------------------------------------------------------------------------------
                                              0.302168   data required time
                                             -2.024546   data arrival time
---------------------------------------------------------------------------------------------
                                              1.722378   slack (MET)


Startpoint: rst (input port clocked by clk)
Endpoint: _3810_ (removal check against rising-edge clock clk)
Path Group: asynchronous
Path Type: min

Fanout         Cap        Slew       Delay        Time   Description
---------------------------------------------------------------------------------------------
                      0.000000    0.000000    0.000000   clock clk (rise edge)
                                  0.000000    0.000000   clock network delay (ideal)
                                  2.000000    2.000000 v input external delay
   213    0.910787    0.000000    0.000000    2.000000 v rst (in)
                                                         rst (net)
                      0.000000    0.000000    2.000000 v _2108_/A (sky130_fd_sc_hd__inv_2)
     1    0.003612    0.024105    0.024546    2.024546 ^ _2108_/Y (sky130_fd_sc_hd__inv_2)
                                                         _0143_ (net)
                      0.024105    0.000000    2.024546 ^ _3810_/RESET_B (sky130_fd_sc_hd__dfrtp_2)
                                              2.024546   data arrival time

                      0.000000    0.000000    0.000000   clock clk (rise edge)
                                  0.000000    0.000000   clock network delay (ideal)
                                  0.000000    0.000000   clock reconvergence pessimism
                                              0.000000 ^ _3810_/CLK (sky130_fd_sc_hd__dfrtp_2)
                                  0.302168    0.302168   library removal time
                                              0.302168   data required time
---------------------------------------------------------------------------------------------
                                              0.302168   data required time
                                             -2.024546   data arrival time
---------------------------------------------------------------------------------------------
                                              1.722378   slack (MET)


Startpoint: rst (input port clocked by clk)
Endpoint: _3811_ (removal check against rising-edge clock clk)
Path Group: asynchronous
Path Type: min

Fanout         Cap        Slew       Delay        Time   Description
---------------------------------------------------------------------------------------------
                      0.000000    0.000000    0.000000   clock clk (rise edge)
                                  0.000000    0.000000   clock network delay (ideal)
                                  2.000000    2.000000 v input external delay
   213    0.910787    0.000000    0.000000    2.000000 v rst (in)
                                                         rst (net)
                      0.000000    0.000000    2.000000 v _2109_/A (sky130_fd_sc_hd__inv_2)
     1    0.003612    0.024105    0.024546    2.024546 ^ _2109_/Y (sky130_fd_sc_hd__inv_2)
                                                         _0144_ (net)
                      0.024105    0.000000    2.024546 ^ _3811_/RESET_B (sky130_fd_sc_hd__dfrtp_2)
                                              2.024546   data arrival time

                      0.000000    0.000000    0.000000   clock clk (rise edge)
                                  0.000000    0.000000   clock network delay (ideal)
                                  0.000000    0.000000   clock reconvergence pessimism
                                              0.000000 ^ _3811_/CLK (sky130_fd_sc_hd__dfrtp_2)
                                  0.302168    0.302168   library removal time
                                              0.302168   data required time
---------------------------------------------------------------------------------------------
                                              0.302168   data required time
                                             -2.024546   data arrival time
---------------------------------------------------------------------------------------------
                                              1.722378   slack (MET)


Startpoint: rst (input port clocked by clk)
Endpoint: _3812_ (removal check against rising-edge clock clk)
Path Group: asynchronous
Path Type: min

Fanout         Cap        Slew       Delay        Time   Description
---------------------------------------------------------------------------------------------
                      0.000000    0.000000    0.000000   clock clk (rise edge)
                                  0.000000    0.000000   clock network delay (ideal)
                                  2.000000    2.000000 v input external delay
   213    0.910787    0.000000    0.000000    2.000000 v rst (in)
                                                         rst (net)
                      0.000000    0.000000    2.000000 v _2110_/A (sky130_fd_sc_hd__inv_2)
     1    0.003612    0.024105    0.024546    2.024546 ^ _2110_/Y (sky130_fd_sc_hd__inv_2)
                                                         _0145_ (net)
                      0.024105    0.000000    2.024546 ^ _3812_/RESET_B (sky130_fd_sc_hd__dfrtp_2)
                                              2.024546   data arrival time

                      0.000000    0.000000    0.000000   clock clk (rise edge)
                                  0.000000    0.000000   clock network delay (ideal)
                                  0.000000    0.000000   clock reconvergence pessimism
                                              0.000000 ^ _3812_/CLK (sky130_fd_sc_hd__dfrtp_2)
                                  0.302168    0.302168   library removal time
                                              0.302168   data required time
---------------------------------------------------------------------------------------------
                                              0.302168   data required time
                                             -2.024546   data arrival time
---------------------------------------------------------------------------------------------
                                              1.722378   slack (MET)


Startpoint: rst (input port clocked by clk)
Endpoint: _3813_ (removal check against rising-edge clock clk)
Path Group: asynchronous
Path Type: min

Fanout         Cap        Slew       Delay        Time   Description
---------------------------------------------------------------------------------------------
                      0.000000    0.000000    0.000000   clock clk (rise edge)
                                  0.000000    0.000000   clock network delay (ideal)
                                  2.000000    2.000000 v input external delay
   213    0.910787    0.000000    0.000000    2.000000 v rst (in)
                                                         rst (net)
                      0.000000    0.000000    2.000000 v _2111_/A (sky130_fd_sc_hd__inv_2)
     1    0.003612    0.024105    0.024546    2.024546 ^ _2111_/Y (sky130_fd_sc_hd__inv_2)
                                                         _0146_ (net)
                      0.024105    0.000000    2.024546 ^ _3813_/RESET_B (sky130_fd_sc_hd__dfrtp_2)
                                              2.024546   data arrival time

                      0.000000    0.000000    0.000000   clock clk (rise edge)
                                  0.000000    0.000000   clock network delay (ideal)
                                  0.000000    0.000000   clock reconvergence pessimism
                                              0.000000 ^ _3813_/CLK (sky130_fd_sc_hd__dfrtp_2)
                                  0.302168    0.302168   library removal time
                                              0.302168   data required time
---------------------------------------------------------------------------------------------
                                              0.302168   data required time
                                             -2.024546   data arrival time
---------------------------------------------------------------------------------------------
                                              1.722378   slack (MET)


Startpoint: rst (input port clocked by clk)
Endpoint: _3814_ (removal check against rising-edge clock clk)
Path Group: asynchronous
Path Type: min

Fanout         Cap        Slew       Delay        Time   Description
---------------------------------------------------------------------------------------------
                      0.000000    0.000000    0.000000   clock clk (rise edge)
                                  0.000000    0.000000   clock network delay (ideal)
                                  2.000000    2.000000 v input external delay
   213    0.910787    0.000000    0.000000    2.000000 v rst (in)
                                                         rst (net)
                      0.000000    0.000000    2.000000 v _2112_/A (sky130_fd_sc_hd__inv_2)
     1    0.003612    0.024105    0.024546    2.024546 ^ _2112_/Y (sky130_fd_sc_hd__inv_2)
                                                         _0147_ (net)
                      0.024105    0.000000    2.024546 ^ _3814_/RESET_B (sky130_fd_sc_hd__dfrtp_2)
                                              2.024546   data arrival time

                      0.000000    0.000000    0.000000   clock clk (rise edge)
                                  0.000000    0.000000   clock network delay (ideal)
                                  0.000000    0.000000   clock reconvergence pessimism
                                              0.000000 ^ _3814_/CLK (sky130_fd_sc_hd__dfrtp_2)
                                  0.302168    0.302168   library removal time
                                              0.302168   data required time
---------------------------------------------------------------------------------------------
                                              0.302168   data required time
                                             -2.024546   data arrival time
---------------------------------------------------------------------------------------------
                                              1.722378   slack (MET)


Startpoint: rst (input port clocked by clk)
Endpoint: _3815_ (removal check against rising-edge clock clk)
Path Group: asynchronous
Path Type: min

Fanout         Cap        Slew       Delay        Time   Description
---------------------------------------------------------------------------------------------
                      0.000000    0.000000    0.000000   clock clk (rise edge)
                                  0.000000    0.000000   clock network delay (ideal)
                                  2.000000    2.000000 v input external delay
   213    0.910787    0.000000    0.000000    2.000000 v rst (in)
                                                         rst (net)
                      0.000000    0.000000    2.000000 v _2113_/A (sky130_fd_sc_hd__inv_2)
     1    0.003612    0.024105    0.024546    2.024546 ^ _2113_/Y (sky130_fd_sc_hd__inv_2)
                                                         _0148_ (net)
                      0.024105    0.000000    2.024546 ^ _3815_/RESET_B (sky130_fd_sc_hd__dfrtp_2)
                                              2.024546   data arrival time

                      0.000000    0.000000    0.000000   clock clk (rise edge)
                                  0.000000    0.000000   clock network delay (ideal)
                                  0.000000    0.000000   clock reconvergence pessimism
                                              0.000000 ^ _3815_/CLK (sky130_fd_sc_hd__dfrtp_2)
                                  0.302168    0.302168   library removal time
                                              0.302168   data required time
---------------------------------------------------------------------------------------------
                                              0.302168   data required time
                                             -2.024546   data arrival time
---------------------------------------------------------------------------------------------
                                              1.722378   slack (MET)


Startpoint: rst (input port clocked by clk)
Endpoint: _3816_ (removal check against rising-edge clock clk)
Path Group: asynchronous
Path Type: min

Fanout         Cap        Slew       Delay        Time   Description
---------------------------------------------------------------------------------------------
                      0.000000    0.000000    0.000000   clock clk (rise edge)
                                  0.000000    0.000000   clock network delay (ideal)
                                  2.000000    2.000000 v input external delay
   213    0.910787    0.000000    0.000000    2.000000 v rst (in)
                                                         rst (net)
                      0.000000    0.000000    2.000000 v _2114_/A (sky130_fd_sc_hd__inv_2)
     1    0.003612    0.024105    0.024546    2.024546 ^ _2114_/Y (sky130_fd_sc_hd__inv_2)
                                                         _0149_ (net)
                      0.024105    0.000000    2.024546 ^ _3816_/RESET_B (sky130_fd_sc_hd__dfrtp_2)
                                              2.024546   data arrival time

                      0.000000    0.000000    0.000000   clock clk (rise edge)
                                  0.000000    0.000000   clock network delay (ideal)
                                  0.000000    0.000000   clock reconvergence pessimism
                                              0.000000 ^ _3816_/CLK (sky130_fd_sc_hd__dfrtp_2)
                                  0.302168    0.302168   library removal time
                                              0.302168   data required time
---------------------------------------------------------------------------------------------
                                              0.302168   data required time
                                             -2.024546   data arrival time
---------------------------------------------------------------------------------------------
                                              1.722378   slack (MET)


Startpoint: rst (input port clocked by clk)
Endpoint: _3817_ (removal check against rising-edge clock clk)
Path Group: asynchronous
Path Type: min

Fanout         Cap        Slew       Delay        Time   Description
---------------------------------------------------------------------------------------------
                      0.000000    0.000000    0.000000   clock clk (rise edge)
                                  0.000000    0.000000   clock network delay (ideal)
                                  2.000000    2.000000 v input external delay
   213    0.910787    0.000000    0.000000    2.000000 v rst (in)
                                                         rst (net)
                      0.000000    0.000000    2.000000 v _2115_/A (sky130_fd_sc_hd__inv_2)
     1    0.003612    0.024105    0.024546    2.024546 ^ _2115_/Y (sky130_fd_sc_hd__inv_2)
                                                         _0150_ (net)
                      0.024105    0.000000    2.024546 ^ _3817_/RESET_B (sky130_fd_sc_hd__dfrtp_2)
                                              2.024546   data arrival time

                      0.000000    0.000000    0.000000   clock clk (rise edge)
                                  0.000000    0.000000   clock network delay (ideal)
                                  0.000000    0.000000   clock reconvergence pessimism
                                              0.000000 ^ _3817_/CLK (sky130_fd_sc_hd__dfrtp_2)
                                  0.302168    0.302168   library removal time
                                              0.302168   data required time
---------------------------------------------------------------------------------------------
                                              0.302168   data required time
                                             -2.024546   data arrival time
---------------------------------------------------------------------------------------------
                                              1.722378   slack (MET)


Startpoint: rst (input port clocked by clk)
Endpoint: _3818_ (removal check against rising-edge clock clk)
Path Group: asynchronous
Path Type: min

Fanout         Cap        Slew       Delay        Time   Description
---------------------------------------------------------------------------------------------
                      0.000000    0.000000    0.000000   clock clk (rise edge)
                                  0.000000    0.000000   clock network delay (ideal)
                                  2.000000    2.000000 v input external delay
   213    0.910787    0.000000    0.000000    2.000000 v rst (in)
                                                         rst (net)
                      0.000000    0.000000    2.000000 v _2116_/A (sky130_fd_sc_hd__inv_2)
     1    0.003612    0.024105    0.024546    2.024546 ^ _2116_/Y (sky130_fd_sc_hd__inv_2)
                                                         _0151_ (net)
                      0.024105    0.000000    2.024546 ^ _3818_/RESET_B (sky130_fd_sc_hd__dfrtp_2)
                                              2.024546   data arrival time

                      0.000000    0.000000    0.000000   clock clk (rise edge)
                                  0.000000    0.000000   clock network delay (ideal)
                                  0.000000    0.000000   clock reconvergence pessimism
                                              0.000000 ^ _3818_/CLK (sky130_fd_sc_hd__dfrtp_2)
                                  0.302168    0.302168   library removal time
                                              0.302168   data required time
---------------------------------------------------------------------------------------------
                                              0.302168   data required time
                                             -2.024546   data arrival time
---------------------------------------------------------------------------------------------
                                              1.722378   slack (MET)


Startpoint: rst (input port clocked by clk)
Endpoint: _3819_ (removal check against rising-edge clock clk)
Path Group: asynchronous
Path Type: min

Fanout         Cap        Slew       Delay        Time   Description
---------------------------------------------------------------------------------------------
                      0.000000    0.000000    0.000000   clock clk (rise edge)
                                  0.000000    0.000000   clock network delay (ideal)
                                  2.000000    2.000000 v input external delay
   213    0.910787    0.000000    0.000000    2.000000 v rst (in)
                                                         rst (net)
                      0.000000    0.000000    2.000000 v _2117_/A (sky130_fd_sc_hd__inv_2)
     1    0.003612    0.024105    0.024546    2.024546 ^ _2117_/Y (sky130_fd_sc_hd__inv_2)
                                                         _0152_ (net)
                      0.024105    0.000000    2.024546 ^ _3819_/RESET_B (sky130_fd_sc_hd__dfrtp_2)
                                              2.024546   data arrival time

                      0.000000    0.000000    0.000000   clock clk (rise edge)
                                  0.000000    0.000000   clock network delay (ideal)
                                  0.000000    0.000000   clock reconvergence pessimism
                                              0.000000 ^ _3819_/CLK (sky130_fd_sc_hd__dfrtp_2)
                                  0.302168    0.302168   library removal time
                                              0.302168   data required time
---------------------------------------------------------------------------------------------
                                              0.302168   data required time
                                             -2.024546   data arrival time
---------------------------------------------------------------------------------------------
                                              1.722378   slack (MET)


Startpoint: rst (input port clocked by clk)
Endpoint: _3820_ (removal check against rising-edge clock clk)
Path Group: asynchronous
Path Type: min

Fanout         Cap        Slew       Delay        Time   Description
---------------------------------------------------------------------------------------------
                      0.000000    0.000000    0.000000   clock clk (rise edge)
                                  0.000000    0.000000   clock network delay (ideal)
                                  2.000000    2.000000 v input external delay
   213    0.910787    0.000000    0.000000    2.000000 v rst (in)
                                                         rst (net)
                      0.000000    0.000000    2.000000 v _2118_/A (sky130_fd_sc_hd__inv_2)
     1    0.003612    0.024105    0.024546    2.024546 ^ _2118_/Y (sky130_fd_sc_hd__inv_2)
                                                         _0153_ (net)
                      0.024105    0.000000    2.024546 ^ _3820_/RESET_B (sky130_fd_sc_hd__dfrtp_2)
                                              2.024546   data arrival time

                      0.000000    0.000000    0.000000   clock clk (rise edge)
                                  0.000000    0.000000   clock network delay (ideal)
                                  0.000000    0.000000   clock reconvergence pessimism
                                              0.000000 ^ _3820_/CLK (sky130_fd_sc_hd__dfrtp_2)
                                  0.302168    0.302168   library removal time
                                              0.302168   data required time
---------------------------------------------------------------------------------------------
                                              0.302168   data required time
                                             -2.024546   data arrival time
---------------------------------------------------------------------------------------------
                                              1.722378   slack (MET)


Startpoint: rst (input port clocked by clk)
Endpoint: _3821_ (removal check against rising-edge clock clk)
Path Group: asynchronous
Path Type: min

Fanout         Cap        Slew       Delay        Time   Description
---------------------------------------------------------------------------------------------
                      0.000000    0.000000    0.000000   clock clk (rise edge)
                                  0.000000    0.000000   clock network delay (ideal)
                                  2.000000    2.000000 v input external delay
   213    0.910787    0.000000    0.000000    2.000000 v rst (in)
                                                         rst (net)
                      0.000000    0.000000    2.000000 v _2119_/A (sky130_fd_sc_hd__inv_2)
     1    0.003612    0.024105    0.024546    2.024546 ^ _2119_/Y (sky130_fd_sc_hd__inv_2)
                                                         _0154_ (net)
                      0.024105    0.000000    2.024546 ^ _3821_/RESET_B (sky130_fd_sc_hd__dfrtp_2)
                                              2.024546   data arrival time

                      0.000000    0.000000    0.000000   clock clk (rise edge)
                                  0.000000    0.000000   clock network delay (ideal)
                                  0.000000    0.000000   clock reconvergence pessimism
                                              0.000000 ^ _3821_/CLK (sky130_fd_sc_hd__dfrtp_2)
                                  0.302168    0.302168   library removal time
                                              0.302168   data required time
---------------------------------------------------------------------------------------------
                                              0.302168   data required time
                                             -2.024546   data arrival time
---------------------------------------------------------------------------------------------
                                              1.722378   slack (MET)


Startpoint: rst (input port clocked by clk)
Endpoint: _3822_ (removal check against rising-edge clock clk)
Path Group: asynchronous
Path Type: min

Fanout         Cap        Slew       Delay        Time   Description
---------------------------------------------------------------------------------------------
                      0.000000    0.000000    0.000000   clock clk (rise edge)
                                  0.000000    0.000000   clock network delay (ideal)
                                  2.000000    2.000000 v input external delay
   213    0.910787    0.000000    0.000000    2.000000 v rst (in)
                                                         rst (net)
                      0.000000    0.000000    2.000000 v _2120_/A (sky130_fd_sc_hd__inv_2)
     1    0.003612    0.024105    0.024546    2.024546 ^ _2120_/Y (sky130_fd_sc_hd__inv_2)
                                                         _0155_ (net)
                      0.024105    0.000000    2.024546 ^ _3822_/RESET_B (sky130_fd_sc_hd__dfrtp_2)
                                              2.024546   data arrival time

                      0.000000    0.000000    0.000000   clock clk (rise edge)
                                  0.000000    0.000000   clock network delay (ideal)
                                  0.000000    0.000000   clock reconvergence pessimism
                                              0.000000 ^ _3822_/CLK (sky130_fd_sc_hd__dfrtp_2)
                                  0.302168    0.302168   library removal time
                                              0.302168   data required time
---------------------------------------------------------------------------------------------
                                              0.302168   data required time
                                             -2.024546   data arrival time
---------------------------------------------------------------------------------------------
                                              1.722378   slack (MET)


Startpoint: rst (input port clocked by clk)
Endpoint: _3823_ (removal check against rising-edge clock clk)
Path Group: asynchronous
Path Type: min

Fanout         Cap        Slew       Delay        Time   Description
---------------------------------------------------------------------------------------------
                      0.000000    0.000000    0.000000   clock clk (rise edge)
                                  0.000000    0.000000   clock network delay (ideal)
                                  2.000000    2.000000 v input external delay
   213    0.910787    0.000000    0.000000    2.000000 v rst (in)
                                                         rst (net)
                      0.000000    0.000000    2.000000 v _2121_/A (sky130_fd_sc_hd__inv_2)
     1    0.003612    0.024105    0.024546    2.024546 ^ _2121_/Y (sky130_fd_sc_hd__inv_2)
                                                         _0156_ (net)
                      0.024105    0.000000    2.024546 ^ _3823_/RESET_B (sky130_fd_sc_hd__dfrtp_2)
                                              2.024546   data arrival time

                      0.000000    0.000000    0.000000   clock clk (rise edge)
                                  0.000000    0.000000   clock network delay (ideal)
                                  0.000000    0.000000   clock reconvergence pessimism
                                              0.000000 ^ _3823_/CLK (sky130_fd_sc_hd__dfrtp_2)
                                  0.302168    0.302168   library removal time
                                              0.302168   data required time
---------------------------------------------------------------------------------------------
                                              0.302168   data required time
                                             -2.024546   data arrival time
---------------------------------------------------------------------------------------------
                                              1.722378   slack (MET)


Startpoint: rst (input port clocked by clk)
Endpoint: _3824_ (removal check against rising-edge clock clk)
Path Group: asynchronous
Path Type: min

Fanout         Cap        Slew       Delay        Time   Description
---------------------------------------------------------------------------------------------
                      0.000000    0.000000    0.000000   clock clk (rise edge)
                                  0.000000    0.000000   clock network delay (ideal)
                                  2.000000    2.000000 v input external delay
   213    0.910787    0.000000    0.000000    2.000000 v rst (in)
                                                         rst (net)
                      0.000000    0.000000    2.000000 v _2122_/A (sky130_fd_sc_hd__inv_2)
     1    0.003612    0.024105    0.024546    2.024546 ^ _2122_/Y (sky130_fd_sc_hd__inv_2)
                                                         _0157_ (net)
                      0.024105    0.000000    2.024546 ^ _3824_/RESET_B (sky130_fd_sc_hd__dfrtp_2)
                                              2.024546   data arrival time

                      0.000000    0.000000    0.000000   clock clk (rise edge)
                                  0.000000    0.000000   clock network delay (ideal)
                                  0.000000    0.000000   clock reconvergence pessimism
                                              0.000000 ^ _3824_/CLK (sky130_fd_sc_hd__dfrtp_2)
                                  0.302168    0.302168   library removal time
                                              0.302168   data required time
---------------------------------------------------------------------------------------------
                                              0.302168   data required time
                                             -2.024546   data arrival time
---------------------------------------------------------------------------------------------
                                              1.722378   slack (MET)


Startpoint: rst (input port clocked by clk)
Endpoint: _3825_ (removal check against rising-edge clock clk)
Path Group: asynchronous
Path Type: min

Fanout         Cap        Slew       Delay        Time   Description
---------------------------------------------------------------------------------------------
                      0.000000    0.000000    0.000000   clock clk (rise edge)
                                  0.000000    0.000000   clock network delay (ideal)
                                  2.000000    2.000000 v input external delay
   213    0.910787    0.000000    0.000000    2.000000 v rst (in)
                                                         rst (net)
                      0.000000    0.000000    2.000000 v _2123_/A (sky130_fd_sc_hd__inv_2)
     1    0.003612    0.024105    0.024546    2.024546 ^ _2123_/Y (sky130_fd_sc_hd__inv_2)
                                                         _0158_ (net)
                      0.024105    0.000000    2.024546 ^ _3825_/RESET_B (sky130_fd_sc_hd__dfrtp_2)
                                              2.024546   data arrival time

                      0.000000    0.000000    0.000000   clock clk (rise edge)
                                  0.000000    0.000000   clock network delay (ideal)
                                  0.000000    0.000000   clock reconvergence pessimism
                                              0.000000 ^ _3825_/CLK (sky130_fd_sc_hd__dfrtp_2)
                                  0.302168    0.302168   library removal time
                                              0.302168   data required time
---------------------------------------------------------------------------------------------
                                              0.302168   data required time
                                             -2.024546   data arrival time
---------------------------------------------------------------------------------------------
                                              1.722378   slack (MET)


Startpoint: rst (input port clocked by clk)
Endpoint: _3826_ (removal check against rising-edge clock clk)
Path Group: asynchronous
Path Type: min

Fanout         Cap        Slew       Delay        Time   Description
---------------------------------------------------------------------------------------------
                      0.000000    0.000000    0.000000   clock clk (rise edge)
                                  0.000000    0.000000   clock network delay (ideal)
                                  2.000000    2.000000 v input external delay
   213    0.910787    0.000000    0.000000    2.000000 v rst (in)
                                                         rst (net)
                      0.000000    0.000000    2.000000 v _2124_/A (sky130_fd_sc_hd__inv_2)
     1    0.003612    0.024105    0.024546    2.024546 ^ _2124_/Y (sky130_fd_sc_hd__inv_2)
                                                         _0159_ (net)
                      0.024105    0.000000    2.024546 ^ _3826_/RESET_B (sky130_fd_sc_hd__dfrtp_2)
                                              2.024546   data arrival time

                      0.000000    0.000000    0.000000   clock clk (rise edge)
                                  0.000000    0.000000   clock network delay (ideal)
                                  0.000000    0.000000   clock reconvergence pessimism
                                              0.000000 ^ _3826_/CLK (sky130_fd_sc_hd__dfrtp_2)
                                  0.302168    0.302168   library removal time
                                              0.302168   data required time
---------------------------------------------------------------------------------------------
                                              0.302168   data required time
                                             -2.024546   data arrival time
---------------------------------------------------------------------------------------------
                                              1.722378   slack (MET)


Startpoint: rst (input port clocked by clk)
Endpoint: _3827_ (removal check against rising-edge clock clk)
Path Group: asynchronous
Path Type: min

Fanout         Cap        Slew       Delay        Time   Description
---------------------------------------------------------------------------------------------
                      0.000000    0.000000    0.000000   clock clk (rise edge)
                                  0.000000    0.000000   clock network delay (ideal)
                                  2.000000    2.000000 v input external delay
   213    0.910787    0.000000    0.000000    2.000000 v rst (in)
                                                         rst (net)
                      0.000000    0.000000    2.000000 v _2125_/A (sky130_fd_sc_hd__inv_2)
     1    0.003612    0.024105    0.024546    2.024546 ^ _2125_/Y (sky130_fd_sc_hd__inv_2)
                                                         _0160_ (net)
                      0.024105    0.000000    2.024546 ^ _3827_/RESET_B (sky130_fd_sc_hd__dfrtp_2)
                                              2.024546   data arrival time

                      0.000000    0.000000    0.000000   clock clk (rise edge)
                                  0.000000    0.000000   clock network delay (ideal)
                                  0.000000    0.000000   clock reconvergence pessimism
                                              0.000000 ^ _3827_/CLK (sky130_fd_sc_hd__dfrtp_2)
                                  0.302168    0.302168   library removal time
                                              0.302168   data required time
---------------------------------------------------------------------------------------------
                                              0.302168   data required time
                                             -2.024546   data arrival time
---------------------------------------------------------------------------------------------
                                              1.722378   slack (MET)


Startpoint: rst (input port clocked by clk)
Endpoint: _3828_ (removal check against rising-edge clock clk)
Path Group: asynchronous
Path Type: min

Fanout         Cap        Slew       Delay        Time   Description
---------------------------------------------------------------------------------------------
                      0.000000    0.000000    0.000000   clock clk (rise edge)
                                  0.000000    0.000000   clock network delay (ideal)
                                  2.000000    2.000000 v input external delay
   213    0.910787    0.000000    0.000000    2.000000 v rst (in)
                                                         rst (net)
                      0.000000    0.000000    2.000000 v _2126_/A (sky130_fd_sc_hd__inv_2)
     1    0.003612    0.024105    0.024546    2.024546 ^ _2126_/Y (sky130_fd_sc_hd__inv_2)
                                                         _0161_ (net)
                      0.024105    0.000000    2.024546 ^ _3828_/RESET_B (sky130_fd_sc_hd__dfrtp_2)
                                              2.024546   data arrival time

                      0.000000    0.000000    0.000000   clock clk (rise edge)
                                  0.000000    0.000000   clock network delay (ideal)
                                  0.000000    0.000000   clock reconvergence pessimism
                                              0.000000 ^ _3828_/CLK (sky130_fd_sc_hd__dfrtp_2)
                                  0.302168    0.302168   library removal time
                                              0.302168   data required time
---------------------------------------------------------------------------------------------
                                              0.302168   data required time
                                             -2.024546   data arrival time
---------------------------------------------------------------------------------------------
                                              1.722378   slack (MET)


Startpoint: rst (input port clocked by clk)
Endpoint: _3829_ (removal check against rising-edge clock clk)
Path Group: asynchronous
Path Type: min

Fanout         Cap        Slew       Delay        Time   Description
---------------------------------------------------------------------------------------------
                      0.000000    0.000000    0.000000   clock clk (rise edge)
                                  0.000000    0.000000   clock network delay (ideal)
                                  2.000000    2.000000 v input external delay
   213    0.910787    0.000000    0.000000    2.000000 v rst (in)
                                                         rst (net)
                      0.000000    0.000000    2.000000 v _2127_/A (sky130_fd_sc_hd__inv_2)
     1    0.003612    0.024105    0.024546    2.024546 ^ _2127_/Y (sky130_fd_sc_hd__inv_2)
                                                         _0162_ (net)
                      0.024105    0.000000    2.024546 ^ _3829_/RESET_B (sky130_fd_sc_hd__dfrtp_2)
                                              2.024546   data arrival time

                      0.000000    0.000000    0.000000   clock clk (rise edge)
                                  0.000000    0.000000   clock network delay (ideal)
                                  0.000000    0.000000   clock reconvergence pessimism
                                              0.000000 ^ _3829_/CLK (sky130_fd_sc_hd__dfrtp_2)
                                  0.302168    0.302168   library removal time
                                              0.302168   data required time
---------------------------------------------------------------------------------------------
                                              0.302168   data required time
                                             -2.024546   data arrival time
---------------------------------------------------------------------------------------------
                                              1.722378   slack (MET)


Startpoint: rst (input port clocked by clk)
Endpoint: _3830_ (removal check against rising-edge clock clk)
Path Group: asynchronous
Path Type: min

Fanout         Cap        Slew       Delay        Time   Description
---------------------------------------------------------------------------------------------
                      0.000000    0.000000    0.000000   clock clk (rise edge)
                                  0.000000    0.000000   clock network delay (ideal)
                                  2.000000    2.000000 v input external delay
   213    0.910787    0.000000    0.000000    2.000000 v rst (in)
                                                         rst (net)
                      0.000000    0.000000    2.000000 v _2128_/A (sky130_fd_sc_hd__inv_2)
     1    0.003612    0.024105    0.024546    2.024546 ^ _2128_/Y (sky130_fd_sc_hd__inv_2)
                                                         _0163_ (net)
                      0.024105    0.000000    2.024546 ^ _3830_/RESET_B (sky130_fd_sc_hd__dfrtp_2)
                                              2.024546   data arrival time

                      0.000000    0.000000    0.000000   clock clk (rise edge)
                                  0.000000    0.000000   clock network delay (ideal)
                                  0.000000    0.000000   clock reconvergence pessimism
                                              0.000000 ^ _3830_/CLK (sky130_fd_sc_hd__dfrtp_2)
                                  0.302168    0.302168   library removal time
                                              0.302168   data required time
---------------------------------------------------------------------------------------------
                                              0.302168   data required time
                                             -2.024546   data arrival time
---------------------------------------------------------------------------------------------
                                              1.722378   slack (MET)


Startpoint: rst (input port clocked by clk)
Endpoint: _3831_ (removal check against rising-edge clock clk)
Path Group: asynchronous
Path Type: min

Fanout         Cap        Slew       Delay        Time   Description
---------------------------------------------------------------------------------------------
                      0.000000    0.000000    0.000000   clock clk (rise edge)
                                  0.000000    0.000000   clock network delay (ideal)
                                  2.000000    2.000000 v input external delay
   213    0.910787    0.000000    0.000000    2.000000 v rst (in)
                                                         rst (net)
                      0.000000    0.000000    2.000000 v _2129_/A (sky130_fd_sc_hd__inv_2)
     1    0.003612    0.024105    0.024546    2.024546 ^ _2129_/Y (sky130_fd_sc_hd__inv_2)
                                                         _0164_ (net)
                      0.024105    0.000000    2.024546 ^ _3831_/RESET_B (sky130_fd_sc_hd__dfrtp_2)
                                              2.024546   data arrival time

                      0.000000    0.000000    0.000000   clock clk (rise edge)
                                  0.000000    0.000000   clock network delay (ideal)
                                  0.000000    0.000000   clock reconvergence pessimism
                                              0.000000 ^ _3831_/CLK (sky130_fd_sc_hd__dfrtp_2)
                                  0.302168    0.302168   library removal time
                                              0.302168   data required time
---------------------------------------------------------------------------------------------
                                              0.302168   data required time
                                             -2.024546   data arrival time
---------------------------------------------------------------------------------------------
                                              1.722378   slack (MET)


Startpoint: rst (input port clocked by clk)
Endpoint: _3832_ (removal check against rising-edge clock clk)
Path Group: asynchronous
Path Type: min

Fanout         Cap        Slew       Delay        Time   Description
---------------------------------------------------------------------------------------------
                      0.000000    0.000000    0.000000   clock clk (rise edge)
                                  0.000000    0.000000   clock network delay (ideal)
                                  2.000000    2.000000 v input external delay
   213    0.910787    0.000000    0.000000    2.000000 v rst (in)
                                                         rst (net)
                      0.000000    0.000000    2.000000 v _2130_/A (sky130_fd_sc_hd__inv_2)
     1    0.003612    0.024105    0.024546    2.024546 ^ _2130_/Y (sky130_fd_sc_hd__inv_2)
                                                         _0165_ (net)
                      0.024105    0.000000    2.024546 ^ _3832_/RESET_B (sky130_fd_sc_hd__dfrtp_2)
                                              2.024546   data arrival time

                      0.000000    0.000000    0.000000   clock clk (rise edge)
                                  0.000000    0.000000   clock network delay (ideal)
                                  0.000000    0.000000   clock reconvergence pessimism
                                              0.000000 ^ _3832_/CLK (sky130_fd_sc_hd__dfrtp_2)
                                  0.302168    0.302168   library removal time
                                              0.302168   data required time
---------------------------------------------------------------------------------------------
                                              0.302168   data required time
                                             -2.024546   data arrival time
---------------------------------------------------------------------------------------------
                                              1.722378   slack (MET)


Startpoint: rst (input port clocked by clk)
Endpoint: _3833_ (removal check against rising-edge clock clk)
Path Group: asynchronous
Path Type: min

Fanout         Cap        Slew       Delay        Time   Description
---------------------------------------------------------------------------------------------
                      0.000000    0.000000    0.000000   clock clk (rise edge)
                                  0.000000    0.000000   clock network delay (ideal)
                                  2.000000    2.000000 v input external delay
   213    0.910787    0.000000    0.000000    2.000000 v rst (in)
                                                         rst (net)
                      0.000000    0.000000    2.000000 v _2131_/A (sky130_fd_sc_hd__inv_2)
     1    0.003612    0.024105    0.024546    2.024546 ^ _2131_/Y (sky130_fd_sc_hd__inv_2)
                                                         _0166_ (net)
                      0.024105    0.000000    2.024546 ^ _3833_/RESET_B (sky130_fd_sc_hd__dfrtp_2)
                                              2.024546   data arrival time

                      0.000000    0.000000    0.000000   clock clk (rise edge)
                                  0.000000    0.000000   clock network delay (ideal)
                                  0.000000    0.000000   clock reconvergence pessimism
                                              0.000000 ^ _3833_/CLK (sky130_fd_sc_hd__dfrtp_2)
                                  0.302168    0.302168   library removal time
                                              0.302168   data required time
---------------------------------------------------------------------------------------------
                                              0.302168   data required time
                                             -2.024546   data arrival time
---------------------------------------------------------------------------------------------
                                              1.722378   slack (MET)


Startpoint: rst (input port clocked by clk)
Endpoint: _3834_ (removal check against rising-edge clock clk)
Path Group: asynchronous
Path Type: min

Fanout         Cap        Slew       Delay        Time   Description
---------------------------------------------------------------------------------------------
                      0.000000    0.000000    0.000000   clock clk (rise edge)
                                  0.000000    0.000000   clock network delay (ideal)
                                  2.000000    2.000000 v input external delay
   213    0.910787    0.000000    0.000000    2.000000 v rst (in)
                                                         rst (net)
                      0.000000    0.000000    2.000000 v _2132_/A (sky130_fd_sc_hd__inv_2)
     1    0.003612    0.024105    0.024546    2.024546 ^ _2132_/Y (sky130_fd_sc_hd__inv_2)
                                                         _0167_ (net)
                      0.024105    0.000000    2.024546 ^ _3834_/RESET_B (sky130_fd_sc_hd__dfrtp_2)
                                              2.024546   data arrival time

                      0.000000    0.000000    0.000000   clock clk (rise edge)
                                  0.000000    0.000000   clock network delay (ideal)
                                  0.000000    0.000000   clock reconvergence pessimism
                                              0.000000 ^ _3834_/CLK (sky130_fd_sc_hd__dfrtp_2)
                                  0.302168    0.302168   library removal time
                                              0.302168   data required time
---------------------------------------------------------------------------------------------
                                              0.302168   data required time
                                             -2.024546   data arrival time
---------------------------------------------------------------------------------------------
                                              1.722378   slack (MET)


Startpoint: rst (input port clocked by clk)
Endpoint: _3835_ (removal check against rising-edge clock clk)
Path Group: asynchronous
Path Type: min

Fanout         Cap        Slew       Delay        Time   Description
---------------------------------------------------------------------------------------------
                      0.000000    0.000000    0.000000   clock clk (rise edge)
                                  0.000000    0.000000   clock network delay (ideal)
                                  2.000000    2.000000 v input external delay
   213    0.910787    0.000000    0.000000    2.000000 v rst (in)
                                                         rst (net)
                      0.000000    0.000000    2.000000 v _2133_/A (sky130_fd_sc_hd__inv_2)
     1    0.003612    0.024105    0.024546    2.024546 ^ _2133_/Y (sky130_fd_sc_hd__inv_2)
                                                         _0168_ (net)
                      0.024105    0.000000    2.024546 ^ _3835_/RESET_B (sky130_fd_sc_hd__dfrtp_2)
                                              2.024546   data arrival time

                      0.000000    0.000000    0.000000   clock clk (rise edge)
                                  0.000000    0.000000   clock network delay (ideal)
                                  0.000000    0.000000   clock reconvergence pessimism
                                              0.000000 ^ _3835_/CLK (sky130_fd_sc_hd__dfrtp_2)
                                  0.302168    0.302168   library removal time
                                              0.302168   data required time
---------------------------------------------------------------------------------------------
                                              0.302168   data required time
                                             -2.024546   data arrival time
---------------------------------------------------------------------------------------------
                                              1.722378   slack (MET)


Startpoint: rst (input port clocked by clk)
Endpoint: _3836_ (removal check against rising-edge clock clk)
Path Group: asynchronous
Path Type: min

Fanout         Cap        Slew       Delay        Time   Description
---------------------------------------------------------------------------------------------
                      0.000000    0.000000    0.000000   clock clk (rise edge)
                                  0.000000    0.000000   clock network delay (ideal)
                                  2.000000    2.000000 v input external delay
   213    0.910787    0.000000    0.000000    2.000000 v rst (in)
                                                         rst (net)
                      0.000000    0.000000    2.000000 v _2134_/A (sky130_fd_sc_hd__inv_2)
     1    0.003612    0.024105    0.024546    2.024546 ^ _2134_/Y (sky130_fd_sc_hd__inv_2)
                                                         _0169_ (net)
                      0.024105    0.000000    2.024546 ^ _3836_/RESET_B (sky130_fd_sc_hd__dfrtp_2)
                                              2.024546   data arrival time

                      0.000000    0.000000    0.000000   clock clk (rise edge)
                                  0.000000    0.000000   clock network delay (ideal)
                                  0.000000    0.000000   clock reconvergence pessimism
                                              0.000000 ^ _3836_/CLK (sky130_fd_sc_hd__dfrtp_2)
                                  0.302168    0.302168   library removal time
                                              0.302168   data required time
---------------------------------------------------------------------------------------------
                                              0.302168   data required time
                                             -2.024546   data arrival time
---------------------------------------------------------------------------------------------
                                              1.722378   slack (MET)


Startpoint: rst (input port clocked by clk)
Endpoint: _3837_ (removal check against rising-edge clock clk)
Path Group: asynchronous
Path Type: min

Fanout         Cap        Slew       Delay        Time   Description
---------------------------------------------------------------------------------------------
                      0.000000    0.000000    0.000000   clock clk (rise edge)
                                  0.000000    0.000000   clock network delay (ideal)
                                  2.000000    2.000000 v input external delay
   213    0.910787    0.000000    0.000000    2.000000 v rst (in)
                                                         rst (net)
                      0.000000    0.000000    2.000000 v _2135_/A (sky130_fd_sc_hd__inv_2)
     1    0.003612    0.024105    0.024546    2.024546 ^ _2135_/Y (sky130_fd_sc_hd__inv_2)
                                                         _0170_ (net)
                      0.024105    0.000000    2.024546 ^ _3837_/RESET_B (sky130_fd_sc_hd__dfrtp_2)
                                              2.024546   data arrival time

                      0.000000    0.000000    0.000000   clock clk (rise edge)
                                  0.000000    0.000000   clock network delay (ideal)
                                  0.000000    0.000000   clock reconvergence pessimism
                                              0.000000 ^ _3837_/CLK (sky130_fd_sc_hd__dfrtp_2)
                                  0.302168    0.302168   library removal time
                                              0.302168   data required time
---------------------------------------------------------------------------------------------
                                              0.302168   data required time
                                             -2.024546   data arrival time
---------------------------------------------------------------------------------------------
                                              1.722378   slack (MET)


Startpoint: rst (input port clocked by clk)
Endpoint: _3838_ (removal check against rising-edge clock clk)
Path Group: asynchronous
Path Type: min

Fanout         Cap        Slew       Delay        Time   Description
---------------------------------------------------------------------------------------------
                      0.000000    0.000000    0.000000   clock clk (rise edge)
                                  0.000000    0.000000   clock network delay (ideal)
                                  2.000000    2.000000 v input external delay
   213    0.910787    0.000000    0.000000    2.000000 v rst (in)
                                                         rst (net)
                      0.000000    0.000000    2.000000 v _2136_/A (sky130_fd_sc_hd__inv_2)
     1    0.003612    0.024105    0.024546    2.024546 ^ _2136_/Y (sky130_fd_sc_hd__inv_2)
                                                         _0171_ (net)
                      0.024105    0.000000    2.024546 ^ _3838_/RESET_B (sky130_fd_sc_hd__dfrtp_2)
                                              2.024546   data arrival time

                      0.000000    0.000000    0.000000   clock clk (rise edge)
                                  0.000000    0.000000   clock network delay (ideal)
                                  0.000000    0.000000   clock reconvergence pessimism
                                              0.000000 ^ _3838_/CLK (sky130_fd_sc_hd__dfrtp_2)
                                  0.302168    0.302168   library removal time
                                              0.302168   data required time
---------------------------------------------------------------------------------------------
                                              0.302168   data required time
                                             -2.024546   data arrival time
---------------------------------------------------------------------------------------------
                                              1.722378   slack (MET)


Startpoint: rst (input port clocked by clk)
Endpoint: _3839_ (removal check against rising-edge clock clk)
Path Group: asynchronous
Path Type: min

Fanout         Cap        Slew       Delay        Time   Description
---------------------------------------------------------------------------------------------
                      0.000000    0.000000    0.000000   clock clk (rise edge)
                                  0.000000    0.000000   clock network delay (ideal)
                                  2.000000    2.000000 v input external delay
   213    0.910787    0.000000    0.000000    2.000000 v rst (in)
                                                         rst (net)
                      0.000000    0.000000    2.000000 v _2137_/A (sky130_fd_sc_hd__inv_2)
     1    0.003612    0.024105    0.024546    2.024546 ^ _2137_/Y (sky130_fd_sc_hd__inv_2)
                                                         _0172_ (net)
                      0.024105    0.000000    2.024546 ^ _3839_/RESET_B (sky130_fd_sc_hd__dfrtp_2)
                                              2.024546   data arrival time

                      0.000000    0.000000    0.000000   clock clk (rise edge)
                                  0.000000    0.000000   clock network delay (ideal)
                                  0.000000    0.000000   clock reconvergence pessimism
                                              0.000000 ^ _3839_/CLK (sky130_fd_sc_hd__dfrtp_2)
                                  0.302168    0.302168   library removal time
                                              0.302168   data required time
---------------------------------------------------------------------------------------------
                                              0.302168   data required time
                                             -2.024546   data arrival time
---------------------------------------------------------------------------------------------
                                              1.722378   slack (MET)


Startpoint: rst (input port clocked by clk)
Endpoint: _3840_ (removal check against rising-edge clock clk)
Path Group: asynchronous
Path Type: min

Fanout         Cap        Slew       Delay        Time   Description
---------------------------------------------------------------------------------------------
                      0.000000    0.000000    0.000000   clock clk (rise edge)
                                  0.000000    0.000000   clock network delay (ideal)
                                  2.000000    2.000000 v input external delay
   213    0.910787    0.000000    0.000000    2.000000 v rst (in)
                                                         rst (net)
                      0.000000    0.000000    2.000000 v _2138_/A (sky130_fd_sc_hd__inv_2)
     1    0.003612    0.024105    0.024546    2.024546 ^ _2138_/Y (sky130_fd_sc_hd__inv_2)
                                                         _0173_ (net)
                      0.024105    0.000000    2.024546 ^ _3840_/RESET_B (sky130_fd_sc_hd__dfrtp_2)
                                              2.024546   data arrival time

                      0.000000    0.000000    0.000000   clock clk (rise edge)
                                  0.000000    0.000000   clock network delay (ideal)
                                  0.000000    0.000000   clock reconvergence pessimism
                                              0.000000 ^ _3840_/CLK (sky130_fd_sc_hd__dfrtp_2)
                                  0.302168    0.302168   library removal time
                                              0.302168   data required time
---------------------------------------------------------------------------------------------
                                              0.302168   data required time
                                             -2.024546   data arrival time
---------------------------------------------------------------------------------------------
                                              1.722378   slack (MET)


Startpoint: rst (input port clocked by clk)
Endpoint: _3841_ (removal check against rising-edge clock clk)
Path Group: asynchronous
Path Type: min

Fanout         Cap        Slew       Delay        Time   Description
---------------------------------------------------------------------------------------------
                      0.000000    0.000000    0.000000   clock clk (rise edge)
                                  0.000000    0.000000   clock network delay (ideal)
                                  2.000000    2.000000 v input external delay
   213    0.910787    0.000000    0.000000    2.000000 v rst (in)
                                                         rst (net)
                      0.000000    0.000000    2.000000 v _2139_/A (sky130_fd_sc_hd__inv_2)
     1    0.003612    0.024105    0.024546    2.024546 ^ _2139_/Y (sky130_fd_sc_hd__inv_2)
                                                         _0174_ (net)
                      0.024105    0.000000    2.024546 ^ _3841_/RESET_B (sky130_fd_sc_hd__dfrtp_2)
                                              2.024546   data arrival time

                      0.000000    0.000000    0.000000   clock clk (rise edge)
                                  0.000000    0.000000   clock network delay (ideal)
                                  0.000000    0.000000   clock reconvergence pessimism
                                              0.000000 ^ _3841_/CLK (sky130_fd_sc_hd__dfrtp_2)
                                  0.302168    0.302168   library removal time
                                              0.302168   data required time
---------------------------------------------------------------------------------------------
                                              0.302168   data required time
                                             -2.024546   data arrival time
---------------------------------------------------------------------------------------------
                                              1.722378   slack (MET)


Startpoint: rst (input port clocked by clk)
Endpoint: _3842_ (removal check against rising-edge clock clk)
Path Group: asynchronous
Path Type: min

Fanout         Cap        Slew       Delay        Time   Description
---------------------------------------------------------------------------------------------
                      0.000000    0.000000    0.000000   clock clk (rise edge)
                                  0.000000    0.000000   clock network delay (ideal)
                                  2.000000    2.000000 v input external delay
   213    0.910787    0.000000    0.000000    2.000000 v rst (in)
                                                         rst (net)
                      0.000000    0.000000    2.000000 v _2140_/A (sky130_fd_sc_hd__inv_2)
     1    0.003612    0.024105    0.024546    2.024546 ^ _2140_/Y (sky130_fd_sc_hd__inv_2)
                                                         _0175_ (net)
                      0.024105    0.000000    2.024546 ^ _3842_/RESET_B (sky130_fd_sc_hd__dfrtp_2)
                                              2.024546   data arrival time

                      0.000000    0.000000    0.000000   clock clk (rise edge)
                                  0.000000    0.000000   clock network delay (ideal)
                                  0.000000    0.000000   clock reconvergence pessimism
                                              0.000000 ^ _3842_/CLK (sky130_fd_sc_hd__dfrtp_2)
                                  0.302168    0.302168   library removal time
                                              0.302168   data required time
---------------------------------------------------------------------------------------------
                                              0.302168   data required time
                                             -2.024546   data arrival time
---------------------------------------------------------------------------------------------
                                              1.722378   slack (MET)


Startpoint: rst (input port clocked by clk)
Endpoint: _3843_ (removal check against rising-edge clock clk)
Path Group: asynchronous
Path Type: min

Fanout         Cap        Slew       Delay        Time   Description
---------------------------------------------------------------------------------------------
                      0.000000    0.000000    0.000000   clock clk (rise edge)
                                  0.000000    0.000000   clock network delay (ideal)
                                  2.000000    2.000000 v input external delay
   213    0.910787    0.000000    0.000000    2.000000 v rst (in)
                                                         rst (net)
                      0.000000    0.000000    2.000000 v _2141_/A (sky130_fd_sc_hd__inv_2)
     1    0.003612    0.024105    0.024546    2.024546 ^ _2141_/Y (sky130_fd_sc_hd__inv_2)
                                                         _0176_ (net)
                      0.024105    0.000000    2.024546 ^ _3843_/RESET_B (sky130_fd_sc_hd__dfrtp_2)
                                              2.024546   data arrival time

                      0.000000    0.000000    0.000000   clock clk (rise edge)
                                  0.000000    0.000000   clock network delay (ideal)
                                  0.000000    0.000000   clock reconvergence pessimism
                                              0.000000 ^ _3843_/CLK (sky130_fd_sc_hd__dfrtp_2)
                                  0.302168    0.302168   library removal time
                                              0.302168   data required time
---------------------------------------------------------------------------------------------
                                              0.302168   data required time
                                             -2.024546   data arrival time
---------------------------------------------------------------------------------------------
                                              1.722378   slack (MET)


Startpoint: rst (input port clocked by clk)
Endpoint: _3844_ (removal check against rising-edge clock clk)
Path Group: asynchronous
Path Type: min

Fanout         Cap        Slew       Delay        Time   Description
---------------------------------------------------------------------------------------------
                      0.000000    0.000000    0.000000   clock clk (rise edge)
                                  0.000000    0.000000   clock network delay (ideal)
                                  2.000000    2.000000 v input external delay
   213    0.910787    0.000000    0.000000    2.000000 v rst (in)
                                                         rst (net)
                      0.000000    0.000000    2.000000 v _2142_/A (sky130_fd_sc_hd__inv_2)
     1    0.003612    0.024105    0.024546    2.024546 ^ _2142_/Y (sky130_fd_sc_hd__inv_2)
                                                         _0177_ (net)
                      0.024105    0.000000    2.024546 ^ _3844_/RESET_B (sky130_fd_sc_hd__dfrtp_2)
                                              2.024546   data arrival time

                      0.000000    0.000000    0.000000   clock clk (rise edge)
                                  0.000000    0.000000   clock network delay (ideal)
                                  0.000000    0.000000   clock reconvergence pessimism
                                              0.000000 ^ _3844_/CLK (sky130_fd_sc_hd__dfrtp_2)
                                  0.302168    0.302168   library removal time
                                              0.302168   data required time
---------------------------------------------------------------------------------------------
                                              0.302168   data required time
                                             -2.024546   data arrival time
---------------------------------------------------------------------------------------------
                                              1.722378   slack (MET)


Startpoint: rst (input port clocked by clk)
Endpoint: _3845_ (removal check against rising-edge clock clk)
Path Group: asynchronous
Path Type: min

Fanout         Cap        Slew       Delay        Time   Description
---------------------------------------------------------------------------------------------
                      0.000000    0.000000    0.000000   clock clk (rise edge)
                                  0.000000    0.000000   clock network delay (ideal)
                                  2.000000    2.000000 v input external delay
   213    0.910787    0.000000    0.000000    2.000000 v rst (in)
                                                         rst (net)
                      0.000000    0.000000    2.000000 v _2143_/A (sky130_fd_sc_hd__inv_2)
     1    0.003612    0.024105    0.024546    2.024546 ^ _2143_/Y (sky130_fd_sc_hd__inv_2)
                                                         _0178_ (net)
                      0.024105    0.000000    2.024546 ^ _3845_/RESET_B (sky130_fd_sc_hd__dfrtp_2)
                                              2.024546   data arrival time

                      0.000000    0.000000    0.000000   clock clk (rise edge)
                                  0.000000    0.000000   clock network delay (ideal)
                                  0.000000    0.000000   clock reconvergence pessimism
                                              0.000000 ^ _3845_/CLK (sky130_fd_sc_hd__dfrtp_2)
                                  0.302168    0.302168   library removal time
                                              0.302168   data required time
---------------------------------------------------------------------------------------------
                                              0.302168   data required time
                                             -2.024546   data arrival time
---------------------------------------------------------------------------------------------
                                              1.722378   slack (MET)


Startpoint: rst (input port clocked by clk)
Endpoint: _3846_ (removal check against rising-edge clock clk)
Path Group: asynchronous
Path Type: min

Fanout         Cap        Slew       Delay        Time   Description
---------------------------------------------------------------------------------------------
                      0.000000    0.000000    0.000000   clock clk (rise edge)
                                  0.000000    0.000000   clock network delay (ideal)
                                  2.000000    2.000000 v input external delay
   213    0.910787    0.000000    0.000000    2.000000 v rst (in)
                                                         rst (net)
                      0.000000    0.000000    2.000000 v _2144_/A (sky130_fd_sc_hd__inv_2)
     1    0.003612    0.024105    0.024546    2.024546 ^ _2144_/Y (sky130_fd_sc_hd__inv_2)
                                                         _0179_ (net)
                      0.024105    0.000000    2.024546 ^ _3846_/RESET_B (sky130_fd_sc_hd__dfrtp_2)
                                              2.024546   data arrival time

                      0.000000    0.000000    0.000000   clock clk (rise edge)
                                  0.000000    0.000000   clock network delay (ideal)
                                  0.000000    0.000000   clock reconvergence pessimism
                                              0.000000 ^ _3846_/CLK (sky130_fd_sc_hd__dfrtp_2)
                                  0.302168    0.302168   library removal time
                                              0.302168   data required time
---------------------------------------------------------------------------------------------
                                              0.302168   data required time
                                             -2.024546   data arrival time
---------------------------------------------------------------------------------------------
                                              1.722378   slack (MET)


Startpoint: rst (input port clocked by clk)
Endpoint: _3847_ (removal check against rising-edge clock clk)
Path Group: asynchronous
Path Type: min

Fanout         Cap        Slew       Delay        Time   Description
---------------------------------------------------------------------------------------------
                      0.000000    0.000000    0.000000   clock clk (rise edge)
                                  0.000000    0.000000   clock network delay (ideal)
                                  2.000000    2.000000 v input external delay
   213    0.910787    0.000000    0.000000    2.000000 v rst (in)
                                                         rst (net)
                      0.000000    0.000000    2.000000 v _2145_/A (sky130_fd_sc_hd__inv_2)
     1    0.003612    0.024105    0.024546    2.024546 ^ _2145_/Y (sky130_fd_sc_hd__inv_2)
                                                         _0180_ (net)
                      0.024105    0.000000    2.024546 ^ _3847_/RESET_B (sky130_fd_sc_hd__dfrtp_2)
                                              2.024546   data arrival time

                      0.000000    0.000000    0.000000   clock clk (rise edge)
                                  0.000000    0.000000   clock network delay (ideal)
                                  0.000000    0.000000   clock reconvergence pessimism
                                              0.000000 ^ _3847_/CLK (sky130_fd_sc_hd__dfrtp_2)
                                  0.302168    0.302168   library removal time
                                              0.302168   data required time
---------------------------------------------------------------------------------------------
                                              0.302168   data required time
                                             -2.024546   data arrival time
---------------------------------------------------------------------------------------------
                                              1.722378   slack (MET)


Startpoint: rst (input port clocked by clk)
Endpoint: _3848_ (removal check against rising-edge clock clk)
Path Group: asynchronous
Path Type: min

Fanout         Cap        Slew       Delay        Time   Description
---------------------------------------------------------------------------------------------
                      0.000000    0.000000    0.000000   clock clk (rise edge)
                                  0.000000    0.000000   clock network delay (ideal)
                                  2.000000    2.000000 v input external delay
   213    0.910787    0.000000    0.000000    2.000000 v rst (in)
                                                         rst (net)
                      0.000000    0.000000    2.000000 v _2146_/A (sky130_fd_sc_hd__inv_2)
     1    0.003612    0.024105    0.024546    2.024546 ^ _2146_/Y (sky130_fd_sc_hd__inv_2)
                                                         _0181_ (net)
                      0.024105    0.000000    2.024546 ^ _3848_/RESET_B (sky130_fd_sc_hd__dfrtp_2)
                                              2.024546   data arrival time

                      0.000000    0.000000    0.000000   clock clk (rise edge)
                                  0.000000    0.000000   clock network delay (ideal)
                                  0.000000    0.000000   clock reconvergence pessimism
                                              0.000000 ^ _3848_/CLK (sky130_fd_sc_hd__dfrtp_2)
                                  0.302168    0.302168   library removal time
                                              0.302168   data required time
---------------------------------------------------------------------------------------------
                                              0.302168   data required time
                                             -2.024546   data arrival time
---------------------------------------------------------------------------------------------
                                              1.722378   slack (MET)


Startpoint: rst (input port clocked by clk)
Endpoint: _3849_ (removal check against rising-edge clock clk)
Path Group: asynchronous
Path Type: min

Fanout         Cap        Slew       Delay        Time   Description
---------------------------------------------------------------------------------------------
                      0.000000    0.000000    0.000000   clock clk (rise edge)
                                  0.000000    0.000000   clock network delay (ideal)
                                  2.000000    2.000000 v input external delay
   213    0.910787    0.000000    0.000000    2.000000 v rst (in)
                                                         rst (net)
                      0.000000    0.000000    2.000000 v _2147_/A (sky130_fd_sc_hd__inv_2)
     1    0.003612    0.024105    0.024546    2.024546 ^ _2147_/Y (sky130_fd_sc_hd__inv_2)
                                                         _0182_ (net)
                      0.024105    0.000000    2.024546 ^ _3849_/RESET_B (sky130_fd_sc_hd__dfrtp_2)
                                              2.024546   data arrival time

                      0.000000    0.000000    0.000000   clock clk (rise edge)
                                  0.000000    0.000000   clock network delay (ideal)
                                  0.000000    0.000000   clock reconvergence pessimism
                                              0.000000 ^ _3849_/CLK (sky130_fd_sc_hd__dfrtp_2)
                                  0.302168    0.302168   library removal time
                                              0.302168   data required time
---------------------------------------------------------------------------------------------
                                              0.302168   data required time
                                             -2.024546   data arrival time
---------------------------------------------------------------------------------------------
                                              1.722378   slack (MET)


Startpoint: rst (input port clocked by clk)
Endpoint: _3850_ (removal check against rising-edge clock clk)
Path Group: asynchronous
Path Type: min

Fanout         Cap        Slew       Delay        Time   Description
---------------------------------------------------------------------------------------------
                      0.000000    0.000000    0.000000   clock clk (rise edge)
                                  0.000000    0.000000   clock network delay (ideal)
                                  2.000000    2.000000 v input external delay
   213    0.910787    0.000000    0.000000    2.000000 v rst (in)
                                                         rst (net)
                      0.000000    0.000000    2.000000 v _2148_/A (sky130_fd_sc_hd__inv_2)
     1    0.003612    0.024105    0.024546    2.024546 ^ _2148_/Y (sky130_fd_sc_hd__inv_2)
                                                         _0183_ (net)
                      0.024105    0.000000    2.024546 ^ _3850_/RESET_B (sky130_fd_sc_hd__dfrtp_2)
                                              2.024546   data arrival time

                      0.000000    0.000000    0.000000   clock clk (rise edge)
                                  0.000000    0.000000   clock network delay (ideal)
                                  0.000000    0.000000   clock reconvergence pessimism
                                              0.000000 ^ _3850_/CLK (sky130_fd_sc_hd__dfrtp_2)
                                  0.302168    0.302168   library removal time
                                              0.302168   data required time
---------------------------------------------------------------------------------------------
                                              0.302168   data required time
                                             -2.024546   data arrival time
---------------------------------------------------------------------------------------------
                                              1.722378   slack (MET)


Startpoint: rst (input port clocked by clk)
Endpoint: _3851_ (removal check against rising-edge clock clk)
Path Group: asynchronous
Path Type: min

Fanout         Cap        Slew       Delay        Time   Description
---------------------------------------------------------------------------------------------
                      0.000000    0.000000    0.000000   clock clk (rise edge)
                                  0.000000    0.000000   clock network delay (ideal)
                                  2.000000    2.000000 v input external delay
   213    0.910787    0.000000    0.000000    2.000000 v rst (in)
                                                         rst (net)
                      0.000000    0.000000    2.000000 v _2149_/A (sky130_fd_sc_hd__inv_2)
     1    0.003612    0.024105    0.024546    2.024546 ^ _2149_/Y (sky130_fd_sc_hd__inv_2)
                                                         _0184_ (net)
                      0.024105    0.000000    2.024546 ^ _3851_/RESET_B (sky130_fd_sc_hd__dfrtp_2)
                                              2.024546   data arrival time

                      0.000000    0.000000    0.000000   clock clk (rise edge)
                                  0.000000    0.000000   clock network delay (ideal)
                                  0.000000    0.000000   clock reconvergence pessimism
                                              0.000000 ^ _3851_/CLK (sky130_fd_sc_hd__dfrtp_2)
                                  0.302168    0.302168   library removal time
                                              0.302168   data required time
---------------------------------------------------------------------------------------------
                                              0.302168   data required time
                                             -2.024546   data arrival time
---------------------------------------------------------------------------------------------
                                              1.722378   slack (MET)


Startpoint: rst (input port clocked by clk)
Endpoint: _3852_ (removal check against rising-edge clock clk)
Path Group: asynchronous
Path Type: min

Fanout         Cap        Slew       Delay        Time   Description
---------------------------------------------------------------------------------------------
                      0.000000    0.000000    0.000000   clock clk (rise edge)
                                  0.000000    0.000000   clock network delay (ideal)
                                  2.000000    2.000000 v input external delay
   213    0.910787    0.000000    0.000000    2.000000 v rst (in)
                                                         rst (net)
                      0.000000    0.000000    2.000000 v _2150_/A (sky130_fd_sc_hd__inv_2)
     1    0.003612    0.024105    0.024546    2.024546 ^ _2150_/Y (sky130_fd_sc_hd__inv_2)
                                                         _0185_ (net)
                      0.024105    0.000000    2.024546 ^ _3852_/RESET_B (sky130_fd_sc_hd__dfrtp_2)
                                              2.024546   data arrival time

                      0.000000    0.000000    0.000000   clock clk (rise edge)
                                  0.000000    0.000000   clock network delay (ideal)
                                  0.000000    0.000000   clock reconvergence pessimism
                                              0.000000 ^ _3852_/CLK (sky130_fd_sc_hd__dfrtp_2)
                                  0.302168    0.302168   library removal time
                                              0.302168   data required time
---------------------------------------------------------------------------------------------
                                              0.302168   data required time
                                             -2.024546   data arrival time
---------------------------------------------------------------------------------------------
                                              1.722378   slack (MET)


Startpoint: rst (input port clocked by clk)
Endpoint: _3853_ (removal check against rising-edge clock clk)
Path Group: asynchronous
Path Type: min

Fanout         Cap        Slew       Delay        Time   Description
---------------------------------------------------------------------------------------------
                      0.000000    0.000000    0.000000   clock clk (rise edge)
                                  0.000000    0.000000   clock network delay (ideal)
                                  2.000000    2.000000 v input external delay
   213    0.910787    0.000000    0.000000    2.000000 v rst (in)
                                                         rst (net)
                      0.000000    0.000000    2.000000 v _2151_/A (sky130_fd_sc_hd__inv_2)
     1    0.003612    0.024105    0.024546    2.024546 ^ _2151_/Y (sky130_fd_sc_hd__inv_2)
                                                         _0186_ (net)
                      0.024105    0.000000    2.024546 ^ _3853_/RESET_B (sky130_fd_sc_hd__dfrtp_2)
                                              2.024546   data arrival time

                      0.000000    0.000000    0.000000   clock clk (rise edge)
                                  0.000000    0.000000   clock network delay (ideal)
                                  0.000000    0.000000   clock reconvergence pessimism
                                              0.000000 ^ _3853_/CLK (sky130_fd_sc_hd__dfrtp_2)
                                  0.302168    0.302168   library removal time
                                              0.302168   data required time
---------------------------------------------------------------------------------------------
                                              0.302168   data required time
                                             -2.024546   data arrival time
---------------------------------------------------------------------------------------------
                                              1.722378   slack (MET)


Startpoint: rst (input port clocked by clk)
Endpoint: _3854_ (removal check against rising-edge clock clk)
Path Group: asynchronous
Path Type: min

Fanout         Cap        Slew       Delay        Time   Description
---------------------------------------------------------------------------------------------
                      0.000000    0.000000    0.000000   clock clk (rise edge)
                                  0.000000    0.000000   clock network delay (ideal)
                                  2.000000    2.000000 v input external delay
   213    0.910787    0.000000    0.000000    2.000000 v rst (in)
                                                         rst (net)
                      0.000000    0.000000    2.000000 v _2152_/A (sky130_fd_sc_hd__inv_2)
     1    0.003612    0.024105    0.024546    2.024546 ^ _2152_/Y (sky130_fd_sc_hd__inv_2)
                                                         _0187_ (net)
                      0.024105    0.000000    2.024546 ^ _3854_/RESET_B (sky130_fd_sc_hd__dfrtp_2)
                                              2.024546   data arrival time

                      0.000000    0.000000    0.000000   clock clk (rise edge)
                                  0.000000    0.000000   clock network delay (ideal)
                                  0.000000    0.000000   clock reconvergence pessimism
                                              0.000000 ^ _3854_/CLK (sky130_fd_sc_hd__dfrtp_2)
                                  0.302168    0.302168   library removal time
                                              0.302168   data required time
---------------------------------------------------------------------------------------------
                                              0.302168   data required time
                                             -2.024546   data arrival time
---------------------------------------------------------------------------------------------
                                              1.722378   slack (MET)


Startpoint: rst (input port clocked by clk)
Endpoint: _3855_ (removal check against rising-edge clock clk)
Path Group: asynchronous
Path Type: min

Fanout         Cap        Slew       Delay        Time   Description
---------------------------------------------------------------------------------------------
                      0.000000    0.000000    0.000000   clock clk (rise edge)
                                  0.000000    0.000000   clock network delay (ideal)
                                  2.000000    2.000000 v input external delay
   213    0.910787    0.000000    0.000000    2.000000 v rst (in)
                                                         rst (net)
                      0.000000    0.000000    2.000000 v _2153_/A (sky130_fd_sc_hd__inv_2)
     1    0.003612    0.024105    0.024546    2.024546 ^ _2153_/Y (sky130_fd_sc_hd__inv_2)
                                                         _0188_ (net)
                      0.024105    0.000000    2.024546 ^ _3855_/RESET_B (sky130_fd_sc_hd__dfrtp_2)
                                              2.024546   data arrival time

                      0.000000    0.000000    0.000000   clock clk (rise edge)
                                  0.000000    0.000000   clock network delay (ideal)
                                  0.000000    0.000000   clock reconvergence pessimism
                                              0.000000 ^ _3855_/CLK (sky130_fd_sc_hd__dfrtp_2)
                                  0.302168    0.302168   library removal time
                                              0.302168   data required time
---------------------------------------------------------------------------------------------
                                              0.302168   data required time
                                             -2.024546   data arrival time
---------------------------------------------------------------------------------------------
                                              1.722378   slack (MET)


Startpoint: rst (input port clocked by clk)
Endpoint: _3856_ (removal check against rising-edge clock clk)
Path Group: asynchronous
Path Type: min

Fanout         Cap        Slew       Delay        Time   Description
---------------------------------------------------------------------------------------------
                      0.000000    0.000000    0.000000   clock clk (rise edge)
                                  0.000000    0.000000   clock network delay (ideal)
                                  2.000000    2.000000 v input external delay
   213    0.910787    0.000000    0.000000    2.000000 v rst (in)
                                                         rst (net)
                      0.000000    0.000000    2.000000 v _2154_/A (sky130_fd_sc_hd__inv_2)
     1    0.003612    0.024105    0.024546    2.024546 ^ _2154_/Y (sky130_fd_sc_hd__inv_2)
                                                         _0189_ (net)
                      0.024105    0.000000    2.024546 ^ _3856_/RESET_B (sky130_fd_sc_hd__dfrtp_2)
                                              2.024546   data arrival time

                      0.000000    0.000000    0.000000   clock clk (rise edge)
                                  0.000000    0.000000   clock network delay (ideal)
                                  0.000000    0.000000   clock reconvergence pessimism
                                              0.000000 ^ _3856_/CLK (sky130_fd_sc_hd__dfrtp_2)
                                  0.302168    0.302168   library removal time
                                              0.302168   data required time
---------------------------------------------------------------------------------------------
                                              0.302168   data required time
                                             -2.024546   data arrival time
---------------------------------------------------------------------------------------------
                                              1.722378   slack (MET)


Startpoint: rst (input port clocked by clk)
Endpoint: _3857_ (removal check against rising-edge clock clk)
Path Group: asynchronous
Path Type: min

Fanout         Cap        Slew       Delay        Time   Description
---------------------------------------------------------------------------------------------
                      0.000000    0.000000    0.000000   clock clk (rise edge)
                                  0.000000    0.000000   clock network delay (ideal)
                                  2.000000    2.000000 v input external delay
   213    0.910787    0.000000    0.000000    2.000000 v rst (in)
                                                         rst (net)
                      0.000000    0.000000    2.000000 v _2155_/A (sky130_fd_sc_hd__inv_2)
     1    0.003612    0.024105    0.024546    2.024546 ^ _2155_/Y (sky130_fd_sc_hd__inv_2)
                                                         _0190_ (net)
                      0.024105    0.000000    2.024546 ^ _3857_/RESET_B (sky130_fd_sc_hd__dfrtp_2)
                                              2.024546   data arrival time

                      0.000000    0.000000    0.000000   clock clk (rise edge)
                                  0.000000    0.000000   clock network delay (ideal)
                                  0.000000    0.000000   clock reconvergence pessimism
                                              0.000000 ^ _3857_/CLK (sky130_fd_sc_hd__dfrtp_2)
                                  0.302168    0.302168   library removal time
                                              0.302168   data required time
---------------------------------------------------------------------------------------------
                                              0.302168   data required time
                                             -2.024546   data arrival time
---------------------------------------------------------------------------------------------
                                              1.722378   slack (MET)


Startpoint: rst (input port clocked by clk)
Endpoint: _3858_ (removal check against rising-edge clock clk)
Path Group: asynchronous
Path Type: min

Fanout         Cap        Slew       Delay        Time   Description
---------------------------------------------------------------------------------------------
                      0.000000    0.000000    0.000000   clock clk (rise edge)
                                  0.000000    0.000000   clock network delay (ideal)
                                  2.000000    2.000000 v input external delay
   213    0.910787    0.000000    0.000000    2.000000 v rst (in)
                                                         rst (net)
                      0.000000    0.000000    2.000000 v _2156_/A (sky130_fd_sc_hd__inv_2)
     1    0.003612    0.024105    0.024546    2.024546 ^ _2156_/Y (sky130_fd_sc_hd__inv_2)
                                                         _0191_ (net)
                      0.024105    0.000000    2.024546 ^ _3858_/RESET_B (sky130_fd_sc_hd__dfrtp_2)
                                              2.024546   data arrival time

                      0.000000    0.000000    0.000000   clock clk (rise edge)
                                  0.000000    0.000000   clock network delay (ideal)
                                  0.000000    0.000000   clock reconvergence pessimism
                                              0.000000 ^ _3858_/CLK (sky130_fd_sc_hd__dfrtp_2)
                                  0.302168    0.302168   library removal time
                                              0.302168   data required time
---------------------------------------------------------------------------------------------
                                              0.302168   data required time
                                             -2.024546   data arrival time
---------------------------------------------------------------------------------------------
                                              1.722378   slack (MET)


Startpoint: rst (input port clocked by clk)
Endpoint: _3859_ (removal check against rising-edge clock clk)
Path Group: asynchronous
Path Type: min

Fanout         Cap        Slew       Delay        Time   Description
---------------------------------------------------------------------------------------------
                      0.000000    0.000000    0.000000   clock clk (rise edge)
                                  0.000000    0.000000   clock network delay (ideal)
                                  2.000000    2.000000 v input external delay
   213    0.910787    0.000000    0.000000    2.000000 v rst (in)
                                                         rst (net)
                      0.000000    0.000000    2.000000 v _2157_/A (sky130_fd_sc_hd__inv_2)
     1    0.003612    0.024105    0.024546    2.024546 ^ _2157_/Y (sky130_fd_sc_hd__inv_2)
                                                         _0192_ (net)
                      0.024105    0.000000    2.024546 ^ _3859_/RESET_B (sky130_fd_sc_hd__dfrtp_2)
                                              2.024546   data arrival time

                      0.000000    0.000000    0.000000   clock clk (rise edge)
                                  0.000000    0.000000   clock network delay (ideal)
                                  0.000000    0.000000   clock reconvergence pessimism
                                              0.000000 ^ _3859_/CLK (sky130_fd_sc_hd__dfrtp_2)
                                  0.302168    0.302168   library removal time
                                              0.302168   data required time
---------------------------------------------------------------------------------------------
                                              0.302168   data required time
                                             -2.024546   data arrival time
---------------------------------------------------------------------------------------------
                                              1.722378   slack (MET)


Startpoint: rst (input port clocked by clk)
Endpoint: _3860_ (removal check against rising-edge clock clk)
Path Group: asynchronous
Path Type: min

Fanout         Cap        Slew       Delay        Time   Description
---------------------------------------------------------------------------------------------
                      0.000000    0.000000    0.000000   clock clk (rise edge)
                                  0.000000    0.000000   clock network delay (ideal)
                                  2.000000    2.000000 v input external delay
   213    0.910787    0.000000    0.000000    2.000000 v rst (in)
                                                         rst (net)
                      0.000000    0.000000    2.000000 v _2158_/A (sky130_fd_sc_hd__inv_2)
     1    0.003612    0.024105    0.024546    2.024546 ^ _2158_/Y (sky130_fd_sc_hd__inv_2)
                                                         _0193_ (net)
                      0.024105    0.000000    2.024546 ^ _3860_/RESET_B (sky130_fd_sc_hd__dfrtp_2)
                                              2.024546   data arrival time

                      0.000000    0.000000    0.000000   clock clk (rise edge)
                                  0.000000    0.000000   clock network delay (ideal)
                                  0.000000    0.000000   clock reconvergence pessimism
                                              0.000000 ^ _3860_/CLK (sky130_fd_sc_hd__dfrtp_2)
                                  0.302168    0.302168   library removal time
                                              0.302168   data required time
---------------------------------------------------------------------------------------------
                                              0.302168   data required time
                                             -2.024546   data arrival time
---------------------------------------------------------------------------------------------
                                              1.722378   slack (MET)


Startpoint: rst (input port clocked by clk)
Endpoint: _3861_ (removal check against rising-edge clock clk)
Path Group: asynchronous
Path Type: min

Fanout         Cap        Slew       Delay        Time   Description
---------------------------------------------------------------------------------------------
                      0.000000    0.000000    0.000000   clock clk (rise edge)
                                  0.000000    0.000000   clock network delay (ideal)
                                  2.000000    2.000000 v input external delay
   213    0.910787    0.000000    0.000000    2.000000 v rst (in)
                                                         rst (net)
                      0.000000    0.000000    2.000000 v _2159_/A (sky130_fd_sc_hd__inv_2)
     1    0.003612    0.024105    0.024546    2.024546 ^ _2159_/Y (sky130_fd_sc_hd__inv_2)
                                                         _0194_ (net)
                      0.024105    0.000000    2.024546 ^ _3861_/RESET_B (sky130_fd_sc_hd__dfrtp_2)
                                              2.024546   data arrival time

                      0.000000    0.000000    0.000000   clock clk (rise edge)
                                  0.000000    0.000000   clock network delay (ideal)
                                  0.000000    0.000000   clock reconvergence pessimism
                                              0.000000 ^ _3861_/CLK (sky130_fd_sc_hd__dfrtp_2)
                                  0.302168    0.302168   library removal time
                                              0.302168   data required time
---------------------------------------------------------------------------------------------
                                              0.302168   data required time
                                             -2.024546   data arrival time
---------------------------------------------------------------------------------------------
                                              1.722378   slack (MET)


Startpoint: rst (input port clocked by clk)
Endpoint: _3862_ (removal check against rising-edge clock clk)
Path Group: asynchronous
Path Type: min

Fanout         Cap        Slew       Delay        Time   Description
---------------------------------------------------------------------------------------------
                      0.000000    0.000000    0.000000   clock clk (rise edge)
                                  0.000000    0.000000   clock network delay (ideal)
                                  2.000000    2.000000 v input external delay
   213    0.910787    0.000000    0.000000    2.000000 v rst (in)
                                                         rst (net)
                      0.000000    0.000000    2.000000 v _2160_/A (sky130_fd_sc_hd__inv_2)
     1    0.003612    0.024105    0.024546    2.024546 ^ _2160_/Y (sky130_fd_sc_hd__inv_2)
                                                         _0195_ (net)
                      0.024105    0.000000    2.024546 ^ _3862_/RESET_B (sky130_fd_sc_hd__dfrtp_2)
                                              2.024546   data arrival time

                      0.000000    0.000000    0.000000   clock clk (rise edge)
                                  0.000000    0.000000   clock network delay (ideal)
                                  0.000000    0.000000   clock reconvergence pessimism
                                              0.000000 ^ _3862_/CLK (sky130_fd_sc_hd__dfrtp_2)
                                  0.302168    0.302168   library removal time
                                              0.302168   data required time
---------------------------------------------------------------------------------------------
                                              0.302168   data required time
                                             -2.024546   data arrival time
---------------------------------------------------------------------------------------------
                                              1.722378   slack (MET)


Startpoint: rst (input port clocked by clk)
Endpoint: _3863_ (removal check against rising-edge clock clk)
Path Group: asynchronous
Path Type: min

Fanout         Cap        Slew       Delay        Time   Description
---------------------------------------------------------------------------------------------
                      0.000000    0.000000    0.000000   clock clk (rise edge)
                                  0.000000    0.000000   clock network delay (ideal)
                                  2.000000    2.000000 v input external delay
   213    0.910787    0.000000    0.000000    2.000000 v rst (in)
                                                         rst (net)
                      0.000000    0.000000    2.000000 v _2161_/A (sky130_fd_sc_hd__inv_2)
     1    0.003612    0.024105    0.024546    2.024546 ^ _2161_/Y (sky130_fd_sc_hd__inv_2)
                                                         _0196_ (net)
                      0.024105    0.000000    2.024546 ^ _3863_/RESET_B (sky130_fd_sc_hd__dfrtp_2)
                                              2.024546   data arrival time

                      0.000000    0.000000    0.000000   clock clk (rise edge)
                                  0.000000    0.000000   clock network delay (ideal)
                                  0.000000    0.000000   clock reconvergence pessimism
                                              0.000000 ^ _3863_/CLK (sky130_fd_sc_hd__dfrtp_2)
                                  0.302168    0.302168   library removal time
                                              0.302168   data required time
---------------------------------------------------------------------------------------------
                                              0.302168   data required time
                                             -2.024546   data arrival time
---------------------------------------------------------------------------------------------
                                              1.722378   slack (MET)


Startpoint: rst (input port clocked by clk)
Endpoint: _3864_ (removal check against rising-edge clock clk)
Path Group: asynchronous
Path Type: min

Fanout         Cap        Slew       Delay        Time   Description
---------------------------------------------------------------------------------------------
                      0.000000    0.000000    0.000000   clock clk (rise edge)
                                  0.000000    0.000000   clock network delay (ideal)
                                  2.000000    2.000000 v input external delay
   213    0.910787    0.000000    0.000000    2.000000 v rst (in)
                                                         rst (net)
                      0.000000    0.000000    2.000000 v _2162_/A (sky130_fd_sc_hd__inv_2)
     1    0.003612    0.024105    0.024546    2.024546 ^ _2162_/Y (sky130_fd_sc_hd__inv_2)
                                                         _0197_ (net)
                      0.024105    0.000000    2.024546 ^ _3864_/RESET_B (sky130_fd_sc_hd__dfrtp_2)
                                              2.024546   data arrival time

                      0.000000    0.000000    0.000000   clock clk (rise edge)
                                  0.000000    0.000000   clock network delay (ideal)
                                  0.000000    0.000000   clock reconvergence pessimism
                                              0.000000 ^ _3864_/CLK (sky130_fd_sc_hd__dfrtp_2)
                                  0.302168    0.302168   library removal time
                                              0.302168   data required time
---------------------------------------------------------------------------------------------
                                              0.302168   data required time
                                             -2.024546   data arrival time
---------------------------------------------------------------------------------------------
                                              1.722378   slack (MET)


Startpoint: rst (input port clocked by clk)
Endpoint: _3865_ (removal check against rising-edge clock clk)
Path Group: asynchronous
Path Type: min

Fanout         Cap        Slew       Delay        Time   Description
---------------------------------------------------------------------------------------------
                      0.000000    0.000000    0.000000   clock clk (rise edge)
                                  0.000000    0.000000   clock network delay (ideal)
                                  2.000000    2.000000 v input external delay
   213    0.910787    0.000000    0.000000    2.000000 v rst (in)
                                                         rst (net)
                      0.000000    0.000000    2.000000 v _2163_/A (sky130_fd_sc_hd__inv_2)
     1    0.003612    0.024105    0.024546    2.024546 ^ _2163_/Y (sky130_fd_sc_hd__inv_2)
                                                         _0198_ (net)
                      0.024105    0.000000    2.024546 ^ _3865_/RESET_B (sky130_fd_sc_hd__dfrtp_2)
                                              2.024546   data arrival time

                      0.000000    0.000000    0.000000   clock clk (rise edge)
                                  0.000000    0.000000   clock network delay (ideal)
                                  0.000000    0.000000   clock reconvergence pessimism
                                              0.000000 ^ _3865_/CLK (sky130_fd_sc_hd__dfrtp_2)
                                  0.302168    0.302168   library removal time
                                              0.302168   data required time
---------------------------------------------------------------------------------------------
                                              0.302168   data required time
                                             -2.024546   data arrival time
---------------------------------------------------------------------------------------------
                                              1.722378   slack (MET)


Startpoint: rst (input port clocked by clk)
Endpoint: _3866_ (removal check against rising-edge clock clk)
Path Group: asynchronous
Path Type: min

Fanout         Cap        Slew       Delay        Time   Description
---------------------------------------------------------------------------------------------
                      0.000000    0.000000    0.000000   clock clk (rise edge)
                                  0.000000    0.000000   clock network delay (ideal)
                                  2.000000    2.000000 v input external delay
   213    0.910787    0.000000    0.000000    2.000000 v rst (in)
                                                         rst (net)
                      0.000000    0.000000    2.000000 v _2164_/A (sky130_fd_sc_hd__inv_2)
     1    0.003612    0.024105    0.024546    2.024546 ^ _2164_/Y (sky130_fd_sc_hd__inv_2)
                                                         _0199_ (net)
                      0.024105    0.000000    2.024546 ^ _3866_/RESET_B (sky130_fd_sc_hd__dfrtp_2)
                                              2.024546   data arrival time

                      0.000000    0.000000    0.000000   clock clk (rise edge)
                                  0.000000    0.000000   clock network delay (ideal)
                                  0.000000    0.000000   clock reconvergence pessimism
                                              0.000000 ^ _3866_/CLK (sky130_fd_sc_hd__dfrtp_2)
                                  0.302168    0.302168   library removal time
                                              0.302168   data required time
---------------------------------------------------------------------------------------------
                                              0.302168   data required time
                                             -2.024546   data arrival time
---------------------------------------------------------------------------------------------
                                              1.722378   slack (MET)


Startpoint: rst (input port clocked by clk)
Endpoint: _3867_ (removal check against rising-edge clock clk)
Path Group: asynchronous
Path Type: min

Fanout         Cap        Slew       Delay        Time   Description
---------------------------------------------------------------------------------------------
                      0.000000    0.000000    0.000000   clock clk (rise edge)
                                  0.000000    0.000000   clock network delay (ideal)
                                  2.000000    2.000000 v input external delay
   213    0.910787    0.000000    0.000000    2.000000 v rst (in)
                                                         rst (net)
                      0.000000    0.000000    2.000000 v _2165_/A (sky130_fd_sc_hd__inv_2)
     1    0.003612    0.024105    0.024546    2.024546 ^ _2165_/Y (sky130_fd_sc_hd__inv_2)
                                                         _0200_ (net)
                      0.024105    0.000000    2.024546 ^ _3867_/RESET_B (sky130_fd_sc_hd__dfrtp_2)
                                              2.024546   data arrival time

                      0.000000    0.000000    0.000000   clock clk (rise edge)
                                  0.000000    0.000000   clock network delay (ideal)
                                  0.000000    0.000000   clock reconvergence pessimism
                                              0.000000 ^ _3867_/CLK (sky130_fd_sc_hd__dfrtp_2)
                                  0.302168    0.302168   library removal time
                                              0.302168   data required time
---------------------------------------------------------------------------------------------
                                              0.302168   data required time
                                             -2.024546   data arrival time
---------------------------------------------------------------------------------------------
                                              1.722378   slack (MET)


Startpoint: rst (input port clocked by clk)
Endpoint: _3868_ (removal check against rising-edge clock clk)
Path Group: asynchronous
Path Type: min

Fanout         Cap        Slew       Delay        Time   Description
---------------------------------------------------------------------------------------------
                      0.000000    0.000000    0.000000   clock clk (rise edge)
                                  0.000000    0.000000   clock network delay (ideal)
                                  2.000000    2.000000 v input external delay
   213    0.910787    0.000000    0.000000    2.000000 v rst (in)
                                                         rst (net)
                      0.000000    0.000000    2.000000 v _2166_/A (sky130_fd_sc_hd__inv_2)
     1    0.003612    0.024105    0.024546    2.024546 ^ _2166_/Y (sky130_fd_sc_hd__inv_2)
                                                         _0201_ (net)
                      0.024105    0.000000    2.024546 ^ _3868_/RESET_B (sky130_fd_sc_hd__dfrtp_2)
                                              2.024546   data arrival time

                      0.000000    0.000000    0.000000   clock clk (rise edge)
                                  0.000000    0.000000   clock network delay (ideal)
                                  0.000000    0.000000   clock reconvergence pessimism
                                              0.000000 ^ _3868_/CLK (sky130_fd_sc_hd__dfrtp_2)
                                  0.302168    0.302168   library removal time
                                              0.302168   data required time
---------------------------------------------------------------------------------------------
                                              0.302168   data required time
                                             -2.024546   data arrival time
---------------------------------------------------------------------------------------------
                                              1.722378   slack (MET)


Startpoint: rst (input port clocked by clk)
Endpoint: _3869_ (removal check against rising-edge clock clk)
Path Group: asynchronous
Path Type: min

Fanout         Cap        Slew       Delay        Time   Description
---------------------------------------------------------------------------------------------
                      0.000000    0.000000    0.000000   clock clk (rise edge)
                                  0.000000    0.000000   clock network delay (ideal)
                                  2.000000    2.000000 v input external delay
   213    0.910787    0.000000    0.000000    2.000000 v rst (in)
                                                         rst (net)
                      0.000000    0.000000    2.000000 v _2167_/A (sky130_fd_sc_hd__inv_2)
     1    0.003612    0.024105    0.024546    2.024546 ^ _2167_/Y (sky130_fd_sc_hd__inv_2)
                                                         _0202_ (net)
                      0.024105    0.000000    2.024546 ^ _3869_/RESET_B (sky130_fd_sc_hd__dfrtp_2)
                                              2.024546   data arrival time

                      0.000000    0.000000    0.000000   clock clk (rise edge)
                                  0.000000    0.000000   clock network delay (ideal)
                                  0.000000    0.000000   clock reconvergence pessimism
                                              0.000000 ^ _3869_/CLK (sky130_fd_sc_hd__dfrtp_2)
                                  0.302168    0.302168   library removal time
                                              0.302168   data required time
---------------------------------------------------------------------------------------------
                                              0.302168   data required time
                                             -2.024546   data arrival time
---------------------------------------------------------------------------------------------
                                              1.722378   slack (MET)


Startpoint: rst (input port clocked by clk)
Endpoint: _3870_ (removal check against rising-edge clock clk)
Path Group: asynchronous
Path Type: min

Fanout         Cap        Slew       Delay        Time   Description
---------------------------------------------------------------------------------------------
                      0.000000    0.000000    0.000000   clock clk (rise edge)
                                  0.000000    0.000000   clock network delay (ideal)
                                  2.000000    2.000000 v input external delay
   213    0.910787    0.000000    0.000000    2.000000 v rst (in)
                                                         rst (net)
                      0.000000    0.000000    2.000000 v _2168_/A (sky130_fd_sc_hd__inv_2)
     1    0.003612    0.024105    0.024546    2.024546 ^ _2168_/Y (sky130_fd_sc_hd__inv_2)
                                                         _0203_ (net)
                      0.024105    0.000000    2.024546 ^ _3870_/RESET_B (sky130_fd_sc_hd__dfrtp_2)
                                              2.024546   data arrival time

                      0.000000    0.000000    0.000000   clock clk (rise edge)
                                  0.000000    0.000000   clock network delay (ideal)
                                  0.000000    0.000000   clock reconvergence pessimism
                                              0.000000 ^ _3870_/CLK (sky130_fd_sc_hd__dfrtp_2)
                                  0.302168    0.302168   library removal time
                                              0.302168   data required time
---------------------------------------------------------------------------------------------
                                              0.302168   data required time
                                             -2.024546   data arrival time
---------------------------------------------------------------------------------------------
                                              1.722378   slack (MET)


Startpoint: rst (input port clocked by clk)
Endpoint: _3871_ (removal check against rising-edge clock clk)
Path Group: asynchronous
Path Type: min

Fanout         Cap        Slew       Delay        Time   Description
---------------------------------------------------------------------------------------------
                      0.000000    0.000000    0.000000   clock clk (rise edge)
                                  0.000000    0.000000   clock network delay (ideal)
                                  2.000000    2.000000 v input external delay
   213    0.910787    0.000000    0.000000    2.000000 v rst (in)
                                                         rst (net)
                      0.000000    0.000000    2.000000 v _2169_/A (sky130_fd_sc_hd__inv_2)
     1    0.003612    0.024105    0.024546    2.024546 ^ _2169_/Y (sky130_fd_sc_hd__inv_2)
                                                         _0204_ (net)
                      0.024105    0.000000    2.024546 ^ _3871_/RESET_B (sky130_fd_sc_hd__dfrtp_2)
                                              2.024546   data arrival time

                      0.000000    0.000000    0.000000   clock clk (rise edge)
                                  0.000000    0.000000   clock network delay (ideal)
                                  0.000000    0.000000   clock reconvergence pessimism
                                              0.000000 ^ _3871_/CLK (sky130_fd_sc_hd__dfrtp_2)
                                  0.302168    0.302168   library removal time
                                              0.302168   data required time
---------------------------------------------------------------------------------------------
                                              0.302168   data required time
                                             -2.024546   data arrival time
---------------------------------------------------------------------------------------------
                                              1.722378   slack (MET)


Startpoint: rst (input port clocked by clk)
Endpoint: _3872_ (removal check against rising-edge clock clk)
Path Group: asynchronous
Path Type: min

Fanout         Cap        Slew       Delay        Time   Description
---------------------------------------------------------------------------------------------
                      0.000000    0.000000    0.000000   clock clk (rise edge)
                                  0.000000    0.000000   clock network delay (ideal)
                                  2.000000    2.000000 v input external delay
   213    0.910787    0.000000    0.000000    2.000000 v rst (in)
                                                         rst (net)
                      0.000000    0.000000    2.000000 v _2170_/A (sky130_fd_sc_hd__inv_2)
     1    0.003612    0.024105    0.024546    2.024546 ^ _2170_/Y (sky130_fd_sc_hd__inv_2)
                                                         _0205_ (net)
                      0.024105    0.000000    2.024546 ^ _3872_/RESET_B (sky130_fd_sc_hd__dfrtp_2)
                                              2.024546   data arrival time

                      0.000000    0.000000    0.000000   clock clk (rise edge)
                                  0.000000    0.000000   clock network delay (ideal)
                                  0.000000    0.000000   clock reconvergence pessimism
                                              0.000000 ^ _3872_/CLK (sky130_fd_sc_hd__dfrtp_2)
                                  0.302168    0.302168   library removal time
                                              0.302168   data required time
---------------------------------------------------------------------------------------------
                                              0.302168   data required time
                                             -2.024546   data arrival time
---------------------------------------------------------------------------------------------
                                              1.722378   slack (MET)


Startpoint: rst (input port clocked by clk)
Endpoint: _3873_ (removal check against rising-edge clock clk)
Path Group: asynchronous
Path Type: min

Fanout         Cap        Slew       Delay        Time   Description
---------------------------------------------------------------------------------------------
                      0.000000    0.000000    0.000000   clock clk (rise edge)
                                  0.000000    0.000000   clock network delay (ideal)
                                  2.000000    2.000000 v input external delay
   213    0.910787    0.000000    0.000000    2.000000 v rst (in)
                                                         rst (net)
                      0.000000    0.000000    2.000000 v _2171_/A (sky130_fd_sc_hd__inv_2)
     1    0.003612    0.024105    0.024546    2.024546 ^ _2171_/Y (sky130_fd_sc_hd__inv_2)
                                                         _0206_ (net)
                      0.024105    0.000000    2.024546 ^ _3873_/RESET_B (sky130_fd_sc_hd__dfrtp_2)
                                              2.024546   data arrival time

                      0.000000    0.000000    0.000000   clock clk (rise edge)
                                  0.000000    0.000000   clock network delay (ideal)
                                  0.000000    0.000000   clock reconvergence pessimism
                                              0.000000 ^ _3873_/CLK (sky130_fd_sc_hd__dfrtp_2)
                                  0.302168    0.302168   library removal time
                                              0.302168   data required time
---------------------------------------------------------------------------------------------
                                              0.302168   data required time
                                             -2.024546   data arrival time
---------------------------------------------------------------------------------------------
                                              1.722378   slack (MET)


Startpoint: rst (input port clocked by clk)
Endpoint: _3874_ (removal check against rising-edge clock clk)
Path Group: asynchronous
Path Type: min

Fanout         Cap        Slew       Delay        Time   Description
---------------------------------------------------------------------------------------------
                      0.000000    0.000000    0.000000   clock clk (rise edge)
                                  0.000000    0.000000   clock network delay (ideal)
                                  2.000000    2.000000 v input external delay
   213    0.910787    0.000000    0.000000    2.000000 v rst (in)
                                                         rst (net)
                      0.000000    0.000000    2.000000 v _2172_/A (sky130_fd_sc_hd__inv_2)
     1    0.003612    0.024105    0.024546    2.024546 ^ _2172_/Y (sky130_fd_sc_hd__inv_2)
                                                         _0207_ (net)
                      0.024105    0.000000    2.024546 ^ _3874_/RESET_B (sky130_fd_sc_hd__dfrtp_2)
                                              2.024546   data arrival time

                      0.000000    0.000000    0.000000   clock clk (rise edge)
                                  0.000000    0.000000   clock network delay (ideal)
                                  0.000000    0.000000   clock reconvergence pessimism
                                              0.000000 ^ _3874_/CLK (sky130_fd_sc_hd__dfrtp_2)
                                  0.302168    0.302168   library removal time
                                              0.302168   data required time
---------------------------------------------------------------------------------------------
                                              0.302168   data required time
                                             -2.024546   data arrival time
---------------------------------------------------------------------------------------------
                                              1.722378   slack (MET)


Startpoint: rst (input port clocked by clk)
Endpoint: _3875_ (removal check against rising-edge clock clk)
Path Group: asynchronous
Path Type: min

Fanout         Cap        Slew       Delay        Time   Description
---------------------------------------------------------------------------------------------
                      0.000000    0.000000    0.000000   clock clk (rise edge)
                                  0.000000    0.000000   clock network delay (ideal)
                                  2.000000    2.000000 v input external delay
   213    0.910787    0.000000    0.000000    2.000000 v rst (in)
                                                         rst (net)
                      0.000000    0.000000    2.000000 v _2173_/A (sky130_fd_sc_hd__inv_2)
     1    0.003612    0.024105    0.024546    2.024546 ^ _2173_/Y (sky130_fd_sc_hd__inv_2)
                                                         _0208_ (net)
                      0.024105    0.000000    2.024546 ^ _3875_/RESET_B (sky130_fd_sc_hd__dfrtp_2)
                                              2.024546   data arrival time

                      0.000000    0.000000    0.000000   clock clk (rise edge)
                                  0.000000    0.000000   clock network delay (ideal)
                                  0.000000    0.000000   clock reconvergence pessimism
                                              0.000000 ^ _3875_/CLK (sky130_fd_sc_hd__dfrtp_2)
                                  0.302168    0.302168   library removal time
                                              0.302168   data required time
---------------------------------------------------------------------------------------------
                                              0.302168   data required time
                                             -2.024546   data arrival time
---------------------------------------------------------------------------------------------
                                              1.722378   slack (MET)


Startpoint: rst (input port clocked by clk)
Endpoint: _3876_ (removal check against rising-edge clock clk)
Path Group: asynchronous
Path Type: min

Fanout         Cap        Slew       Delay        Time   Description
---------------------------------------------------------------------------------------------
                      0.000000    0.000000    0.000000   clock clk (rise edge)
                                  0.000000    0.000000   clock network delay (ideal)
                                  2.000000    2.000000 v input external delay
   213    0.910787    0.000000    0.000000    2.000000 v rst (in)
                                                         rst (net)
                      0.000000    0.000000    2.000000 v _2174_/A (sky130_fd_sc_hd__inv_2)
     1    0.003612    0.024105    0.024546    2.024546 ^ _2174_/Y (sky130_fd_sc_hd__inv_2)
                                                         _0209_ (net)
                      0.024105    0.000000    2.024546 ^ _3876_/RESET_B (sky130_fd_sc_hd__dfrtp_2)
                                              2.024546   data arrival time

                      0.000000    0.000000    0.000000   clock clk (rise edge)
                                  0.000000    0.000000   clock network delay (ideal)
                                  0.000000    0.000000   clock reconvergence pessimism
                                              0.000000 ^ _3876_/CLK (sky130_fd_sc_hd__dfrtp_2)
                                  0.302168    0.302168   library removal time
                                              0.302168   data required time
---------------------------------------------------------------------------------------------
                                              0.302168   data required time
                                             -2.024546   data arrival time
---------------------------------------------------------------------------------------------
                                              1.722378   slack (MET)


Startpoint: rst (input port clocked by clk)
Endpoint: _3877_ (removal check against rising-edge clock clk)
Path Group: asynchronous
Path Type: min

Fanout         Cap        Slew       Delay        Time   Description
---------------------------------------------------------------------------------------------
                      0.000000    0.000000    0.000000   clock clk (rise edge)
                                  0.000000    0.000000   clock network delay (ideal)
                                  2.000000    2.000000 v input external delay
   213    0.910787    0.000000    0.000000    2.000000 v rst (in)
                                                         rst (net)
                      0.000000    0.000000    2.000000 v _2175_/A (sky130_fd_sc_hd__inv_2)
     1    0.003612    0.024105    0.024546    2.024546 ^ _2175_/Y (sky130_fd_sc_hd__inv_2)
                                                         _0210_ (net)
                      0.024105    0.000000    2.024546 ^ _3877_/RESET_B (sky130_fd_sc_hd__dfrtp_2)
                                              2.024546   data arrival time

                      0.000000    0.000000    0.000000   clock clk (rise edge)
                                  0.000000    0.000000   clock network delay (ideal)
                                  0.000000    0.000000   clock reconvergence pessimism
                                              0.000000 ^ _3877_/CLK (sky130_fd_sc_hd__dfrtp_2)
                                  0.302168    0.302168   library removal time
                                              0.302168   data required time
---------------------------------------------------------------------------------------------
                                              0.302168   data required time
                                             -2.024546   data arrival time
---------------------------------------------------------------------------------------------
                                              1.722378   slack (MET)


Startpoint: rst (input port clocked by clk)
Endpoint: _3878_ (removal check against rising-edge clock clk)
Path Group: asynchronous
Path Type: min

Fanout         Cap        Slew       Delay        Time   Description
---------------------------------------------------------------------------------------------
                      0.000000    0.000000    0.000000   clock clk (rise edge)
                                  0.000000    0.000000   clock network delay (ideal)
                                  2.000000    2.000000 v input external delay
   213    0.910787    0.000000    0.000000    2.000000 v rst (in)
                                                         rst (net)
                      0.000000    0.000000    2.000000 v _2176_/A (sky130_fd_sc_hd__inv_2)
     1    0.003612    0.024105    0.024546    2.024546 ^ _2176_/Y (sky130_fd_sc_hd__inv_2)
                                                         _0211_ (net)
                      0.024105    0.000000    2.024546 ^ _3878_/RESET_B (sky130_fd_sc_hd__dfrtp_2)
                                              2.024546   data arrival time

                      0.000000    0.000000    0.000000   clock clk (rise edge)
                                  0.000000    0.000000   clock network delay (ideal)
                                  0.000000    0.000000   clock reconvergence pessimism
                                              0.000000 ^ _3878_/CLK (sky130_fd_sc_hd__dfrtp_2)
                                  0.302168    0.302168   library removal time
                                              0.302168   data required time
---------------------------------------------------------------------------------------------
                                              0.302168   data required time
                                             -2.024546   data arrival time
---------------------------------------------------------------------------------------------
                                              1.722378   slack (MET)


Startpoint: rst (input port clocked by clk)
Endpoint: _3879_ (removal check against rising-edge clock clk)
Path Group: asynchronous
Path Type: min

Fanout         Cap        Slew       Delay        Time   Description
---------------------------------------------------------------------------------------------
                      0.000000    0.000000    0.000000   clock clk (rise edge)
                                  0.000000    0.000000   clock network delay (ideal)
                                  2.000000    2.000000 v input external delay
   213    0.910787    0.000000    0.000000    2.000000 v rst (in)
                                                         rst (net)
                      0.000000    0.000000    2.000000 v _2177_/A (sky130_fd_sc_hd__inv_2)
     1    0.003612    0.024105    0.024546    2.024546 ^ _2177_/Y (sky130_fd_sc_hd__inv_2)
                                                         _0212_ (net)
                      0.024105    0.000000    2.024546 ^ _3879_/RESET_B (sky130_fd_sc_hd__dfrtp_2)
                                              2.024546   data arrival time

                      0.000000    0.000000    0.000000   clock clk (rise edge)
                                  0.000000    0.000000   clock network delay (ideal)
                                  0.000000    0.000000   clock reconvergence pessimism
                                              0.000000 ^ _3879_/CLK (sky130_fd_sc_hd__dfrtp_2)
                                  0.302168    0.302168   library removal time
                                              0.302168   data required time
---------------------------------------------------------------------------------------------
                                              0.302168   data required time
                                             -2.024546   data arrival time
---------------------------------------------------------------------------------------------
                                              1.722378   slack (MET)


Startpoint: _3880_ (rising edge-triggered flip-flop clocked by clk)
Endpoint: ACC_OUT[0] (output port clocked by clk)
Path Group: clk
Path Type: min

Fanout         Cap        Slew       Delay        Time   Description
---------------------------------------------------------------------------------------------
                      0.000000    0.000000    0.000000   clock clk (rise edge)
                                  0.000000    0.000000   clock network delay (ideal)
                      0.000000    0.000000    0.000000 ^ _3880_/CLK (sky130_fd_sc_hd__dfxtp_2)
     3    0.003413    0.024853    0.287611    0.287611 v _3880_/Q (sky130_fd_sc_hd__dfxtp_2)
                                                         ACC_OUT[0] (net)
                      0.024853    0.000000    0.287611 v ACC_OUT[0] (out)
                                              0.287611   data arrival time

                      0.000000    0.000000    0.000000   clock clk (rise edge)
                                  0.000000    0.000000   clock network delay (ideal)
                                  0.000000    0.000000   clock reconvergence pessimism
                                 -2.000000   -2.000000   output external delay
                                             -2.000000   data required time
---------------------------------------------------------------------------------------------
                                             -2.000000   data required time
                                             -0.287611   data arrival time
---------------------------------------------------------------------------------------------
                                              2.287611   slack (MET)


Startpoint: _3890_ (rising edge-triggered flip-flop clocked by clk)
Endpoint: ACC_OUT[10] (output port clocked by clk)
Path Group: clk
Path Type: min

Fanout         Cap        Slew       Delay        Time   Description
---------------------------------------------------------------------------------------------
                      0.000000    0.000000    0.000000   clock clk (rise edge)
                                  0.000000    0.000000   clock network delay (ideal)
                      0.000000    0.000000    0.000000 ^ _3890_/CLK (sky130_fd_sc_hd__dfxtp_2)
     3    0.003413    0.024853    0.287611    0.287611 v _3890_/Q (sky130_fd_sc_hd__dfxtp_2)
                                                         ACC_OUT[10] (net)
                      0.024853    0.000000    0.287611 v ACC_OUT[10] (out)
                                              0.287611   data arrival time

                      0.000000    0.000000    0.000000   clock clk (rise edge)
                                  0.000000    0.000000   clock network delay (ideal)
                                  0.000000    0.000000   clock reconvergence pessimism
                                 -2.000000   -2.000000   output external delay
                                             -2.000000   data required time
---------------------------------------------------------------------------------------------
                                             -2.000000   data required time
                                             -0.287611   data arrival time
---------------------------------------------------------------------------------------------
                                              2.287611   slack (MET)


Startpoint: _3891_ (rising edge-triggered flip-flop clocked by clk)
Endpoint: ACC_OUT[11] (output port clocked by clk)
Path Group: clk
Path Type: min

Fanout         Cap        Slew       Delay        Time   Description
---------------------------------------------------------------------------------------------
                      0.000000    0.000000    0.000000   clock clk (rise edge)
                                  0.000000    0.000000   clock network delay (ideal)
                      0.000000    0.000000    0.000000 ^ _3891_/CLK (sky130_fd_sc_hd__dfxtp_2)
     3    0.003413    0.024853    0.287611    0.287611 v _3891_/Q (sky130_fd_sc_hd__dfxtp_2)
                                                         ACC_OUT[11] (net)
                      0.024853    0.000000    0.287611 v ACC_OUT[11] (out)
                                              0.287611   data arrival time

                      0.000000    0.000000    0.000000   clock clk (rise edge)
                                  0.000000    0.000000   clock network delay (ideal)
                                  0.000000    0.000000   clock reconvergence pessimism
                                 -2.000000   -2.000000   output external delay
                                             -2.000000   data required time
---------------------------------------------------------------------------------------------
                                             -2.000000   data required time
                                             -0.287611   data arrival time
---------------------------------------------------------------------------------------------
                                              2.287611   slack (MET)


Startpoint: _3892_ (rising edge-triggered flip-flop clocked by clk)
Endpoint: ACC_OUT[12] (output port clocked by clk)
Path Group: clk
Path Type: min

Fanout         Cap        Slew       Delay        Time   Description
---------------------------------------------------------------------------------------------
                      0.000000    0.000000    0.000000   clock clk (rise edge)
                                  0.000000    0.000000   clock network delay (ideal)
                      0.000000    0.000000    0.000000 ^ _3892_/CLK (sky130_fd_sc_hd__dfxtp_2)
     3    0.003413    0.024853    0.287611    0.287611 v _3892_/Q (sky130_fd_sc_hd__dfxtp_2)
                                                         ACC_OUT[12] (net)
                      0.024853    0.000000    0.287611 v ACC_OUT[12] (out)
                                              0.287611   data arrival time

                      0.000000    0.000000    0.000000   clock clk (rise edge)
                                  0.000000    0.000000   clock network delay (ideal)
                                  0.000000    0.000000   clock reconvergence pessimism
                                 -2.000000   -2.000000   output external delay
                                             -2.000000   data required time
---------------------------------------------------------------------------------------------
                                             -2.000000   data required time
                                             -0.287611   data arrival time
---------------------------------------------------------------------------------------------
                                              2.287611   slack (MET)


Startpoint: _3893_ (rising edge-triggered flip-flop clocked by clk)
Endpoint: ACC_OUT[13] (output port clocked by clk)
Path Group: clk
Path Type: min

Fanout         Cap        Slew       Delay        Time   Description
---------------------------------------------------------------------------------------------
                      0.000000    0.000000    0.000000   clock clk (rise edge)
                                  0.000000    0.000000   clock network delay (ideal)
                      0.000000    0.000000    0.000000 ^ _3893_/CLK (sky130_fd_sc_hd__dfxtp_2)
     3    0.003413    0.024853    0.287611    0.287611 v _3893_/Q (sky130_fd_sc_hd__dfxtp_2)
                                                         ACC_OUT[13] (net)
                      0.024853    0.000000    0.287611 v ACC_OUT[13] (out)
                                              0.287611   data arrival time

                      0.000000    0.000000    0.000000   clock clk (rise edge)
                                  0.000000    0.000000   clock network delay (ideal)
                                  0.000000    0.000000   clock reconvergence pessimism
                                 -2.000000   -2.000000   output external delay
                                             -2.000000   data required time
---------------------------------------------------------------------------------------------
                                             -2.000000   data required time
                                             -0.287611   data arrival time
---------------------------------------------------------------------------------------------
                                              2.287611   slack (MET)


Startpoint: _3894_ (rising edge-triggered flip-flop clocked by clk)
Endpoint: ACC_OUT[14] (output port clocked by clk)
Path Group: clk
Path Type: min

Fanout         Cap        Slew       Delay        Time   Description
---------------------------------------------------------------------------------------------
                      0.000000    0.000000    0.000000   clock clk (rise edge)
                                  0.000000    0.000000   clock network delay (ideal)
                      0.000000    0.000000    0.000000 ^ _3894_/CLK (sky130_fd_sc_hd__dfxtp_2)
     3    0.003413    0.024853    0.287611    0.287611 v _3894_/Q (sky130_fd_sc_hd__dfxtp_2)
                                                         ACC_OUT[14] (net)
                      0.024853    0.000000    0.287611 v ACC_OUT[14] (out)
                                              0.287611   data arrival time

                      0.000000    0.000000    0.000000   clock clk (rise edge)
                                  0.000000    0.000000   clock network delay (ideal)
                                  0.000000    0.000000   clock reconvergence pessimism
                                 -2.000000   -2.000000   output external delay
                                             -2.000000   data required time
---------------------------------------------------------------------------------------------
                                             -2.000000   data required time
                                             -0.287611   data arrival time
---------------------------------------------------------------------------------------------
                                              2.287611   slack (MET)


Startpoint: _3895_ (rising edge-triggered flip-flop clocked by clk)
Endpoint: ACC_OUT[15] (output port clocked by clk)
Path Group: clk
Path Type: min

Fanout         Cap        Slew       Delay        Time   Description
---------------------------------------------------------------------------------------------
                      0.000000    0.000000    0.000000   clock clk (rise edge)
                                  0.000000    0.000000   clock network delay (ideal)
                      0.000000    0.000000    0.000000 ^ _3895_/CLK (sky130_fd_sc_hd__dfxtp_2)
     3    0.003413    0.024853    0.287611    0.287611 v _3895_/Q (sky130_fd_sc_hd__dfxtp_2)
                                                         ACC_OUT[15] (net)
                      0.024853    0.000000    0.287611 v ACC_OUT[15] (out)
                                              0.287611   data arrival time

                      0.000000    0.000000    0.000000   clock clk (rise edge)
                                  0.000000    0.000000   clock network delay (ideal)
                                  0.000000    0.000000   clock reconvergence pessimism
                                 -2.000000   -2.000000   output external delay
                                             -2.000000   data required time
---------------------------------------------------------------------------------------------
                                             -2.000000   data required time
                                             -0.287611   data arrival time
---------------------------------------------------------------------------------------------
                                              2.287611   slack (MET)


Startpoint: _3881_ (rising edge-triggered flip-flop clocked by clk)
Endpoint: ACC_OUT[1] (output port clocked by clk)
Path Group: clk
Path Type: min

Fanout         Cap        Slew       Delay        Time   Description
---------------------------------------------------------------------------------------------
                      0.000000    0.000000    0.000000   clock clk (rise edge)
                                  0.000000    0.000000   clock network delay (ideal)
                      0.000000    0.000000    0.000000 ^ _3881_/CLK (sky130_fd_sc_hd__dfxtp_2)
     3    0.003413    0.024853    0.287611    0.287611 v _3881_/Q (sky130_fd_sc_hd__dfxtp_2)
                                                         ACC_OUT[1] (net)
                      0.024853    0.000000    0.287611 v ACC_OUT[1] (out)
                                              0.287611   data arrival time

                      0.000000    0.000000    0.000000   clock clk (rise edge)
                                  0.000000    0.000000   clock network delay (ideal)
                                  0.000000    0.000000   clock reconvergence pessimism
                                 -2.000000   -2.000000   output external delay
                                             -2.000000   data required time
---------------------------------------------------------------------------------------------
                                             -2.000000   data required time
                                             -0.287611   data arrival time
---------------------------------------------------------------------------------------------
                                              2.287611   slack (MET)


Startpoint: _3882_ (rising edge-triggered flip-flop clocked by clk)
Endpoint: ACC_OUT[2] (output port clocked by clk)
Path Group: clk
Path Type: min

Fanout         Cap        Slew       Delay        Time   Description
---------------------------------------------------------------------------------------------
                      0.000000    0.000000    0.000000   clock clk (rise edge)
                                  0.000000    0.000000   clock network delay (ideal)
                      0.000000    0.000000    0.000000 ^ _3882_/CLK (sky130_fd_sc_hd__dfxtp_2)
     3    0.003413    0.024853    0.287611    0.287611 v _3882_/Q (sky130_fd_sc_hd__dfxtp_2)
                                                         ACC_OUT[2] (net)
                      0.024853    0.000000    0.287611 v ACC_OUT[2] (out)
                                              0.287611   data arrival time

                      0.000000    0.000000    0.000000   clock clk (rise edge)
                                  0.000000    0.000000   clock network delay (ideal)
                                  0.000000    0.000000   clock reconvergence pessimism
                                 -2.000000   -2.000000   output external delay
                                             -2.000000   data required time
---------------------------------------------------------------------------------------------
                                             -2.000000   data required time
                                             -0.287611   data arrival time
---------------------------------------------------------------------------------------------
                                              2.287611   slack (MET)


Startpoint: _3883_ (rising edge-triggered flip-flop clocked by clk)
Endpoint: ACC_OUT[3] (output port clocked by clk)
Path Group: clk
Path Type: min

Fanout         Cap        Slew       Delay        Time   Description
---------------------------------------------------------------------------------------------
                      0.000000    0.000000    0.000000   clock clk (rise edge)
                                  0.000000    0.000000   clock network delay (ideal)
                      0.000000    0.000000    0.000000 ^ _3883_/CLK (sky130_fd_sc_hd__dfxtp_2)
     3    0.003413    0.024853    0.287611    0.287611 v _3883_/Q (sky130_fd_sc_hd__dfxtp_2)
                                                         ACC_OUT[3] (net)
                      0.024853    0.000000    0.287611 v ACC_OUT[3] (out)
                                              0.287611   data arrival time

                      0.000000    0.000000    0.000000   clock clk (rise edge)
                                  0.000000    0.000000   clock network delay (ideal)
                                  0.000000    0.000000   clock reconvergence pessimism
                                 -2.000000   -2.000000   output external delay
                                             -2.000000   data required time
---------------------------------------------------------------------------------------------
                                             -2.000000   data required time
                                             -0.287611   data arrival time
---------------------------------------------------------------------------------------------
                                              2.287611   slack (MET)


Startpoint: _3884_ (rising edge-triggered flip-flop clocked by clk)
Endpoint: ACC_OUT[4] (output port clocked by clk)
Path Group: clk
Path Type: min

Fanout         Cap        Slew       Delay        Time   Description
---------------------------------------------------------------------------------------------
                      0.000000    0.000000    0.000000   clock clk (rise edge)
                                  0.000000    0.000000   clock network delay (ideal)
                      0.000000    0.000000    0.000000 ^ _3884_/CLK (sky130_fd_sc_hd__dfxtp_2)
     3    0.003413    0.024853    0.287611    0.287611 v _3884_/Q (sky130_fd_sc_hd__dfxtp_2)
                                                         ACC_OUT[4] (net)
                      0.024853    0.000000    0.287611 v ACC_OUT[4] (out)
                                              0.287611   data arrival time

                      0.000000    0.000000    0.000000   clock clk (rise edge)
                                  0.000000    0.000000   clock network delay (ideal)
                                  0.000000    0.000000   clock reconvergence pessimism
                                 -2.000000   -2.000000   output external delay
                                             -2.000000   data required time
---------------------------------------------------------------------------------------------
                                             -2.000000   data required time
                                             -0.287611   data arrival time
---------------------------------------------------------------------------------------------
                                              2.287611   slack (MET)


Startpoint: _3885_ (rising edge-triggered flip-flop clocked by clk)
Endpoint: ACC_OUT[5] (output port clocked by clk)
Path Group: clk
Path Type: min

Fanout         Cap        Slew       Delay        Time   Description
---------------------------------------------------------------------------------------------
                      0.000000    0.000000    0.000000   clock clk (rise edge)
                                  0.000000    0.000000   clock network delay (ideal)
                      0.000000    0.000000    0.000000 ^ _3885_/CLK (sky130_fd_sc_hd__dfxtp_2)
     3    0.003413    0.024853    0.287611    0.287611 v _3885_/Q (sky130_fd_sc_hd__dfxtp_2)
                                                         ACC_OUT[5] (net)
                      0.024853    0.000000    0.287611 v ACC_OUT[5] (out)
                                              0.287611   data arrival time

                      0.000000    0.000000    0.000000   clock clk (rise edge)
                                  0.000000    0.000000   clock network delay (ideal)
                                  0.000000    0.000000   clock reconvergence pessimism
                                 -2.000000   -2.000000   output external delay
                                             -2.000000   data required time
---------------------------------------------------------------------------------------------
                                             -2.000000   data required time
                                             -0.287611   data arrival time
---------------------------------------------------------------------------------------------
                                              2.287611   slack (MET)


Startpoint: _3886_ (rising edge-triggered flip-flop clocked by clk)
Endpoint: ACC_OUT[6] (output port clocked by clk)
Path Group: clk
Path Type: min

Fanout         Cap        Slew       Delay        Time   Description
---------------------------------------------------------------------------------------------
                      0.000000    0.000000    0.000000   clock clk (rise edge)
                                  0.000000    0.000000   clock network delay (ideal)
                      0.000000    0.000000    0.000000 ^ _3886_/CLK (sky130_fd_sc_hd__dfxtp_2)
     3    0.003413    0.024853    0.287611    0.287611 v _3886_/Q (sky130_fd_sc_hd__dfxtp_2)
                                                         ACC_OUT[6] (net)
                      0.024853    0.000000    0.287611 v ACC_OUT[6] (out)
                                              0.287611   data arrival time

                      0.000000    0.000000    0.000000   clock clk (rise edge)
                                  0.000000    0.000000   clock network delay (ideal)
                                  0.000000    0.000000   clock reconvergence pessimism
                                 -2.000000   -2.000000   output external delay
                                             -2.000000   data required time
---------------------------------------------------------------------------------------------
                                             -2.000000   data required time
                                             -0.287611   data arrival time
---------------------------------------------------------------------------------------------
                                              2.287611   slack (MET)


Startpoint: _3887_ (rising edge-triggered flip-flop clocked by clk)
Endpoint: ACC_OUT[7] (output port clocked by clk)
Path Group: clk
Path Type: min

Fanout         Cap        Slew       Delay        Time   Description
---------------------------------------------------------------------------------------------
                      0.000000    0.000000    0.000000   clock clk (rise edge)
                                  0.000000    0.000000   clock network delay (ideal)
                      0.000000    0.000000    0.000000 ^ _3887_/CLK (sky130_fd_sc_hd__dfxtp_2)
     3    0.003413    0.024853    0.287611    0.287611 v _3887_/Q (sky130_fd_sc_hd__dfxtp_2)
                                                         ACC_OUT[7] (net)
                      0.024853    0.000000    0.287611 v ACC_OUT[7] (out)
                                              0.287611   data arrival time

                      0.000000    0.000000    0.000000   clock clk (rise edge)
                                  0.000000    0.000000   clock network delay (ideal)
                                  0.000000    0.000000   clock reconvergence pessimism
                                 -2.000000   -2.000000   output external delay
                                             -2.000000   data required time
---------------------------------------------------------------------------------------------
                                             -2.000000   data required time
                                             -0.287611   data arrival time
---------------------------------------------------------------------------------------------
                                              2.287611   slack (MET)


Startpoint: _3888_ (rising edge-triggered flip-flop clocked by clk)
Endpoint: ACC_OUT[8] (output port clocked by clk)
Path Group: clk
Path Type: min

Fanout         Cap        Slew       Delay        Time   Description
---------------------------------------------------------------------------------------------
                      0.000000    0.000000    0.000000   clock clk (rise edge)
                                  0.000000    0.000000   clock network delay (ideal)
                      0.000000    0.000000    0.000000 ^ _3888_/CLK (sky130_fd_sc_hd__dfxtp_2)
     3    0.003413    0.024853    0.287611    0.287611 v _3888_/Q (sky130_fd_sc_hd__dfxtp_2)
                                                         ACC_OUT[8] (net)
                      0.024853    0.000000    0.287611 v ACC_OUT[8] (out)
                                              0.287611   data arrival time

                      0.000000    0.000000    0.000000   clock clk (rise edge)
                                  0.000000    0.000000   clock network delay (ideal)
                                  0.000000    0.000000   clock reconvergence pessimism
                                 -2.000000   -2.000000   output external delay
                                             -2.000000   data required time
---------------------------------------------------------------------------------------------
                                             -2.000000   data required time
                                             -0.287611   data arrival time
---------------------------------------------------------------------------------------------
                                              2.287611   slack (MET)


Startpoint: _3889_ (rising edge-triggered flip-flop clocked by clk)
Endpoint: ACC_OUT[9] (output port clocked by clk)
Path Group: clk
Path Type: min

Fanout         Cap        Slew       Delay        Time   Description
---------------------------------------------------------------------------------------------
                      0.000000    0.000000    0.000000   clock clk (rise edge)
                                  0.000000    0.000000   clock network delay (ideal)
                      0.000000    0.000000    0.000000 ^ _3889_/CLK (sky130_fd_sc_hd__dfxtp_2)
     3    0.003413    0.024853    0.287611    0.287611 v _3889_/Q (sky130_fd_sc_hd__dfxtp_2)
                                                         ACC_OUT[9] (net)
                      0.024853    0.000000    0.287611 v ACC_OUT[9] (out)
                                              0.287611   data arrival time

                      0.000000    0.000000    0.000000   clock clk (rise edge)
                                  0.000000    0.000000   clock network delay (ideal)
                                  0.000000    0.000000   clock reconvergence pessimism
                                 -2.000000   -2.000000   output external delay
                                             -2.000000   data required time
---------------------------------------------------------------------------------------------
                                             -2.000000   data required time
                                             -0.287611   data arrival time
---------------------------------------------------------------------------------------------
                                              2.287611   slack (MET)


Startpoint: _3669_ (rising edge-triggered flip-flop clocked by clk)
Endpoint: ready (output port clocked by clk)
Path Group: clk
Path Type: min

Fanout         Cap        Slew       Delay        Time   Description
---------------------------------------------------------------------------------------------
                      0.000000    0.000000    0.000000   clock clk (rise edge)
                                  0.000000    0.000000   clock network delay (ideal)
                      0.000000    0.000000    0.000000 ^ _3669_/CLK (sky130_fd_sc_hd__dfrtp_2)
     6    0.016399    0.098417    0.372040    0.372040 ^ _3669_/Q (sky130_fd_sc_hd__dfrtp_2)
                                                         state[2] (net)
                      0.098417    0.000000    0.372040 ^ _1955_/C (sky130_fd_sc_hd__and3b_2)
     1    0.002191    0.040170    0.177943    0.549983 ^ _1955_/X (sky130_fd_sc_hd__and3b_2)
                                                         _1598_ (net)
                      0.040170    0.000000    0.549983 ^ _1956_/A (sky130_fd_sc_hd__buf_1)
     1    0.000000    0.014617    0.055247    0.605230 ^ _1956_/X (sky130_fd_sc_hd__buf_1)
                                                         ready (net)
                      0.014617    0.000000    0.605230 ^ ready (out)
                                              0.605230   data arrival time

                      0.000000    0.000000    0.000000   clock clk (rise edge)
                                  0.000000    0.000000   clock network delay (ideal)
                                  0.000000    0.000000   clock reconvergence pessimism
                                 -2.000000   -2.000000   output external delay
                                             -2.000000   data required time
---------------------------------------------------------------------------------------------
                                             -2.000000   data required time
                                             -0.605230   data arrival time
---------------------------------------------------------------------------------------------
                                              2.605230   slack (MET)



